ISO-10303-21;
HEADER;
/* Generated by software containing ST-Developer
 * from STEP Tools, Inc. (www.steptools.com) 
 */

FILE_DESCRIPTION(
/* description */ (''),
/* implementation_level */ '2;1');

FILE_NAME(
/* name */ 'SIXzero TOP .step.step',
/* time_stamp */ '2026-10-08T13:54:26+13:00',
/* author */ (''),
/* organization */ (''),
/* preprocessor_version */ 'ST-DEVELOPER v20.2',
/* originating_system */ 'Autodesk Translation Framework v15.15.0.0',
/* authorisation */ '');

FILE_SCHEMA (('AUTOMOTIVE_DESIGN { 1 0 10303 214 3 1 1 }'));
ENDSEC;

DATA;
#10=MECHANICAL_DESIGN_GEOMETRIC_PRESENTATION_REPRESENTATION('',(#6841,#6842,
#6843,#6844,#6845,#6846,#6847,#6848,#6849,#6850,#6851,#6852,#6853,#6854,
#6855,#6856,#6857,#6858,#6859,#6860,#6861,#6862,#6863,#6864,#6865,#6866,
#6867,#6868,#6869,#6870,#6871,#6872,#6873,#6874,#6875,#6876,#6877,#6878,
#6879),#12423);
#11=SHAPE_REPRESENTATION_RELATIONSHIP('SRR','None',#12430,#12);
#12=ADVANCED_BREP_SHAPE_REPRESENTATION('',(#13),#12422);
#13=MANIFOLD_SOLID_BREP('Top',#7269);
#14=SPHERICAL_SURFACE('',#7474,5.);
#15=SPHERICAL_SURFACE('',#7479,5.);
#16=SPHERICAL_SURFACE('',#7483,5.);
#17=SPHERICAL_SURFACE('',#7484,5.);
#18=B_SPLINE_SURFACE_WITH_KNOTS('',2,1,((#9451,#9452),(#9453,#9454),(#9455,
#9456)),.UNSPECIFIED.,.F.,.F.,.F.,(3,3),(2,2),(0.,1.),(0.,0.05),
 .UNSPECIFIED.);
#19=B_SPLINE_SURFACE_WITH_KNOTS('',2,1,((#9475,#9476),(#9477,#9478),(#9479,
#9480)),.UNSPECIFIED.,.F.,.F.,.F.,(3,3),(2,2),(0.,1.),(0.,0.05),
 .UNSPECIFIED.);
#20=B_SPLINE_SURFACE_WITH_KNOTS('',2,1,((#9490,#9491),(#9492,#9493),(#9494,
#9495)),.UNSPECIFIED.,.F.,.F.,.F.,(3,3),(2,2),(0.,1.),(0.,0.05),
 .UNSPECIFIED.);
#21=B_SPLINE_SURFACE_WITH_KNOTS('',2,1,((#9505,#9506),(#9507,#9508),(#9509,
#9510)),.UNSPECIFIED.,.F.,.F.,.F.,(3,3),(2,2),(0.,1.),(0.,0.05),
 .UNSPECIFIED.);
#22=B_SPLINE_SURFACE_WITH_KNOTS('',2,1,((#9517,#9518),(#9519,#9520),(#9521,
#9522)),.UNSPECIFIED.,.F.,.F.,.F.,(3,3),(2,2),(0.,1.),(0.,0.05),
 .UNSPECIFIED.);
#23=B_SPLINE_SURFACE_WITH_KNOTS('',2,1,((#9535,#9536),(#9537,#9538),(#9539,
#9540)),.UNSPECIFIED.,.F.,.F.,.F.,(3,3),(2,2),(0.,1.),(0.,0.05),
 .UNSPECIFIED.);
#24=B_SPLINE_SURFACE_WITH_KNOTS('',2,1,((#9550,#9551),(#9552,#9553),(#9554,
#9555)),.UNSPECIFIED.,.F.,.F.,.F.,(3,3),(2,2),(0.,1.),(0.,0.05),
 .UNSPECIFIED.);
#25=B_SPLINE_SURFACE_WITH_KNOTS('',2,1,((#9565,#9566),(#9567,#9568),(#9569,
#9570)),.UNSPECIFIED.,.F.,.F.,.F.,(3,3),(2,2),(0.,1.),(0.,0.05),
 .UNSPECIFIED.);
#26=B_SPLINE_SURFACE_WITH_KNOTS('',2,1,((#9580,#9581),(#9582,#9583),(#9584,
#9585)),.UNSPECIFIED.,.F.,.F.,.F.,(3,3),(2,2),(0.,1.),(0.,0.05),
 .UNSPECIFIED.);
#27=B_SPLINE_SURFACE_WITH_KNOTS('',2,1,((#9595,#9596),(#9597,#9598),(#9599,
#9600)),.UNSPECIFIED.,.F.,.F.,.F.,(3,3),(2,2),(0.,1.),(0.,0.05),
 .UNSPECIFIED.);
#28=B_SPLINE_SURFACE_WITH_KNOTS('',2,1,((#9610,#9611),(#9612,#9613),(#9614,
#9615)),.UNSPECIFIED.,.F.,.F.,.F.,(3,3),(2,2),(0.,1.),(0.,0.05),
 .UNSPECIFIED.);
#29=B_SPLINE_SURFACE_WITH_KNOTS('',2,1,((#9631,#9632),(#9633,#9634),(#9635,
#9636)),.UNSPECIFIED.,.F.,.F.,.F.,(3,3),(2,2),(0.,1.),(0.,0.05),
 .UNSPECIFIED.);
#30=B_SPLINE_SURFACE_WITH_KNOTS('',2,1,((#9646,#9647),(#9648,#9649),(#9650,
#9651)),.UNSPECIFIED.,.F.,.F.,.F.,(3,3),(2,2),(0.,1.),(0.,0.05),
 .UNSPECIFIED.);
#31=B_SPLINE_SURFACE_WITH_KNOTS('',2,1,((#9661,#9662),(#9663,#9664),(#9665,
#9666)),.UNSPECIFIED.,.F.,.F.,.F.,(3,3),(2,2),(0.,1.),(0.,0.05),
 .UNSPECIFIED.);
#32=B_SPLINE_SURFACE_WITH_KNOTS('',2,1,((#9676,#9677),(#9678,#9679),(#9680,
#9681)),.UNSPECIFIED.,.F.,.F.,.F.,(3,3),(2,2),(0.,1.),(0.,0.05),
 .UNSPECIFIED.);
#33=B_SPLINE_SURFACE_WITH_KNOTS('',2,1,((#9703,#9704),(#9705,#9706),(#9707,
#9708)),.UNSPECIFIED.,.F.,.F.,.F.,(3,3),(2,2),(0.,1.),(0.,0.05),
 .UNSPECIFIED.);
#34=B_SPLINE_SURFACE_WITH_KNOTS('',2,1,((#9718,#9719),(#9720,#9721),(#9722,
#9723)),.UNSPECIFIED.,.F.,.F.,.F.,(3,3),(2,2),(0.,1.),(0.,0.05),
 .UNSPECIFIED.);
#35=B_SPLINE_SURFACE_WITH_KNOTS('',2,1,((#9733,#9734),(#9735,#9736),(#9737,
#9738)),.UNSPECIFIED.,.F.,.F.,.F.,(3,3),(2,2),(0.,1.),(0.,0.05),
 .UNSPECIFIED.);
#36=B_SPLINE_SURFACE_WITH_KNOTS('',2,1,((#9748,#9749),(#9750,#9751),(#9752,
#9753)),.UNSPECIFIED.,.F.,.F.,.F.,(3,3),(2,2),(0.,1.),(0.,0.05),
 .UNSPECIFIED.);
#37=B_SPLINE_SURFACE_WITH_KNOTS('',2,1,((#9761,#9762),(#9763,#9764),(#9765,
#9766)),.UNSPECIFIED.,.F.,.F.,.F.,(3,3),(2,2),(0.,1.),(0.,0.05),
 .UNSPECIFIED.);
#38=B_SPLINE_SURFACE_WITH_KNOTS('',2,1,((#9779,#9780),(#9781,#9782),(#9783,
#9784)),.UNSPECIFIED.,.F.,.F.,.F.,(3,3),(2,2),(0.,1.),(0.,0.05),
 .UNSPECIFIED.);
#39=B_SPLINE_SURFACE_WITH_KNOTS('',2,1,((#9794,#9795),(#9796,#9797),(#9798,
#9799)),.UNSPECIFIED.,.F.,.F.,.F.,(3,3),(2,2),(0.,1.),(0.,0.05),
 .UNSPECIFIED.);
#40=B_SPLINE_SURFACE_WITH_KNOTS('',2,1,((#9809,#9810),(#9811,#9812),(#9813,
#9814)),.UNSPECIFIED.,.F.,.F.,.F.,(3,3),(2,2),(0.,1.),(0.,0.05),
 .UNSPECIFIED.);
#41=B_SPLINE_SURFACE_WITH_KNOTS('',2,1,((#9824,#9825),(#9826,#9827),(#9828,
#9829)),.UNSPECIFIED.,.F.,.F.,.F.,(3,3),(2,2),(0.,1.),(0.,0.05),
 .UNSPECIFIED.);
#42=B_SPLINE_SURFACE_WITH_KNOTS('',2,1,((#9839,#9840),(#9841,#9842),(#9843,
#9844)),.UNSPECIFIED.,.F.,.F.,.F.,(3,3),(2,2),(0.,1.),(0.,0.05),
 .UNSPECIFIED.);
#43=B_SPLINE_SURFACE_WITH_KNOTS('',2,1,((#9854,#9855),(#9856,#9857),(#9858,
#9859)),.UNSPECIFIED.,.F.,.F.,.F.,(3,3),(2,2),(0.,1.),(0.,0.05),
 .UNSPECIFIED.);
#44=B_SPLINE_SURFACE_WITH_KNOTS('',2,1,((#9869,#9870),(#9871,#9872),(#9873,
#9874)),.UNSPECIFIED.,.F.,.F.,.F.,(3,3),(2,2),(0.,1.),(0.,0.05),
 .UNSPECIFIED.);
#45=B_SPLINE_SURFACE_WITH_KNOTS('',2,1,((#9884,#9885),(#9886,#9887),(#9888,
#9889)),.UNSPECIFIED.,.F.,.F.,.F.,(3,3),(2,2),(0.,1.),(0.,0.05),
 .UNSPECIFIED.);
#46=B_SPLINE_SURFACE_WITH_KNOTS('',2,1,((#9905,#9906),(#9907,#9908),(#9909,
#9910)),.UNSPECIFIED.,.F.,.F.,.F.,(3,3),(2,2),(0.,1.),(0.,0.05),
 .UNSPECIFIED.);
#47=B_SPLINE_SURFACE_WITH_KNOTS('',2,1,((#9920,#9921),(#9922,#9923),(#9924,
#9925)),.UNSPECIFIED.,.F.,.F.,.F.,(3,3),(2,2),(0.,1.),(0.,0.05),
 .UNSPECIFIED.);
#48=B_SPLINE_SURFACE_WITH_KNOTS('',2,1,((#9935,#9936),(#9937,#9938),(#9939,
#9940)),.UNSPECIFIED.,.F.,.F.,.F.,(3,3),(2,2),(0.,1.),(0.,0.05),
 .UNSPECIFIED.);
#49=B_SPLINE_SURFACE_WITH_KNOTS('',2,1,((#9950,#9951),(#9952,#9953),(#9954,
#9955)),.UNSPECIFIED.,.F.,.F.,.F.,(3,3),(2,2),(0.,1.),(0.,0.05),
 .UNSPECIFIED.);
#50=B_SPLINE_SURFACE_WITH_KNOTS('',2,1,((#9965,#9966),(#9967,#9968),(#9969,
#9970)),.UNSPECIFIED.,.F.,.F.,.F.,(3,3),(2,2),(0.,1.),(0.,0.05),
 .UNSPECIFIED.);
#51=B_SPLINE_SURFACE_WITH_KNOTS('',2,1,((#9980,#9981),(#9982,#9983),(#9984,
#9985)),.UNSPECIFIED.,.F.,.F.,.F.,(3,3),(2,2),(0.,1.),(0.,0.05),
 .UNSPECIFIED.);
#52=B_SPLINE_SURFACE_WITH_KNOTS('',2,1,((#9995,#9996),(#9997,#9998),(#9999,
#10000)),.UNSPECIFIED.,.F.,.F.,.F.,(3,3),(2,2),(0.,1.),(0.,0.05),
 .UNSPECIFIED.);
#53=B_SPLINE_SURFACE_WITH_KNOTS('',2,1,((#10010,#10011),(#10012,#10013),
(#10014,#10015)),.UNSPECIFIED.,.F.,.F.,.F.,(3,3),(2,2),(0.,1.),(0.,0.05),
 .UNSPECIFIED.);
#54=B_SPLINE_SURFACE_WITH_KNOTS('',2,1,((#10025,#10026),(#10027,#10028),
(#10029,#10030)),.UNSPECIFIED.,.F.,.F.,.F.,(3,3),(2,2),(0.,1.),(0.,0.05),
 .UNSPECIFIED.);
#55=B_SPLINE_SURFACE_WITH_KNOTS('',2,1,((#10040,#10041),(#10042,#10043),
(#10044,#10045)),.UNSPECIFIED.,.F.,.F.,.F.,(3,3),(2,2),(0.,1.),(0.,0.05),
 .UNSPECIFIED.);
#56=B_SPLINE_SURFACE_WITH_KNOTS('',2,1,((#10055,#10056),(#10057,#10058),
(#10059,#10060)),.UNSPECIFIED.,.F.,.F.,.F.,(3,3),(2,2),(0.,1.),(0.,0.05),
 .UNSPECIFIED.);
#57=B_SPLINE_SURFACE_WITH_KNOTS('',2,1,((#10070,#10071),(#10072,#10073),
(#10074,#10075)),.UNSPECIFIED.,.F.,.F.,.F.,(3,3),(2,2),(0.,1.),(0.,0.05),
 .UNSPECIFIED.);
#58=B_SPLINE_SURFACE_WITH_KNOTS('',2,1,((#10085,#10086),(#10087,#10088),
(#10089,#10090)),.UNSPECIFIED.,.F.,.F.,.F.,(3,3),(2,2),(0.,1.),(0.,0.05),
 .UNSPECIFIED.);
#59=B_SPLINE_SURFACE_WITH_KNOTS('',2,1,((#10100,#10101),(#10102,#10103),
(#10104,#10105)),.UNSPECIFIED.,.F.,.F.,.F.,(3,3),(2,2),(0.,1.),(0.,0.05),
 .UNSPECIFIED.);
#60=B_SPLINE_SURFACE_WITH_KNOTS('',2,1,((#10121,#10122),(#10123,#10124),
(#10125,#10126)),.UNSPECIFIED.,.F.,.F.,.F.,(3,3),(2,2),(0.,1.),(0.,0.05),
 .UNSPECIFIED.);
#61=B_SPLINE_SURFACE_WITH_KNOTS('',2,1,((#10136,#10137),(#10138,#10139),
(#10140,#10141)),.UNSPECIFIED.,.F.,.F.,.F.,(3,3),(2,2),(0.,1.),(0.,0.05),
 .UNSPECIFIED.);
#62=B_SPLINE_SURFACE_WITH_KNOTS('',2,1,((#10151,#10152),(#10153,#10154),
(#10155,#10156)),.UNSPECIFIED.,.F.,.F.,.F.,(3,3),(2,2),(0.,1.),(0.,0.05),
 .UNSPECIFIED.);
#63=B_SPLINE_SURFACE_WITH_KNOTS('',2,1,((#10166,#10167),(#10168,#10169),
(#10170,#10171)),.UNSPECIFIED.,.F.,.F.,.F.,(3,3),(2,2),(0.,1.),(0.,0.05),
 .UNSPECIFIED.);
#64=B_SPLINE_SURFACE_WITH_KNOTS('',2,1,((#10181,#10182),(#10183,#10184),
(#10185,#10186)),.UNSPECIFIED.,.F.,.F.,.F.,(3,3),(2,2),(0.,1.),(0.,0.05),
 .UNSPECIFIED.);
#65=B_SPLINE_SURFACE_WITH_KNOTS('',2,1,((#10194,#10195),(#10196,#10197),
(#10198,#10199)),.UNSPECIFIED.,.F.,.F.,.F.,(3,3),(2,2),(0.,1.),(0.,0.05),
 .UNSPECIFIED.);
#66=B_SPLINE_SURFACE_WITH_KNOTS('',2,1,((#10212,#10213),(#10214,#10215),
(#10216,#10217)),.UNSPECIFIED.,.F.,.F.,.F.,(3,3),(2,2),(0.,1.),(0.,0.05),
 .UNSPECIFIED.);
#67=B_SPLINE_SURFACE_WITH_KNOTS('',2,1,((#10227,#10228),(#10229,#10230),
(#10231,#10232)),.UNSPECIFIED.,.F.,.F.,.F.,(3,3),(2,2),(0.,1.),(0.,0.05),
 .UNSPECIFIED.);
#68=B_SPLINE_SURFACE_WITH_KNOTS('',2,1,((#10242,#10243),(#10244,#10245),
(#10246,#10247)),.UNSPECIFIED.,.F.,.F.,.F.,(3,3),(2,2),(0.,1.),(0.,0.05),
 .UNSPECIFIED.);
#69=B_SPLINE_SURFACE_WITH_KNOTS('',2,1,((#10257,#10258),(#10259,#10260),
(#10261,#10262)),.UNSPECIFIED.,.F.,.F.,.F.,(3,3),(2,2),(0.,1.),(0.,0.05),
 .UNSPECIFIED.);
#70=B_SPLINE_SURFACE_WITH_KNOTS('',2,1,((#10272,#10273),(#10274,#10275),
(#10276,#10277)),.UNSPECIFIED.,.F.,.F.,.F.,(3,3),(2,2),(0.,1.),(0.,0.05),
 .UNSPECIFIED.);
#71=B_SPLINE_SURFACE_WITH_KNOTS('',2,1,((#10287,#10288),(#10289,#10290),
(#10291,#10292)),.UNSPECIFIED.,.F.,.F.,.F.,(3,3),(2,2),(0.,1.),(0.,0.05),
 .UNSPECIFIED.);
#72=B_SPLINE_SURFACE_WITH_KNOTS('',2,1,((#10302,#10303),(#10304,#10305),
(#10306,#10307)),.UNSPECIFIED.,.F.,.F.,.F.,(3,3),(2,2),(0.,1.),(0.,0.05),
 .UNSPECIFIED.);
#73=B_SPLINE_SURFACE_WITH_KNOTS('',2,1,((#10314,#10315),(#10316,#10317),
(#10318,#10319)),.UNSPECIFIED.,.F.,.F.,.F.,(3,3),(2,2),(0.,1.),(0.,0.05),
 .UNSPECIFIED.);
#74=B_SPLINE_SURFACE_WITH_KNOTS('',2,1,((#10332,#10333),(#10334,#10335),
(#10336,#10337)),.UNSPECIFIED.,.F.,.F.,.F.,(3,3),(2,2),(0.,1.),(0.,0.05),
 .UNSPECIFIED.);
#75=B_SPLINE_SURFACE_WITH_KNOTS('',2,1,((#10347,#10348),(#10349,#10350),
(#10351,#10352)),.UNSPECIFIED.,.F.,.F.,.F.,(3,3),(2,2),(0.,1.),(0.,0.05),
 .UNSPECIFIED.);
#76=B_SPLINE_SURFACE_WITH_KNOTS('',2,1,((#10362,#10363),(#10364,#10365),
(#10366,#10367)),.UNSPECIFIED.,.F.,.F.,.F.,(3,3),(2,2),(0.,1.),(0.,0.05),
 .UNSPECIFIED.);
#77=B_SPLINE_SURFACE_WITH_KNOTS('',2,1,((#10377,#10378),(#10379,#10380),
(#10381,#10382)),.UNSPECIFIED.,.F.,.F.,.F.,(3,3),(2,2),(0.,1.),(0.,0.05),
 .UNSPECIFIED.);
#78=B_SPLINE_SURFACE_WITH_KNOTS('',2,1,((#10392,#10393),(#10394,#10395),
(#10396,#10397)),.UNSPECIFIED.,.F.,.F.,.F.,(3,3),(2,2),(0.,1.),(0.,0.05),
 .UNSPECIFIED.);
#79=B_SPLINE_SURFACE_WITH_KNOTS('',2,1,((#10407,#10408),(#10409,#10410),
(#10411,#10412)),.UNSPECIFIED.,.F.,.F.,.F.,(3,3),(2,2),(0.,1.),(0.,0.05),
 .UNSPECIFIED.);
#80=B_SPLINE_SURFACE_WITH_KNOTS('',2,1,((#10422,#10423),(#10424,#10425),
(#10426,#10427)),.UNSPECIFIED.,.F.,.F.,.F.,(3,3),(2,2),(0.,1.),(0.,0.05),
 .UNSPECIFIED.);
#81=B_SPLINE_SURFACE_WITH_KNOTS('',2,1,((#10437,#10438),(#10439,#10440),
(#10441,#10442)),.UNSPECIFIED.,.F.,.F.,.F.,(3,3),(2,2),(0.,1.),(0.,0.05),
 .UNSPECIFIED.);
#82=B_SPLINE_SURFACE_WITH_KNOTS('',2,1,((#10452,#10453),(#10454,#10455),
(#10456,#10457)),.UNSPECIFIED.,.F.,.F.,.F.,(3,3),(2,2),(0.,1.),(0.,0.05),
 .UNSPECIFIED.);
#83=B_SPLINE_SURFACE_WITH_KNOTS('',2,1,((#10465,#10466),(#10467,#10468),
(#10469,#10470)),.UNSPECIFIED.,.F.,.F.,.F.,(3,3),(2,2),(0.,1.),(0.,0.05),
 .UNSPECIFIED.);
#84=B_SPLINE_SURFACE_WITH_KNOTS('',2,1,((#10483,#10484),(#10485,#10486),
(#10487,#10488)),.UNSPECIFIED.,.F.,.F.,.F.,(3,3),(2,2),(0.,1.),(0.,0.05),
 .UNSPECIFIED.);
#85=B_SPLINE_SURFACE_WITH_KNOTS('',2,1,((#10498,#10499),(#10500,#10501),
(#10502,#10503)),.UNSPECIFIED.,.F.,.F.,.F.,(3,3),(2,2),(0.,1.),(0.,0.05),
 .UNSPECIFIED.);
#86=B_SPLINE_SURFACE_WITH_KNOTS('',2,1,((#10513,#10514),(#10515,#10516),
(#10517,#10518)),.UNSPECIFIED.,.F.,.F.,.F.,(3,3),(2,2),(0.,1.),(0.,0.05),
 .UNSPECIFIED.);
#87=B_SPLINE_SURFACE_WITH_KNOTS('',2,1,((#10528,#10529),(#10530,#10531),
(#10532,#10533)),.UNSPECIFIED.,.F.,.F.,.F.,(3,3),(2,2),(0.,1.),(0.,0.05),
 .UNSPECIFIED.);
#88=B_SPLINE_SURFACE_WITH_KNOTS('',2,1,((#10543,#10544),(#10545,#10546),
(#10547,#10548)),.UNSPECIFIED.,.F.,.F.,.F.,(3,3),(2,2),(0.,1.),(0.,0.05),
 .UNSPECIFIED.);
#89=B_SPLINE_SURFACE_WITH_KNOTS('',2,1,((#10558,#10559),(#10560,#10561),
(#10562,#10563)),.UNSPECIFIED.,.F.,.F.,.F.,(3,3),(2,2),(0.,1.),(0.,0.05),
 .UNSPECIFIED.);
#90=B_SPLINE_SURFACE_WITH_KNOTS('',2,1,((#10573,#10574),(#10575,#10576),
(#10577,#10578)),.UNSPECIFIED.,.F.,.F.,.F.,(3,3),(2,2),(0.,1.),(0.,0.05),
 .UNSPECIFIED.);
#91=B_SPLINE_SURFACE_WITH_KNOTS('',2,1,((#10585,#10586),(#10587,#10588),
(#10589,#10590)),.UNSPECIFIED.,.F.,.F.,.F.,(3,3),(2,2),(0.,1.),(0.,0.05),
 .UNSPECIFIED.);
#92=B_SPLINE_SURFACE_WITH_KNOTS('',2,1,((#10603,#10604),(#10605,#10606),
(#10607,#10608)),.UNSPECIFIED.,.F.,.F.,.F.,(3,3),(2,2),(0.,1.),(0.,0.05),
 .UNSPECIFIED.);
#93=B_SPLINE_SURFACE_WITH_KNOTS('',2,1,((#10618,#10619),(#10620,#10621),
(#10622,#10623)),.UNSPECIFIED.,.F.,.F.,.F.,(3,3),(2,2),(0.,1.),(0.,0.05),
 .UNSPECIFIED.);
#94=B_SPLINE_SURFACE_WITH_KNOTS('',2,1,((#10633,#10634),(#10635,#10636),
(#10637,#10638)),.UNSPECIFIED.,.F.,.F.,.F.,(3,3),(2,2),(0.,1.),(0.,0.05),
 .UNSPECIFIED.);
#95=B_SPLINE_SURFACE_WITH_KNOTS('',2,1,((#10648,#10649),(#10650,#10651),
(#10652,#10653)),.UNSPECIFIED.,.F.,.F.,.F.,(3,3),(2,2),(0.,1.),(0.,0.05),
 .UNSPECIFIED.);
#96=B_SPLINE_SURFACE_WITH_KNOTS('',2,1,((#10663,#10664),(#10665,#10666),
(#10667,#10668)),.UNSPECIFIED.,.F.,.F.,.F.,(3,3),(2,2),(0.,1.),(0.,0.05),
 .UNSPECIFIED.);
#97=B_SPLINE_SURFACE_WITH_KNOTS('',2,1,((#10678,#10679),(#10680,#10681),
(#10682,#10683)),.UNSPECIFIED.,.F.,.F.,.F.,(3,3),(2,2),(0.,1.),(0.,0.05),
 .UNSPECIFIED.);
#98=B_SPLINE_SURFACE_WITH_KNOTS('',2,1,((#10693,#10694),(#10695,#10696),
(#10697,#10698)),.UNSPECIFIED.,.F.,.F.,.F.,(3,3),(2,2),(0.,1.),(0.,0.05),
 .UNSPECIFIED.);
#99=B_SPLINE_SURFACE_WITH_KNOTS('',2,1,((#10708,#10709),(#10710,#10711),
(#10712,#10713)),.UNSPECIFIED.,.F.,.F.,.F.,(3,3),(2,2),(0.,1.),(0.,0.05),
 .UNSPECIFIED.);
#100=B_SPLINE_SURFACE_WITH_KNOTS('',2,1,((#10723,#10724),(#10725,#10726),
(#10727,#10728)),.UNSPECIFIED.,.F.,.F.,.F.,(3,3),(2,2),(0.,1.),(0.,0.05),
 .UNSPECIFIED.);
#101=B_SPLINE_SURFACE_WITH_KNOTS('',2,1,((#10797,#10798),(#10799,#10800),
(#10801,#10802)),.UNSPECIFIED.,.F.,.F.,.F.,(3,3),(2,2),(0.,1.),(0.,0.05),
 .UNSPECIFIED.);
#102=B_SPLINE_SURFACE_WITH_KNOTS('',2,1,((#10821,#10822),(#10823,#10824),
(#10825,#10826)),.UNSPECIFIED.,.F.,.F.,.F.,(3,3),(2,2),(0.,1.),(0.,0.05),
 .UNSPECIFIED.);
#103=B_SPLINE_SURFACE_WITH_KNOTS('',2,1,((#10836,#10837),(#10838,#10839),
(#10840,#10841)),.UNSPECIFIED.,.F.,.F.,.F.,(3,3),(2,2),(0.,1.),(0.,0.05),
 .UNSPECIFIED.);
#104=B_SPLINE_SURFACE_WITH_KNOTS('',2,1,((#10851,#10852),(#10853,#10854),
(#10855,#10856)),.UNSPECIFIED.,.F.,.F.,.F.,(3,3),(2,2),(0.,1.),(0.,0.05),
 .UNSPECIFIED.);
#105=B_SPLINE_SURFACE_WITH_KNOTS('',2,1,((#10863,#10864),(#10865,#10866),
(#10867,#10868)),.UNSPECIFIED.,.F.,.F.,.F.,(3,3),(2,2),(0.,1.),(0.,0.05),
 .UNSPECIFIED.);
#106=B_SPLINE_SURFACE_WITH_KNOTS('',2,1,((#10881,#10882),(#10883,#10884),
(#10885,#10886)),.UNSPECIFIED.,.F.,.F.,.F.,(3,3),(2,2),(0.,1.),(0.,0.05),
 .UNSPECIFIED.);
#107=B_SPLINE_SURFACE_WITH_KNOTS('',2,1,((#10896,#10897),(#10898,#10899),
(#10900,#10901)),.UNSPECIFIED.,.F.,.F.,.F.,(3,3),(2,2),(0.,1.),(0.,0.05),
 .UNSPECIFIED.);
#108=B_SPLINE_SURFACE_WITH_KNOTS('',2,1,((#10911,#10912),(#10913,#10914),
(#10915,#10916)),.UNSPECIFIED.,.F.,.F.,.F.,(3,3),(2,2),(0.,1.),(0.,0.05),
 .UNSPECIFIED.);
#109=B_SPLINE_SURFACE_WITH_KNOTS('',2,1,((#10926,#10927),(#10928,#10929),
(#10930,#10931)),.UNSPECIFIED.,.F.,.F.,.F.,(3,3),(2,2),(0.,1.),(0.,0.05),
 .UNSPECIFIED.);
#110=B_SPLINE_SURFACE_WITH_KNOTS('',2,1,((#10941,#10942),(#10943,#10944),
(#10945,#10946)),.UNSPECIFIED.,.F.,.F.,.F.,(3,3),(2,2),(0.,1.),(0.,0.05),
 .UNSPECIFIED.);
#111=B_SPLINE_SURFACE_WITH_KNOTS('',2,1,((#10956,#10957),(#10958,#10959),
(#10960,#10961)),.UNSPECIFIED.,.F.,.F.,.F.,(3,3),(2,2),(0.,1.),(0.,0.05),
 .UNSPECIFIED.);
#112=B_SPLINE_SURFACE_WITH_KNOTS('',2,1,((#10977,#10978),(#10979,#10980),
(#10981,#10982)),.UNSPECIFIED.,.F.,.F.,.F.,(3,3),(2,2),(0.,1.),(0.,0.05),
 .UNSPECIFIED.);
#113=B_SPLINE_SURFACE_WITH_KNOTS('',2,1,((#10992,#10993),(#10994,#10995),
(#10996,#10997)),.UNSPECIFIED.,.F.,.F.,.F.,(3,3),(2,2),(0.,1.),(0.,0.05),
 .UNSPECIFIED.);
#114=B_SPLINE_SURFACE_WITH_KNOTS('',2,1,((#11007,#11008),(#11009,#11010),
(#11011,#11012)),.UNSPECIFIED.,.F.,.F.,.F.,(3,3),(2,2),(0.,1.),(0.,0.05),
 .UNSPECIFIED.);
#115=B_SPLINE_SURFACE_WITH_KNOTS('',2,1,((#11022,#11023),(#11024,#11025),
(#11026,#11027)),.UNSPECIFIED.,.F.,.F.,.F.,(3,3),(2,2),(0.,1.),(0.,0.05),
 .UNSPECIFIED.);
#116=B_SPLINE_SURFACE_WITH_KNOTS('',2,1,((#11049,#11050),(#11051,#11052),
(#11053,#11054)),.UNSPECIFIED.,.F.,.F.,.F.,(3,3),(2,2),(0.,1.),(0.,0.05),
 .UNSPECIFIED.);
#117=B_SPLINE_SURFACE_WITH_KNOTS('',2,1,((#11064,#11065),(#11066,#11067),
(#11068,#11069)),.UNSPECIFIED.,.F.,.F.,.F.,(3,3),(2,2),(0.,1.),(0.,0.05),
 .UNSPECIFIED.);
#118=B_SPLINE_SURFACE_WITH_KNOTS('',2,1,((#11079,#11080),(#11081,#11082),
(#11083,#11084)),.UNSPECIFIED.,.F.,.F.,.F.,(3,3),(2,2),(0.,1.),(0.,0.05),
 .UNSPECIFIED.);
#119=B_SPLINE_SURFACE_WITH_KNOTS('',2,1,((#11094,#11095),(#11096,#11097),
(#11098,#11099)),.UNSPECIFIED.,.F.,.F.,.F.,(3,3),(2,2),(0.,1.),(0.,0.05),
 .UNSPECIFIED.);
#120=B_SPLINE_SURFACE_WITH_KNOTS('',2,1,((#11107,#11108),(#11109,#11110),
(#11111,#11112)),.UNSPECIFIED.,.F.,.F.,.F.,(3,3),(2,2),(0.,1.),(0.,0.05),
 .UNSPECIFIED.);
#121=B_SPLINE_SURFACE_WITH_KNOTS('',2,1,((#11161,#11162),(#11163,#11164),
(#11165,#11166)),.UNSPECIFIED.,.F.,.F.,.F.,(3,3),(2,2),(0.,1.),(0.,0.05),
 .UNSPECIFIED.);
#122=B_SPLINE_SURFACE_WITH_KNOTS('',2,1,((#11176,#11177),(#11178,#11179),
(#11180,#11181)),.UNSPECIFIED.,.F.,.F.,.F.,(3,3),(2,2),(0.,1.),(0.,0.05),
 .UNSPECIFIED.);
#123=B_SPLINE_SURFACE_WITH_KNOTS('',2,1,((#11191,#11192),(#11193,#11194),
(#11195,#11196)),.UNSPECIFIED.,.F.,.F.,.F.,(3,3),(2,2),(0.,1.),(0.,0.05),
 .UNSPECIFIED.);
#124=B_SPLINE_SURFACE_WITH_KNOTS('',2,1,((#11224,#11225),(#11226,#11227),
(#11228,#11229)),.UNSPECIFIED.,.F.,.F.,.F.,(3,3),(2,2),(0.,1.),(0.,0.05),
 .UNSPECIFIED.);
#125=B_SPLINE_SURFACE_WITH_KNOTS('',2,1,((#11239,#11240),(#11241,#11242),
(#11243,#11244)),.UNSPECIFIED.,.F.,.F.,.F.,(3,3),(2,2),(0.,1.),(0.,0.05),
 .UNSPECIFIED.);
#126=B_SPLINE_SURFACE_WITH_KNOTS('',2,1,((#11254,#11255),(#11256,#11257),
(#11258,#11259)),.UNSPECIFIED.,.F.,.F.,.F.,(3,3),(2,2),(0.,1.),(0.,0.05),
 .UNSPECIFIED.);
#127=B_SPLINE_SURFACE_WITH_KNOTS('',2,1,((#11267,#11268),(#11269,#11270),
(#11271,#11272)),.UNSPECIFIED.,.F.,.F.,.F.,(3,3),(2,2),(0.,1.),(0.,0.05),
 .UNSPECIFIED.);
#128=B_SPLINE_SURFACE_WITH_KNOTS('',2,1,((#11351,#11352),(#11353,#11354),
(#11355,#11356)),.UNSPECIFIED.,.F.,.F.,.F.,(3,3),(2,2),(0.,1.),(0.,0.05),
 .UNSPECIFIED.);
#129=B_SPLINE_SURFACE_WITH_KNOTS('',2,1,((#11366,#11367),(#11368,#11369),
(#11370,#11371)),.UNSPECIFIED.,.F.,.F.,.F.,(3,3),(2,2),(0.,1.),(0.,0.05),
 .UNSPECIFIED.);
#130=B_SPLINE_SURFACE_WITH_KNOTS('',2,1,((#11381,#11382),(#11383,#11384),
(#11385,#11386)),.UNSPECIFIED.,.F.,.F.,.F.,(3,3),(2,2),(0.,1.),(0.,0.05),
 .UNSPECIFIED.);
#131=B_SPLINE_SURFACE_WITH_KNOTS('',2,1,((#11396,#11397),(#11398,#11399),
(#11400,#11401)),.UNSPECIFIED.,.F.,.F.,.F.,(3,3),(2,2),(0.,1.),(0.,0.05),
 .UNSPECIFIED.);
#132=B_SPLINE_SURFACE_WITH_KNOTS('',2,1,((#11411,#11412),(#11413,#11414),
(#11415,#11416)),.UNSPECIFIED.,.F.,.F.,.F.,(3,3),(2,2),(0.,1.),(0.,0.05),
 .UNSPECIFIED.);
#133=B_SPLINE_SURFACE_WITH_KNOTS('',2,1,((#11432,#11433),(#11434,#11435),
(#11436,#11437)),.UNSPECIFIED.,.F.,.F.,.F.,(3,3),(2,2),(0.,1.),(0.,0.05),
 .UNSPECIFIED.);
#134=B_SPLINE_SURFACE_WITH_KNOTS('',2,1,((#11447,#11448),(#11449,#11450),
(#11451,#11452)),.UNSPECIFIED.,.F.,.F.,.F.,(3,3),(2,2),(0.,1.),(0.,0.05),
 .UNSPECIFIED.);
#135=B_SPLINE_SURFACE_WITH_KNOTS('',2,1,((#11462,#11463),(#11464,#11465),
(#11466,#11467)),.UNSPECIFIED.,.F.,.F.,.F.,(3,3),(2,2),(0.,1.),(0.,0.05),
 .UNSPECIFIED.);
#136=B_SPLINE_SURFACE_WITH_KNOTS('',2,1,((#11475,#11476),(#11477,#11478),
(#11479,#11480)),.UNSPECIFIED.,.F.,.F.,.F.,(3,3),(2,2),(0.,1.),(0.,0.05),
 .UNSPECIFIED.);
#137=B_SPLINE_SURFACE_WITH_KNOTS('',2,1,((#11493,#11494),(#11495,#11496),
(#11497,#11498)),.UNSPECIFIED.,.F.,.F.,.F.,(3,3),(2,2),(0.,1.),(0.,0.05),
 .UNSPECIFIED.);
#138=B_SPLINE_SURFACE_WITH_KNOTS('',2,1,((#11508,#11509),(#11510,#11511),
(#11512,#11513)),.UNSPECIFIED.,.F.,.F.,.F.,(3,3),(2,2),(0.,1.),(0.,0.05),
 .UNSPECIFIED.);
#139=B_SPLINE_SURFACE_WITH_KNOTS('',2,1,((#11523,#11524),(#11525,#11526),
(#11527,#11528)),.UNSPECIFIED.,.F.,.F.,.F.,(3,3),(2,2),(0.,1.),(0.,0.05),
 .UNSPECIFIED.);
#140=B_SPLINE_SURFACE_WITH_KNOTS('',2,1,((#11538,#11539),(#11540,#11541),
(#11542,#11543)),.UNSPECIFIED.,.F.,.F.,.F.,(3,3),(2,2),(0.,1.),(0.,0.05),
 .UNSPECIFIED.);
#141=B_SPLINE_SURFACE_WITH_KNOTS('',2,1,((#11553,#11554),(#11555,#11556),
(#11557,#11558)),.UNSPECIFIED.,.F.,.F.,.F.,(3,3),(2,2),(0.,1.),(0.,0.05),
 .UNSPECIFIED.);
#142=B_SPLINE_SURFACE_WITH_KNOTS('',2,1,((#11568,#11569),(#11570,#11571),
(#11572,#11573)),.UNSPECIFIED.,.F.,.F.,.F.,(3,3),(2,2),(0.,1.),(0.,0.05),
 .UNSPECIFIED.);
#143=B_SPLINE_SURFACE_WITH_KNOTS('',2,1,((#11583,#11584),(#11585,#11586),
(#11587,#11588)),.UNSPECIFIED.,.F.,.F.,.F.,(3,3),(2,2),(0.,1.),(0.,0.05),
 .UNSPECIFIED.);
#144=B_SPLINE_SURFACE_WITH_KNOTS('',2,1,((#11598,#11599),(#11600,#11601),
(#11602,#11603)),.UNSPECIFIED.,.F.,.F.,.F.,(3,3),(2,2),(0.,1.),(0.,0.05),
 .UNSPECIFIED.);
#145=B_SPLINE_SURFACE_WITH_KNOTS('',2,1,((#11619,#11620),(#11621,#11622),
(#11623,#11624)),.UNSPECIFIED.,.F.,.F.,.F.,(3,3),(2,2),(0.,1.),(0.,0.05),
 .UNSPECIFIED.);
#146=B_SPLINE_SURFACE_WITH_KNOTS('',2,1,((#11634,#11635),(#11636,#11637),
(#11638,#11639)),.UNSPECIFIED.,.F.,.F.,.F.,(3,3),(2,2),(0.,1.),(0.,0.05),
 .UNSPECIFIED.);
#147=B_SPLINE_SURFACE_WITH_KNOTS('',2,1,((#11649,#11650),(#11651,#11652),
(#11653,#11654)),.UNSPECIFIED.,.F.,.F.,.F.,(3,3),(2,2),(0.,1.),(0.,0.05),
 .UNSPECIFIED.);
#148=B_SPLINE_SURFACE_WITH_KNOTS('',2,1,((#11664,#11665),(#11666,#11667),
(#11668,#11669)),.UNSPECIFIED.,.F.,.F.,.F.,(3,3),(2,2),(0.,1.),(0.,0.05),
 .UNSPECIFIED.);
#149=B_SPLINE_SURFACE_WITH_KNOTS('',2,1,((#11679,#11680),(#11681,#11682),
(#11683,#11684)),.UNSPECIFIED.,.F.,.F.,.F.,(3,3),(2,2),(0.,1.),(0.,0.05),
 .UNSPECIFIED.);
#150=B_SPLINE_SURFACE_WITH_KNOTS('',2,1,((#11694,#11695),(#11696,#11697),
(#11698,#11699)),.UNSPECIFIED.,.F.,.F.,.F.,(3,3),(2,2),(0.,1.),(0.,0.05),
 .UNSPECIFIED.);
#151=B_SPLINE_SURFACE_WITH_KNOTS('',2,1,((#11709,#11710),(#11711,#11712),
(#11713,#11714)),.UNSPECIFIED.,.F.,.F.,.F.,(3,3),(2,2),(0.,1.),(0.,0.05),
 .UNSPECIFIED.);
#152=B_SPLINE_SURFACE_WITH_KNOTS('',2,1,((#11724,#11725),(#11726,#11727),
(#11728,#11729)),.UNSPECIFIED.,.F.,.F.,.F.,(3,3),(2,2),(0.,1.),(0.,0.05),
 .UNSPECIFIED.);
#153=B_SPLINE_SURFACE_WITH_KNOTS('',2,1,((#11739,#11740),(#11741,#11742),
(#11743,#11744)),.UNSPECIFIED.,.F.,.F.,.F.,(3,3),(2,2),(0.,1.),(0.,0.05),
 .UNSPECIFIED.);
#154=B_SPLINE_SURFACE_WITH_KNOTS('',2,1,((#11754,#11755),(#11756,#11757),
(#11758,#11759)),.UNSPECIFIED.,.F.,.F.,.F.,(3,3),(2,2),(0.,1.),(0.,0.05),
 .UNSPECIFIED.);
#155=B_SPLINE_SURFACE_WITH_KNOTS('',2,1,((#11769,#11770),(#11771,#11772),
(#11773,#11774)),.UNSPECIFIED.,.F.,.F.,.F.,(3,3),(2,2),(0.,1.),(0.,0.05),
 .UNSPECIFIED.);
#156=B_SPLINE_SURFACE_WITH_KNOTS('',2,1,((#11784,#11785),(#11786,#11787),
(#11788,#11789)),.UNSPECIFIED.,.F.,.F.,.F.,(3,3),(2,2),(0.,1.),(0.,0.05),
 .UNSPECIFIED.);
#157=B_SPLINE_SURFACE_WITH_KNOTS('',2,1,((#11799,#11800),(#11801,#11802),
(#11803,#11804)),.UNSPECIFIED.,.F.,.F.,.F.,(3,3),(2,2),(0.,1.),(0.,0.05),
 .UNSPECIFIED.);
#158=B_SPLINE_SURFACE_WITH_KNOTS('',2,1,((#11814,#11815),(#11816,#11817),
(#11818,#11819)),.UNSPECIFIED.,.F.,.F.,.F.,(3,3),(2,2),(0.,1.),(0.,0.05),
 .UNSPECIFIED.);
#159=B_SPLINE_SURFACE_WITH_KNOTS('',2,1,((#11835,#11836),(#11837,#11838),
(#11839,#11840)),.UNSPECIFIED.,.F.,.F.,.F.,(3,3),(2,2),(0.,1.),(0.,0.05),
 .UNSPECIFIED.);
#160=B_SPLINE_SURFACE_WITH_KNOTS('',2,1,((#11850,#11851),(#11852,#11853),
(#11854,#11855)),.UNSPECIFIED.,.F.,.F.,.F.,(3,3),(2,2),(0.,1.),(0.,0.05),
 .UNSPECIFIED.);
#161=B_SPLINE_SURFACE_WITH_KNOTS('',2,1,((#11865,#11866),(#11867,#11868),
(#11869,#11870)),.UNSPECIFIED.,.F.,.F.,.F.,(3,3),(2,2),(0.,1.),(0.,0.05),
 .UNSPECIFIED.);
#162=B_SPLINE_SURFACE_WITH_KNOTS('',2,1,((#11880,#11881),(#11882,#11883),
(#11884,#11885)),.UNSPECIFIED.,.F.,.F.,.F.,(3,3),(2,2),(0.,1.),(0.,0.05),
 .UNSPECIFIED.);
#163=B_SPLINE_SURFACE_WITH_KNOTS('',2,1,((#11895,#11896),(#11897,#11898),
(#11899,#11900)),.UNSPECIFIED.,.F.,.F.,.F.,(3,3),(2,2),(0.,1.),(0.,0.05),
 .UNSPECIFIED.);
#164=(
BOUNDED_SURFACE()
B_SPLINE_SURFACE(2,2,((#9175,#9176,#9177),(#9178,#9179,#9180),(#9181,#9182,
#9183)),.UNSPECIFIED.,.F.,.F.,.F.)
B_SPLINE_SURFACE_WITH_KNOTS((3,3),(3,3),(0.48983801008506,1.5707963267949),
(1.57079632679484,3.14159265358981),.UNSPECIFIED.)
GEOMETRIC_REPRESENTATION_ITEM()
RATIONAL_B_SPLINE_SURFACE(((1.,0.707106781186522,1.),(0.857462230355458,
0.606317357695663,0.857462230355458),(1.,0.707106781186522,1.)))
REPRESENTATION_ITEM('')
SURFACE()
);
#165=(
BOUNDED_SURFACE()
B_SPLINE_SURFACE(2,2,((#9198,#9199,#9200),(#9201,#9202,#9203),(#9204,#9205,
#9206)),.UNSPECIFIED.,.F.,.F.,.F.)
B_SPLINE_SURFACE_WITH_KNOTS((3,3),(3,3),(0.48983801008506,1.5707963267949),
(1.5707963267949,3.14159265358979),.UNSPECIFIED.)
GEOMETRIC_REPRESENTATION_ITEM()
RATIONAL_B_SPLINE_SURFACE(((1.,0.707106781186547,1.),(0.857462230355454,
0.606317357695683,0.857462230355454),(1.,0.707106781186547,1.)))
REPRESENTATION_ITEM('')
SURFACE()
);
#166=CIRCLE('',#7338,4.5);
#167=CIRCLE('',#7339,4.78711298646364);
#168=CIRCLE('',#7343,4.78711298646364);
#169=CIRCLE('',#7344,4.5);
#170=CIRCLE('',#7345,5.);
#171=CIRCLE('',#7346,0.375067568061134);
#172=CIRCLE('',#7347,5.);
#173=CIRCLE('',#7349,5.);
#174=CIRCLE('',#7350,5.);
#175=CIRCLE('',#7351,0.37506756806113);
#176=CIRCLE('',#7356,5.);
#177=CIRCLE('',#7357,4.29999999999999);
#178=CIRCLE('',#7362,1.5);
#179=CIRCLE('',#7363,1.5);
#180=CIRCLE('',#7365,5.);
#181=CIRCLE('',#7369,5.);
#182=CIRCLE('',#7371,5.);
#183=CIRCLE('',#7372,4.29999999999999);
#184=CIRCLE('',#7376,5.);
#185=CIRCLE('',#7469,5.);
#186=CIRCLE('',#7470,5.);
#187=CIRCLE('',#7472,5.);
#188=CIRCLE('',#7473,5.);
#189=CIRCLE('',#7475,5.);
#190=CIRCLE('',#7477,5.);
#191=CIRCLE('',#7478,5.);
#192=CIRCLE('',#7481,5.);
#193=CIRCLE('',#7482,5.);
#194=CIRCLE('',#7491,3.99999999999999);
#195=CIRCLE('',#7492,3.99999999999999);
#196=CIRCLE('',#7493,4.);
#197=CIRCLE('',#7494,3.99999999999999);
#198=CIRCLE('',#7495,2.1);
#199=CIRCLE('',#7496,2.1);
#200=CIRCLE('',#7497,2.1);
#201=CIRCLE('',#7498,2.1);
#202=CIRCLE('',#7499,3.99999999999999);
#203=CIRCLE('',#7500,3.99999999999999);
#204=CIRCLE('',#7502,1.5);
#205=CIRCLE('',#7505,1.5);
#206=CIRCLE('',#7517,3.99999999999999);
#207=CIRCLE('',#7518,3.99999999999999);
#208=CIRCLE('',#7550,2.1);
#209=CIRCLE('',#7551,1.7);
#210=CIRCLE('',#7554,1.7);
#211=CIRCLE('',#7557,2.1);
#212=CIRCLE('',#7558,1.7);
#213=CIRCLE('',#7561,1.7);
#214=CIRCLE('',#7564,2.1);
#215=CIRCLE('',#7565,1.7);
#216=CIRCLE('',#7568,1.7);
#217=CIRCLE('',#7571,2.1);
#218=CIRCLE('',#7572,1.7);
#219=CIRCLE('',#7575,1.7);
#220=CIRCLE('',#7585,3.99999999999999);
#221=CIRCLE('',#7592,3.99999999999999);
#222=CONICAL_SURFACE('',#7336,4.64355649323182,0.565489586757417);
#223=CONICAL_SURFACE('',#7341,4.64355649323182,0.565489586757417);
#224=CONICAL_SURFACE('',#7355,4.65,0.785398163397443);
#225=CONICAL_SURFACE('',#7370,4.65,0.785398163397443);
#226=B_SPLINE_CURVE_WITH_KNOTS('',3,(#9113,#9114,#9115,#9116,#9117,#9118),
 .UNSPECIFIED.,.F.,.F.,(4,2,4),(0.258868937515763,0.272497063674117,0.321706122839587),
 .UNSPECIFIED.);
#227=B_SPLINE_CURVE_WITH_KNOTS('',3,(#9132,#9133,#9134,#9135,#9136,#9137),
 .UNSPECIFIED.,.F.,.F.,(4,2,4),(0.460095028938796,0.509304088104268,0.522932214262624),
 .UNSPECIFIED.);
#228=B_SPLINE_CURVE_WITH_KNOTS('',3,(#9190,#9191,#9192,#9193),
 .UNSPECIFIED.,.F.,.F.,(4,4),(1.43387071191342,1.48905827861304),
 .UNSPECIFIED.);
#229=B_SPLINE_CURVE_WITH_KNOTS('',3,(#9208,#9209,#9210,#9211),
 .UNSPECIFIED.,.F.,.F.,(4,4),(1.48905827861304,1.54424584531266),
 .UNSPECIFIED.);
#230=B_SPLINE_CURVE_WITH_KNOTS('',3,(#9311,#9312,#9313,#9314,#9315,#9316,
#9317,#9318,#9319,#9320,#9321,#9322,#9323,#9324),.UNSPECIFIED.,.F.,.F.,
(4,2,2,2,2,2,4),(0.153934352672329,0.278419743817305,0.377915397150289,
0.477411050483272,0.571098667165648,0.664786283848023,0.730465257476682),
 .UNSPECIFIED.);
#231=B_SPLINE_CURVE_WITH_KNOTS('',3,(#9341,#9342,#9343,#9344,#9345,#9346,
#9347,#9348,#9349,#9350,#9351,#9352,#9353,#9354),.UNSPECIFIED.,.F.,.F.,
(4,2,2,2,2,2,4),(6.20537294282449,6.25009297694682,6.32690534963895,6.40371772233108,
6.51600664941888,6.62829557650667,6.78354073740101),.UNSPECIFIED.);
#232=B_SPLINE_CURVE_WITH_KNOTS('',2,(#9459,#9460,#9461),.UNSPECIFIED.,.F.,
 .F.,(3,3),(0.,1.),.UNSPECIFIED.);
#233=B_SPLINE_CURVE_WITH_KNOTS('',2,(#9465,#9466,#9467),.UNSPECIFIED.,.F.,
 .F.,(3,3),(0.,1.),.UNSPECIFIED.);
#234=B_SPLINE_CURVE_WITH_KNOTS('',2,(#9482,#9483,#9484),.UNSPECIFIED.,.F.,
 .F.,(3,3),(0.,1.),.UNSPECIFIED.);
#235=B_SPLINE_CURVE_WITH_KNOTS('',2,(#9487,#9488,#9489),.UNSPECIFIED.,.F.,
 .F.,(3,3),(0.,1.),.UNSPECIFIED.);
#236=B_SPLINE_CURVE_WITH_KNOTS('',2,(#9497,#9498,#9499),.UNSPECIFIED.,.F.,
 .F.,(3,3),(0.,1.),.UNSPECIFIED.);
#237=B_SPLINE_CURVE_WITH_KNOTS('',2,(#9502,#9503,#9504),.UNSPECIFIED.,.F.,
 .F.,(3,3),(0.,1.),.UNSPECIFIED.);
#238=B_SPLINE_CURVE_WITH_KNOTS('',2,(#9511,#9512,#9513),.UNSPECIFIED.,.F.,
 .F.,(3,3),(0.,1.),.UNSPECIFIED.);
#239=B_SPLINE_CURVE_WITH_KNOTS('',2,(#9514,#9515,#9516),.UNSPECIFIED.,.F.,
 .F.,(3,3),(0.,1.),.UNSPECIFIED.);
#240=B_SPLINE_CURVE_WITH_KNOTS('',2,(#9525,#9526,#9527),.UNSPECIFIED.,.F.,
 .F.,(3,3),(0.,1.),.UNSPECIFIED.);
#241=B_SPLINE_CURVE_WITH_KNOTS('',2,(#9531,#9532,#9533),.UNSPECIFIED.,.F.,
 .F.,(3,3),(0.,1.),.UNSPECIFIED.);
#242=B_SPLINE_CURVE_WITH_KNOTS('',2,(#9542,#9543,#9544),.UNSPECIFIED.,.F.,
 .F.,(3,3),(0.,1.),.UNSPECIFIED.);
#243=B_SPLINE_CURVE_WITH_KNOTS('',2,(#9547,#9548,#9549),.UNSPECIFIED.,.F.,
 .F.,(3,3),(0.,1.),.UNSPECIFIED.);
#244=B_SPLINE_CURVE_WITH_KNOTS('',2,(#9557,#9558,#9559),.UNSPECIFIED.,.F.,
 .F.,(3,3),(0.,1.),.UNSPECIFIED.);
#245=B_SPLINE_CURVE_WITH_KNOTS('',2,(#9562,#9563,#9564),.UNSPECIFIED.,.F.,
 .F.,(3,3),(0.,1.),.UNSPECIFIED.);
#246=B_SPLINE_CURVE_WITH_KNOTS('',2,(#9572,#9573,#9574),.UNSPECIFIED.,.F.,
 .F.,(3,3),(0.,1.),.UNSPECIFIED.);
#247=B_SPLINE_CURVE_WITH_KNOTS('',2,(#9577,#9578,#9579),.UNSPECIFIED.,.F.,
 .F.,(3,3),(0.,1.),.UNSPECIFIED.);
#248=B_SPLINE_CURVE_WITH_KNOTS('',2,(#9587,#9588,#9589),.UNSPECIFIED.,.F.,
 .F.,(3,3),(0.,1.),.UNSPECIFIED.);
#249=B_SPLINE_CURVE_WITH_KNOTS('',2,(#9592,#9593,#9594),.UNSPECIFIED.,.F.,
 .F.,(3,3),(0.,1.),.UNSPECIFIED.);
#250=B_SPLINE_CURVE_WITH_KNOTS('',2,(#9602,#9603,#9604),.UNSPECIFIED.,.F.,
 .F.,(3,3),(0.,1.),.UNSPECIFIED.);
#251=B_SPLINE_CURVE_WITH_KNOTS('',2,(#9607,#9608,#9609),.UNSPECIFIED.,.F.,
 .F.,(3,3),(0.,1.),.UNSPECIFIED.);
#252=B_SPLINE_CURVE_WITH_KNOTS('',2,(#9617,#9618,#9619),.UNSPECIFIED.,.F.,
 .F.,(3,3),(0.,1.),.UNSPECIFIED.);
#253=B_SPLINE_CURVE_WITH_KNOTS('',2,(#9622,#9623,#9624),.UNSPECIFIED.,.F.,
 .F.,(3,3),(0.,1.),.UNSPECIFIED.);
#254=B_SPLINE_CURVE_WITH_KNOTS('',2,(#9638,#9639,#9640),.UNSPECIFIED.,.F.,
 .F.,(3,3),(0.,1.),.UNSPECIFIED.);
#255=B_SPLINE_CURVE_WITH_KNOTS('',2,(#9643,#9644,#9645),.UNSPECIFIED.,.F.,
 .F.,(3,3),(0.,1.),.UNSPECIFIED.);
#256=B_SPLINE_CURVE_WITH_KNOTS('',2,(#9653,#9654,#9655),.UNSPECIFIED.,.F.,
 .F.,(3,3),(0.,1.),.UNSPECIFIED.);
#257=B_SPLINE_CURVE_WITH_KNOTS('',2,(#9658,#9659,#9660),.UNSPECIFIED.,.F.,
 .F.,(3,3),(0.,1.),.UNSPECIFIED.);
#258=B_SPLINE_CURVE_WITH_KNOTS('',2,(#9668,#9669,#9670),.UNSPECIFIED.,.F.,
 .F.,(3,3),(0.,1.),.UNSPECIFIED.);
#259=B_SPLINE_CURVE_WITH_KNOTS('',2,(#9673,#9674,#9675),.UNSPECIFIED.,.F.,
 .F.,(3,3),(0.,1.),.UNSPECIFIED.);
#260=B_SPLINE_CURVE_WITH_KNOTS('',2,(#9683,#9684,#9685),.UNSPECIFIED.,.F.,
 .F.,(3,3),(0.,1.),.UNSPECIFIED.);
#261=B_SPLINE_CURVE_WITH_KNOTS('',2,(#9688,#9689,#9690),.UNSPECIFIED.,.F.,
 .F.,(3,3),(0.,1.),.UNSPECIFIED.);
#262=B_SPLINE_CURVE_WITH_KNOTS('',2,(#9710,#9711,#9712),.UNSPECIFIED.,.F.,
 .F.,(3,3),(0.,1.),.UNSPECIFIED.);
#263=B_SPLINE_CURVE_WITH_KNOTS('',2,(#9715,#9716,#9717),.UNSPECIFIED.,.F.,
 .F.,(3,3),(0.,1.),.UNSPECIFIED.);
#264=B_SPLINE_CURVE_WITH_KNOTS('',2,(#9725,#9726,#9727),.UNSPECIFIED.,.F.,
 .F.,(3,3),(0.,1.),.UNSPECIFIED.);
#265=B_SPLINE_CURVE_WITH_KNOTS('',2,(#9730,#9731,#9732),.UNSPECIFIED.,.F.,
 .F.,(3,3),(0.,1.),.UNSPECIFIED.);
#266=B_SPLINE_CURVE_WITH_KNOTS('',2,(#9740,#9741,#9742),.UNSPECIFIED.,.F.,
 .F.,(3,3),(0.,1.),.UNSPECIFIED.);
#267=B_SPLINE_CURVE_WITH_KNOTS('',2,(#9745,#9746,#9747),.UNSPECIFIED.,.F.,
 .F.,(3,3),(0.,1.),.UNSPECIFIED.);
#268=B_SPLINE_CURVE_WITH_KNOTS('',2,(#9754,#9755,#9756),.UNSPECIFIED.,.F.,
 .F.,(3,3),(0.,1.),.UNSPECIFIED.);
#269=B_SPLINE_CURVE_WITH_KNOTS('',2,(#9757,#9758,#9759),.UNSPECIFIED.,.F.,
 .F.,(3,3),(0.,1.),.UNSPECIFIED.);
#270=B_SPLINE_CURVE_WITH_KNOTS('',2,(#9769,#9770,#9771),.UNSPECIFIED.,.F.,
 .F.,(3,3),(0.,1.),.UNSPECIFIED.);
#271=B_SPLINE_CURVE_WITH_KNOTS('',2,(#9775,#9776,#9777),.UNSPECIFIED.,.F.,
 .F.,(3,3),(0.,1.),.UNSPECIFIED.);
#272=B_SPLINE_CURVE_WITH_KNOTS('',2,(#9786,#9787,#9788),.UNSPECIFIED.,.F.,
 .F.,(3,3),(0.,1.),.UNSPECIFIED.);
#273=B_SPLINE_CURVE_WITH_KNOTS('',2,(#9791,#9792,#9793),.UNSPECIFIED.,.F.,
 .F.,(3,3),(0.,1.),.UNSPECIFIED.);
#274=B_SPLINE_CURVE_WITH_KNOTS('',2,(#9801,#9802,#9803),.UNSPECIFIED.,.F.,
 .F.,(3,3),(0.,1.),.UNSPECIFIED.);
#275=B_SPLINE_CURVE_WITH_KNOTS('',2,(#9806,#9807,#9808),.UNSPECIFIED.,.F.,
 .F.,(3,3),(0.,1.),.UNSPECIFIED.);
#276=B_SPLINE_CURVE_WITH_KNOTS('',2,(#9816,#9817,#9818),.UNSPECIFIED.,.F.,
 .F.,(3,3),(0.,1.),.UNSPECIFIED.);
#277=B_SPLINE_CURVE_WITH_KNOTS('',2,(#9821,#9822,#9823),.UNSPECIFIED.,.F.,
 .F.,(3,3),(0.,1.),.UNSPECIFIED.);
#278=B_SPLINE_CURVE_WITH_KNOTS('',2,(#9831,#9832,#9833),.UNSPECIFIED.,.F.,
 .F.,(3,3),(0.,1.),.UNSPECIFIED.);
#279=B_SPLINE_CURVE_WITH_KNOTS('',2,(#9836,#9837,#9838),.UNSPECIFIED.,.F.,
 .F.,(3,3),(0.,1.),.UNSPECIFIED.);
#280=B_SPLINE_CURVE_WITH_KNOTS('',2,(#9846,#9847,#9848),.UNSPECIFIED.,.F.,
 .F.,(3,3),(0.,1.),.UNSPECIFIED.);
#281=B_SPLINE_CURVE_WITH_KNOTS('',2,(#9851,#9852,#9853),.UNSPECIFIED.,.F.,
 .F.,(3,3),(0.,1.),.UNSPECIFIED.);
#282=B_SPLINE_CURVE_WITH_KNOTS('',2,(#9861,#9862,#9863),.UNSPECIFIED.,.F.,
 .F.,(3,3),(0.,1.),.UNSPECIFIED.);
#283=B_SPLINE_CURVE_WITH_KNOTS('',2,(#9866,#9867,#9868),.UNSPECIFIED.,.F.,
 .F.,(3,3),(0.,1.),.UNSPECIFIED.);
#284=B_SPLINE_CURVE_WITH_KNOTS('',2,(#9876,#9877,#9878),.UNSPECIFIED.,.F.,
 .F.,(3,3),(0.,1.),.UNSPECIFIED.);
#285=B_SPLINE_CURVE_WITH_KNOTS('',2,(#9881,#9882,#9883),.UNSPECIFIED.,.F.,
 .F.,(3,3),(0.,1.),.UNSPECIFIED.);
#286=B_SPLINE_CURVE_WITH_KNOTS('',2,(#9891,#9892,#9893),.UNSPECIFIED.,.F.,
 .F.,(3,3),(0.,1.),.UNSPECIFIED.);
#287=B_SPLINE_CURVE_WITH_KNOTS('',2,(#9896,#9897,#9898),.UNSPECIFIED.,.F.,
 .F.,(3,3),(0.,1.),.UNSPECIFIED.);
#288=B_SPLINE_CURVE_WITH_KNOTS('',2,(#9912,#9913,#9914),.UNSPECIFIED.,.F.,
 .F.,(3,3),(0.,1.),.UNSPECIFIED.);
#289=B_SPLINE_CURVE_WITH_KNOTS('',2,(#9917,#9918,#9919),.UNSPECIFIED.,.F.,
 .F.,(3,3),(0.,1.),.UNSPECIFIED.);
#290=B_SPLINE_CURVE_WITH_KNOTS('',2,(#9927,#9928,#9929),.UNSPECIFIED.,.F.,
 .F.,(3,3),(0.,1.),.UNSPECIFIED.);
#291=B_SPLINE_CURVE_WITH_KNOTS('',2,(#9932,#9933,#9934),.UNSPECIFIED.,.F.,
 .F.,(3,3),(0.,1.),.UNSPECIFIED.);
#292=B_SPLINE_CURVE_WITH_KNOTS('',2,(#9942,#9943,#9944),.UNSPECIFIED.,.F.,
 .F.,(3,3),(0.,1.),.UNSPECIFIED.);
#293=B_SPLINE_CURVE_WITH_KNOTS('',2,(#9947,#9948,#9949),.UNSPECIFIED.,.F.,
 .F.,(3,3),(0.,1.),.UNSPECIFIED.);
#294=B_SPLINE_CURVE_WITH_KNOTS('',2,(#9957,#9958,#9959),.UNSPECIFIED.,.F.,
 .F.,(3,3),(0.,1.),.UNSPECIFIED.);
#295=B_SPLINE_CURVE_WITH_KNOTS('',2,(#9962,#9963,#9964),.UNSPECIFIED.,.F.,
 .F.,(3,3),(0.,1.),.UNSPECIFIED.);
#296=B_SPLINE_CURVE_WITH_KNOTS('',2,(#9972,#9973,#9974),.UNSPECIFIED.,.F.,
 .F.,(3,3),(0.,1.),.UNSPECIFIED.);
#297=B_SPLINE_CURVE_WITH_KNOTS('',2,(#9977,#9978,#9979),.UNSPECIFIED.,.F.,
 .F.,(3,3),(0.,1.),.UNSPECIFIED.);
#298=B_SPLINE_CURVE_WITH_KNOTS('',2,(#9987,#9988,#9989),.UNSPECIFIED.,.F.,
 .F.,(3,3),(0.,1.),.UNSPECIFIED.);
#299=B_SPLINE_CURVE_WITH_KNOTS('',2,(#9992,#9993,#9994),.UNSPECIFIED.,.F.,
 .F.,(3,3),(0.,1.),.UNSPECIFIED.);
#300=B_SPLINE_CURVE_WITH_KNOTS('',2,(#10002,#10003,#10004),
 .UNSPECIFIED.,.F.,.F.,(3,3),(0.,1.),.UNSPECIFIED.);
#301=B_SPLINE_CURVE_WITH_KNOTS('',2,(#10007,#10008,#10009),
 .UNSPECIFIED.,.F.,.F.,(3,3),(0.,1.),.UNSPECIFIED.);
#302=B_SPLINE_CURVE_WITH_KNOTS('',2,(#10017,#10018,#10019),
 .UNSPECIFIED.,.F.,.F.,(3,3),(0.,1.),.UNSPECIFIED.);
#303=B_SPLINE_CURVE_WITH_KNOTS('',2,(#10022,#10023,#10024),
 .UNSPECIFIED.,.F.,.F.,(3,3),(0.,1.),.UNSPECIFIED.);
#304=B_SPLINE_CURVE_WITH_KNOTS('',2,(#10032,#10033,#10034),
 .UNSPECIFIED.,.F.,.F.,(3,3),(0.,1.),.UNSPECIFIED.);
#305=B_SPLINE_CURVE_WITH_KNOTS('',2,(#10037,#10038,#10039),
 .UNSPECIFIED.,.F.,.F.,(3,3),(0.,1.),.UNSPECIFIED.);
#306=B_SPLINE_CURVE_WITH_KNOTS('',2,(#10047,#10048,#10049),
 .UNSPECIFIED.,.F.,.F.,(3,3),(0.,1.),.UNSPECIFIED.);
#307=B_SPLINE_CURVE_WITH_KNOTS('',2,(#10052,#10053,#10054),
 .UNSPECIFIED.,.F.,.F.,(3,3),(0.,1.),.UNSPECIFIED.);
#308=B_SPLINE_CURVE_WITH_KNOTS('',2,(#10062,#10063,#10064),
 .UNSPECIFIED.,.F.,.F.,(3,3),(0.,1.),.UNSPECIFIED.);
#309=B_SPLINE_CURVE_WITH_KNOTS('',2,(#10067,#10068,#10069),
 .UNSPECIFIED.,.F.,.F.,(3,3),(0.,1.),.UNSPECIFIED.);
#310=B_SPLINE_CURVE_WITH_KNOTS('',2,(#10077,#10078,#10079),
 .UNSPECIFIED.,.F.,.F.,(3,3),(0.,1.),.UNSPECIFIED.);
#311=B_SPLINE_CURVE_WITH_KNOTS('',2,(#10082,#10083,#10084),
 .UNSPECIFIED.,.F.,.F.,(3,3),(0.,1.),.UNSPECIFIED.);
#312=B_SPLINE_CURVE_WITH_KNOTS('',2,(#10092,#10093,#10094),
 .UNSPECIFIED.,.F.,.F.,(3,3),(0.,1.),.UNSPECIFIED.);
#313=B_SPLINE_CURVE_WITH_KNOTS('',2,(#10097,#10098,#10099),
 .UNSPECIFIED.,.F.,.F.,(3,3),(0.,1.),.UNSPECIFIED.);
#314=B_SPLINE_CURVE_WITH_KNOTS('',2,(#10107,#10108,#10109),
 .UNSPECIFIED.,.F.,.F.,(3,3),(0.,1.),.UNSPECIFIED.);
#315=B_SPLINE_CURVE_WITH_KNOTS('',2,(#10112,#10113,#10114),
 .UNSPECIFIED.,.F.,.F.,(3,3),(0.,1.),.UNSPECIFIED.);
#316=B_SPLINE_CURVE_WITH_KNOTS('',2,(#10128,#10129,#10130),
 .UNSPECIFIED.,.F.,.F.,(3,3),(0.,1.),.UNSPECIFIED.);
#317=B_SPLINE_CURVE_WITH_KNOTS('',2,(#10133,#10134,#10135),
 .UNSPECIFIED.,.F.,.F.,(3,3),(0.,1.),.UNSPECIFIED.);
#318=B_SPLINE_CURVE_WITH_KNOTS('',2,(#10143,#10144,#10145),
 .UNSPECIFIED.,.F.,.F.,(3,3),(0.,1.),.UNSPECIFIED.);
#319=B_SPLINE_CURVE_WITH_KNOTS('',2,(#10148,#10149,#10150),
 .UNSPECIFIED.,.F.,.F.,(3,3),(0.,1.),.UNSPECIFIED.);
#320=B_SPLINE_CURVE_WITH_KNOTS('',2,(#10158,#10159,#10160),
 .UNSPECIFIED.,.F.,.F.,(3,3),(0.,1.),.UNSPECIFIED.);
#321=B_SPLINE_CURVE_WITH_KNOTS('',2,(#10163,#10164,#10165),
 .UNSPECIFIED.,.F.,.F.,(3,3),(0.,1.),.UNSPECIFIED.);
#322=B_SPLINE_CURVE_WITH_KNOTS('',2,(#10173,#10174,#10175),
 .UNSPECIFIED.,.F.,.F.,(3,3),(0.,1.),.UNSPECIFIED.);
#323=B_SPLINE_CURVE_WITH_KNOTS('',2,(#10178,#10179,#10180),
 .UNSPECIFIED.,.F.,.F.,(3,3),(0.,1.),.UNSPECIFIED.);
#324=B_SPLINE_CURVE_WITH_KNOTS('',2,(#10187,#10188,#10189),
 .UNSPECIFIED.,.F.,.F.,(3,3),(0.,1.),.UNSPECIFIED.);
#325=B_SPLINE_CURVE_WITH_KNOTS('',2,(#10190,#10191,#10192),
 .UNSPECIFIED.,.F.,.F.,(3,3),(0.,1.),.UNSPECIFIED.);
#326=B_SPLINE_CURVE_WITH_KNOTS('',2,(#10202,#10203,#10204),
 .UNSPECIFIED.,.F.,.F.,(3,3),(0.,1.),.UNSPECIFIED.);
#327=B_SPLINE_CURVE_WITH_KNOTS('',2,(#10208,#10209,#10210),
 .UNSPECIFIED.,.F.,.F.,(3,3),(0.,1.),.UNSPECIFIED.);
#328=B_SPLINE_CURVE_WITH_KNOTS('',2,(#10219,#10220,#10221),
 .UNSPECIFIED.,.F.,.F.,(3,3),(0.,1.),.UNSPECIFIED.);
#329=B_SPLINE_CURVE_WITH_KNOTS('',2,(#10224,#10225,#10226),
 .UNSPECIFIED.,.F.,.F.,(3,3),(0.,1.),.UNSPECIFIED.);
#330=B_SPLINE_CURVE_WITH_KNOTS('',2,(#10234,#10235,#10236),
 .UNSPECIFIED.,.F.,.F.,(3,3),(0.,1.),.UNSPECIFIED.);
#331=B_SPLINE_CURVE_WITH_KNOTS('',2,(#10239,#10240,#10241),
 .UNSPECIFIED.,.F.,.F.,(3,3),(0.,1.),.UNSPECIFIED.);
#332=B_SPLINE_CURVE_WITH_KNOTS('',2,(#10249,#10250,#10251),
 .UNSPECIFIED.,.F.,.F.,(3,3),(0.,1.),.UNSPECIFIED.);
#333=B_SPLINE_CURVE_WITH_KNOTS('',2,(#10254,#10255,#10256),
 .UNSPECIFIED.,.F.,.F.,(3,3),(0.,1.),.UNSPECIFIED.);
#334=B_SPLINE_CURVE_WITH_KNOTS('',2,(#10264,#10265,#10266),
 .UNSPECIFIED.,.F.,.F.,(3,3),(0.,1.),.UNSPECIFIED.);
#335=B_SPLINE_CURVE_WITH_KNOTS('',2,(#10269,#10270,#10271),
 .UNSPECIFIED.,.F.,.F.,(3,3),(0.,1.),.UNSPECIFIED.);
#336=B_SPLINE_CURVE_WITH_KNOTS('',2,(#10279,#10280,#10281),
 .UNSPECIFIED.,.F.,.F.,(3,3),(0.,1.),.UNSPECIFIED.);
#337=B_SPLINE_CURVE_WITH_KNOTS('',2,(#10284,#10285,#10286),
 .UNSPECIFIED.,.F.,.F.,(3,3),(0.,1.),.UNSPECIFIED.);
#338=B_SPLINE_CURVE_WITH_KNOTS('',2,(#10294,#10295,#10296),
 .UNSPECIFIED.,.F.,.F.,(3,3),(0.,1.),.UNSPECIFIED.);
#339=B_SPLINE_CURVE_WITH_KNOTS('',2,(#10299,#10300,#10301),
 .UNSPECIFIED.,.F.,.F.,(3,3),(0.,1.),.UNSPECIFIED.);
#340=B_SPLINE_CURVE_WITH_KNOTS('',2,(#10308,#10309,#10310),
 .UNSPECIFIED.,.F.,.F.,(3,3),(0.,1.),.UNSPECIFIED.);
#341=B_SPLINE_CURVE_WITH_KNOTS('',2,(#10311,#10312,#10313),
 .UNSPECIFIED.,.F.,.F.,(3,3),(0.,1.),.UNSPECIFIED.);
#342=B_SPLINE_CURVE_WITH_KNOTS('',2,(#10322,#10323,#10324),
 .UNSPECIFIED.,.F.,.F.,(3,3),(0.,1.),.UNSPECIFIED.);
#343=B_SPLINE_CURVE_WITH_KNOTS('',2,(#10328,#10329,#10330),
 .UNSPECIFIED.,.F.,.F.,(3,3),(0.,1.),.UNSPECIFIED.);
#344=B_SPLINE_CURVE_WITH_KNOTS('',2,(#10339,#10340,#10341),
 .UNSPECIFIED.,.F.,.F.,(3,3),(0.,1.),.UNSPECIFIED.);
#345=B_SPLINE_CURVE_WITH_KNOTS('',2,(#10344,#10345,#10346),
 .UNSPECIFIED.,.F.,.F.,(3,3),(0.,1.),.UNSPECIFIED.);
#346=B_SPLINE_CURVE_WITH_KNOTS('',2,(#10354,#10355,#10356),
 .UNSPECIFIED.,.F.,.F.,(3,3),(0.,1.),.UNSPECIFIED.);
#347=B_SPLINE_CURVE_WITH_KNOTS('',2,(#10359,#10360,#10361),
 .UNSPECIFIED.,.F.,.F.,(3,3),(0.,1.),.UNSPECIFIED.);
#348=B_SPLINE_CURVE_WITH_KNOTS('',2,(#10369,#10370,#10371),
 .UNSPECIFIED.,.F.,.F.,(3,3),(0.,1.),.UNSPECIFIED.);
#349=B_SPLINE_CURVE_WITH_KNOTS('',2,(#10374,#10375,#10376),
 .UNSPECIFIED.,.F.,.F.,(3,3),(0.,1.),.UNSPECIFIED.);
#350=B_SPLINE_CURVE_WITH_KNOTS('',2,(#10384,#10385,#10386),
 .UNSPECIFIED.,.F.,.F.,(3,3),(0.,1.),.UNSPECIFIED.);
#351=B_SPLINE_CURVE_WITH_KNOTS('',2,(#10389,#10390,#10391),
 .UNSPECIFIED.,.F.,.F.,(3,3),(0.,1.),.UNSPECIFIED.);
#352=B_SPLINE_CURVE_WITH_KNOTS('',2,(#10399,#10400,#10401),
 .UNSPECIFIED.,.F.,.F.,(3,3),(0.,1.),.UNSPECIFIED.);
#353=B_SPLINE_CURVE_WITH_KNOTS('',2,(#10404,#10405,#10406),
 .UNSPECIFIED.,.F.,.F.,(3,3),(0.,1.),.UNSPECIFIED.);
#354=B_SPLINE_CURVE_WITH_KNOTS('',2,(#10414,#10415,#10416),
 .UNSPECIFIED.,.F.,.F.,(3,3),(0.,1.),.UNSPECIFIED.);
#355=B_SPLINE_CURVE_WITH_KNOTS('',2,(#10419,#10420,#10421),
 .UNSPECIFIED.,.F.,.F.,(3,3),(0.,1.),.UNSPECIFIED.);
#356=B_SPLINE_CURVE_WITH_KNOTS('',2,(#10429,#10430,#10431),
 .UNSPECIFIED.,.F.,.F.,(3,3),(0.,1.),.UNSPECIFIED.);
#357=B_SPLINE_CURVE_WITH_KNOTS('',2,(#10434,#10435,#10436),
 .UNSPECIFIED.,.F.,.F.,(3,3),(0.,1.),.UNSPECIFIED.);
#358=B_SPLINE_CURVE_WITH_KNOTS('',2,(#10444,#10445,#10446),
 .UNSPECIFIED.,.F.,.F.,(3,3),(0.,1.),.UNSPECIFIED.);
#359=B_SPLINE_CURVE_WITH_KNOTS('',2,(#10449,#10450,#10451),
 .UNSPECIFIED.,.F.,.F.,(3,3),(0.,1.),.UNSPECIFIED.);
#360=B_SPLINE_CURVE_WITH_KNOTS('',2,(#10458,#10459,#10460),
 .UNSPECIFIED.,.F.,.F.,(3,3),(0.,1.),.UNSPECIFIED.);
#361=B_SPLINE_CURVE_WITH_KNOTS('',2,(#10461,#10462,#10463),
 .UNSPECIFIED.,.F.,.F.,(3,3),(0.,1.),.UNSPECIFIED.);
#362=B_SPLINE_CURVE_WITH_KNOTS('',2,(#10473,#10474,#10475),
 .UNSPECIFIED.,.F.,.F.,(3,3),(0.,1.),.UNSPECIFIED.);
#363=B_SPLINE_CURVE_WITH_KNOTS('',2,(#10479,#10480,#10481),
 .UNSPECIFIED.,.F.,.F.,(3,3),(0.,1.),.UNSPECIFIED.);
#364=B_SPLINE_CURVE_WITH_KNOTS('',2,(#10490,#10491,#10492),
 .UNSPECIFIED.,.F.,.F.,(3,3),(0.,1.),.UNSPECIFIED.);
#365=B_SPLINE_CURVE_WITH_KNOTS('',2,(#10495,#10496,#10497),
 .UNSPECIFIED.,.F.,.F.,(3,3),(0.,1.),.UNSPECIFIED.);
#366=B_SPLINE_CURVE_WITH_KNOTS('',2,(#10505,#10506,#10507),
 .UNSPECIFIED.,.F.,.F.,(3,3),(0.,1.),.UNSPECIFIED.);
#367=B_SPLINE_CURVE_WITH_KNOTS('',2,(#10510,#10511,#10512),
 .UNSPECIFIED.,.F.,.F.,(3,3),(0.,1.),.UNSPECIFIED.);
#368=B_SPLINE_CURVE_WITH_KNOTS('',2,(#10520,#10521,#10522),
 .UNSPECIFIED.,.F.,.F.,(3,3),(0.,1.),.UNSPECIFIED.);
#369=B_SPLINE_CURVE_WITH_KNOTS('',2,(#10525,#10526,#10527),
 .UNSPECIFIED.,.F.,.F.,(3,3),(0.,1.),.UNSPECIFIED.);
#370=B_SPLINE_CURVE_WITH_KNOTS('',2,(#10535,#10536,#10537),
 .UNSPECIFIED.,.F.,.F.,(3,3),(0.,1.),.UNSPECIFIED.);
#371=B_SPLINE_CURVE_WITH_KNOTS('',2,(#10540,#10541,#10542),
 .UNSPECIFIED.,.F.,.F.,(3,3),(0.,1.),.UNSPECIFIED.);
#372=B_SPLINE_CURVE_WITH_KNOTS('',2,(#10550,#10551,#10552),
 .UNSPECIFIED.,.F.,.F.,(3,3),(0.,1.),.UNSPECIFIED.);
#373=B_SPLINE_CURVE_WITH_KNOTS('',2,(#10555,#10556,#10557),
 .UNSPECIFIED.,.F.,.F.,(3,3),(0.,1.),.UNSPECIFIED.);
#374=B_SPLINE_CURVE_WITH_KNOTS('',2,(#10565,#10566,#10567),
 .UNSPECIFIED.,.F.,.F.,(3,3),(0.,1.),.UNSPECIFIED.);
#375=B_SPLINE_CURVE_WITH_KNOTS('',2,(#10570,#10571,#10572),
 .UNSPECIFIED.,.F.,.F.,(3,3),(0.,1.),.UNSPECIFIED.);
#376=B_SPLINE_CURVE_WITH_KNOTS('',2,(#10579,#10580,#10581),
 .UNSPECIFIED.,.F.,.F.,(3,3),(0.,1.),.UNSPECIFIED.);
#377=B_SPLINE_CURVE_WITH_KNOTS('',2,(#10582,#10583,#10584),
 .UNSPECIFIED.,.F.,.F.,(3,3),(0.,1.),.UNSPECIFIED.);
#378=B_SPLINE_CURVE_WITH_KNOTS('',2,(#10593,#10594,#10595),
 .UNSPECIFIED.,.F.,.F.,(3,3),(0.,1.),.UNSPECIFIED.);
#379=B_SPLINE_CURVE_WITH_KNOTS('',2,(#10599,#10600,#10601),
 .UNSPECIFIED.,.F.,.F.,(3,3),(0.,1.),.UNSPECIFIED.);
#380=B_SPLINE_CURVE_WITH_KNOTS('',2,(#10610,#10611,#10612),
 .UNSPECIFIED.,.F.,.F.,(3,3),(0.,1.),.UNSPECIFIED.);
#381=B_SPLINE_CURVE_WITH_KNOTS('',2,(#10615,#10616,#10617),
 .UNSPECIFIED.,.F.,.F.,(3,3),(0.,1.),.UNSPECIFIED.);
#382=B_SPLINE_CURVE_WITH_KNOTS('',2,(#10625,#10626,#10627),
 .UNSPECIFIED.,.F.,.F.,(3,3),(0.,1.),.UNSPECIFIED.);
#383=B_SPLINE_CURVE_WITH_KNOTS('',2,(#10630,#10631,#10632),
 .UNSPECIFIED.,.F.,.F.,(3,3),(0.,1.),.UNSPECIFIED.);
#384=B_SPLINE_CURVE_WITH_KNOTS('',2,(#10640,#10641,#10642),
 .UNSPECIFIED.,.F.,.F.,(3,3),(0.,1.),.UNSPECIFIED.);
#385=B_SPLINE_CURVE_WITH_KNOTS('',2,(#10645,#10646,#10647),
 .UNSPECIFIED.,.F.,.F.,(3,3),(0.,1.),.UNSPECIFIED.);
#386=B_SPLINE_CURVE_WITH_KNOTS('',2,(#10655,#10656,#10657),
 .UNSPECIFIED.,.F.,.F.,(3,3),(0.,1.),.UNSPECIFIED.);
#387=B_SPLINE_CURVE_WITH_KNOTS('',2,(#10660,#10661,#10662),
 .UNSPECIFIED.,.F.,.F.,(3,3),(0.,1.),.UNSPECIFIED.);
#388=B_SPLINE_CURVE_WITH_KNOTS('',2,(#10670,#10671,#10672),
 .UNSPECIFIED.,.F.,.F.,(3,3),(0.,1.),.UNSPECIFIED.);
#389=B_SPLINE_CURVE_WITH_KNOTS('',2,(#10675,#10676,#10677),
 .UNSPECIFIED.,.F.,.F.,(3,3),(0.,1.),.UNSPECIFIED.);
#390=B_SPLINE_CURVE_WITH_KNOTS('',2,(#10685,#10686,#10687),
 .UNSPECIFIED.,.F.,.F.,(3,3),(0.,1.),.UNSPECIFIED.);
#391=B_SPLINE_CURVE_WITH_KNOTS('',2,(#10690,#10691,#10692),
 .UNSPECIFIED.,.F.,.F.,(3,3),(0.,1.),.UNSPECIFIED.);
#392=B_SPLINE_CURVE_WITH_KNOTS('',2,(#10700,#10701,#10702),
 .UNSPECIFIED.,.F.,.F.,(3,3),(0.,1.),.UNSPECIFIED.);
#393=B_SPLINE_CURVE_WITH_KNOTS('',2,(#10705,#10706,#10707),
 .UNSPECIFIED.,.F.,.F.,(3,3),(0.,1.),.UNSPECIFIED.);
#394=B_SPLINE_CURVE_WITH_KNOTS('',2,(#10715,#10716,#10717),
 .UNSPECIFIED.,.F.,.F.,(3,3),(0.,1.),.UNSPECIFIED.);
#395=B_SPLINE_CURVE_WITH_KNOTS('',2,(#10720,#10721,#10722),
 .UNSPECIFIED.,.F.,.F.,(3,3),(0.,1.),.UNSPECIFIED.);
#396=B_SPLINE_CURVE_WITH_KNOTS('',2,(#10729,#10730,#10731),
 .UNSPECIFIED.,.F.,.F.,(3,3),(0.,1.),.UNSPECIFIED.);
#397=B_SPLINE_CURVE_WITH_KNOTS('',2,(#10732,#10733,#10734),
 .UNSPECIFIED.,.F.,.F.,(3,3),(0.,1.),.UNSPECIFIED.);
#398=B_SPLINE_CURVE_WITH_KNOTS('',2,(#10805,#10806,#10807),
 .UNSPECIFIED.,.F.,.F.,(3,3),(0.,1.),.UNSPECIFIED.);
#399=B_SPLINE_CURVE_WITH_KNOTS('',2,(#10811,#10812,#10813),
 .UNSPECIFIED.,.F.,.F.,(3,3),(0.,1.),.UNSPECIFIED.);
#400=B_SPLINE_CURVE_WITH_KNOTS('',2,(#10828,#10829,#10830),
 .UNSPECIFIED.,.F.,.F.,(3,3),(0.,1.),.UNSPECIFIED.);
#401=B_SPLINE_CURVE_WITH_KNOTS('',2,(#10833,#10834,#10835),
 .UNSPECIFIED.,.F.,.F.,(3,3),(0.,1.),.UNSPECIFIED.);
#402=B_SPLINE_CURVE_WITH_KNOTS('',2,(#10843,#10844,#10845),
 .UNSPECIFIED.,.F.,.F.,(3,3),(0.,1.),.UNSPECIFIED.);
#403=B_SPLINE_CURVE_WITH_KNOTS('',2,(#10848,#10849,#10850),
 .UNSPECIFIED.,.F.,.F.,(3,3),(0.,1.),.UNSPECIFIED.);
#404=B_SPLINE_CURVE_WITH_KNOTS('',2,(#10857,#10858,#10859),
 .UNSPECIFIED.,.F.,.F.,(3,3),(0.,1.),.UNSPECIFIED.);
#405=B_SPLINE_CURVE_WITH_KNOTS('',2,(#10860,#10861,#10862),
 .UNSPECIFIED.,.F.,.F.,(3,3),(0.,1.),.UNSPECIFIED.);
#406=B_SPLINE_CURVE_WITH_KNOTS('',2,(#10871,#10872,#10873),
 .UNSPECIFIED.,.F.,.F.,(3,3),(0.,1.),.UNSPECIFIED.);
#407=B_SPLINE_CURVE_WITH_KNOTS('',2,(#10877,#10878,#10879),
 .UNSPECIFIED.,.F.,.F.,(3,3),(0.,1.),.UNSPECIFIED.);
#408=B_SPLINE_CURVE_WITH_KNOTS('',2,(#10888,#10889,#10890),
 .UNSPECIFIED.,.F.,.F.,(3,3),(0.,1.),.UNSPECIFIED.);
#409=B_SPLINE_CURVE_WITH_KNOTS('',2,(#10893,#10894,#10895),
 .UNSPECIFIED.,.F.,.F.,(3,3),(0.,1.),.UNSPECIFIED.);
#410=B_SPLINE_CURVE_WITH_KNOTS('',2,(#10903,#10904,#10905),
 .UNSPECIFIED.,.F.,.F.,(3,3),(0.,1.),.UNSPECIFIED.);
#411=B_SPLINE_CURVE_WITH_KNOTS('',2,(#10908,#10909,#10910),
 .UNSPECIFIED.,.F.,.F.,(3,3),(0.,1.),.UNSPECIFIED.);
#412=B_SPLINE_CURVE_WITH_KNOTS('',2,(#10918,#10919,#10920),
 .UNSPECIFIED.,.F.,.F.,(3,3),(0.,1.),.UNSPECIFIED.);
#413=B_SPLINE_CURVE_WITH_KNOTS('',2,(#10923,#10924,#10925),
 .UNSPECIFIED.,.F.,.F.,(3,3),(0.,1.),.UNSPECIFIED.);
#414=B_SPLINE_CURVE_WITH_KNOTS('',2,(#10933,#10934,#10935),
 .UNSPECIFIED.,.F.,.F.,(3,3),(0.,1.),.UNSPECIFIED.);
#415=B_SPLINE_CURVE_WITH_KNOTS('',2,(#10938,#10939,#10940),
 .UNSPECIFIED.,.F.,.F.,(3,3),(0.,1.),.UNSPECIFIED.);
#416=B_SPLINE_CURVE_WITH_KNOTS('',2,(#10948,#10949,#10950),
 .UNSPECIFIED.,.F.,.F.,(3,3),(0.,1.),.UNSPECIFIED.);
#417=B_SPLINE_CURVE_WITH_KNOTS('',2,(#10953,#10954,#10955),
 .UNSPECIFIED.,.F.,.F.,(3,3),(0.,1.),.UNSPECIFIED.);
#418=B_SPLINE_CURVE_WITH_KNOTS('',2,(#10963,#10964,#10965),
 .UNSPECIFIED.,.F.,.F.,(3,3),(0.,1.),.UNSPECIFIED.);
#419=B_SPLINE_CURVE_WITH_KNOTS('',2,(#10968,#10969,#10970),
 .UNSPECIFIED.,.F.,.F.,(3,3),(0.,1.),.UNSPECIFIED.);
#420=B_SPLINE_CURVE_WITH_KNOTS('',2,(#10984,#10985,#10986),
 .UNSPECIFIED.,.F.,.F.,(3,3),(0.,1.),.UNSPECIFIED.);
#421=B_SPLINE_CURVE_WITH_KNOTS('',2,(#10989,#10990,#10991),
 .UNSPECIFIED.,.F.,.F.,(3,3),(0.,1.),.UNSPECIFIED.);
#422=B_SPLINE_CURVE_WITH_KNOTS('',2,(#10999,#11000,#11001),
 .UNSPECIFIED.,.F.,.F.,(3,3),(0.,1.),.UNSPECIFIED.);
#423=B_SPLINE_CURVE_WITH_KNOTS('',2,(#11004,#11005,#11006),
 .UNSPECIFIED.,.F.,.F.,(3,3),(0.,1.),.UNSPECIFIED.);
#424=B_SPLINE_CURVE_WITH_KNOTS('',2,(#11014,#11015,#11016),
 .UNSPECIFIED.,.F.,.F.,(3,3),(0.,1.),.UNSPECIFIED.);
#425=B_SPLINE_CURVE_WITH_KNOTS('',2,(#11019,#11020,#11021),
 .UNSPECIFIED.,.F.,.F.,(3,3),(0.,1.),.UNSPECIFIED.);
#426=B_SPLINE_CURVE_WITH_KNOTS('',2,(#11029,#11030,#11031),
 .UNSPECIFIED.,.F.,.F.,(3,3),(0.,1.),.UNSPECIFIED.);
#427=B_SPLINE_CURVE_WITH_KNOTS('',2,(#11034,#11035,#11036),
 .UNSPECIFIED.,.F.,.F.,(3,3),(0.,1.),.UNSPECIFIED.);
#428=B_SPLINE_CURVE_WITH_KNOTS('',2,(#11056,#11057,#11058),
 .UNSPECIFIED.,.F.,.F.,(3,3),(0.,1.),.UNSPECIFIED.);
#429=B_SPLINE_CURVE_WITH_KNOTS('',2,(#11061,#11062,#11063),
 .UNSPECIFIED.,.F.,.F.,(3,3),(0.,1.),.UNSPECIFIED.);
#430=B_SPLINE_CURVE_WITH_KNOTS('',2,(#11071,#11072,#11073),
 .UNSPECIFIED.,.F.,.F.,(3,3),(0.,1.),.UNSPECIFIED.);
#431=B_SPLINE_CURVE_WITH_KNOTS('',2,(#11076,#11077,#11078),
 .UNSPECIFIED.,.F.,.F.,(3,3),(0.,1.),.UNSPECIFIED.);
#432=B_SPLINE_CURVE_WITH_KNOTS('',2,(#11086,#11087,#11088),
 .UNSPECIFIED.,.F.,.F.,(3,3),(0.,1.),.UNSPECIFIED.);
#433=B_SPLINE_CURVE_WITH_KNOTS('',2,(#11091,#11092,#11093),
 .UNSPECIFIED.,.F.,.F.,(3,3),(0.,1.),.UNSPECIFIED.);
#434=B_SPLINE_CURVE_WITH_KNOTS('',2,(#11100,#11101,#11102),
 .UNSPECIFIED.,.F.,.F.,(3,3),(0.,1.),.UNSPECIFIED.);
#435=B_SPLINE_CURVE_WITH_KNOTS('',2,(#11103,#11104,#11105),
 .UNSPECIFIED.,.F.,.F.,(3,3),(0.,1.),.UNSPECIFIED.);
#436=B_SPLINE_CURVE_WITH_KNOTS('',2,(#11115,#11116,#11117),
 .UNSPECIFIED.,.F.,.F.,(3,3),(0.,1.),.UNSPECIFIED.);
#437=B_SPLINE_CURVE_WITH_KNOTS('',2,(#11121,#11122,#11123),
 .UNSPECIFIED.,.F.,.F.,(3,3),(0.,1.),.UNSPECIFIED.);
#438=B_SPLINE_CURVE_WITH_KNOTS('',2,(#11168,#11169,#11170),
 .UNSPECIFIED.,.F.,.F.,(3,3),(0.,1.),.UNSPECIFIED.);
#439=B_SPLINE_CURVE_WITH_KNOTS('',2,(#11173,#11174,#11175),
 .UNSPECIFIED.,.F.,.F.,(3,3),(0.,1.),.UNSPECIFIED.);
#440=B_SPLINE_CURVE_WITH_KNOTS('',2,(#11183,#11184,#11185),
 .UNSPECIFIED.,.F.,.F.,(3,3),(0.,1.),.UNSPECIFIED.);
#441=B_SPLINE_CURVE_WITH_KNOTS('',2,(#11188,#11189,#11190),
 .UNSPECIFIED.,.F.,.F.,(3,3),(0.,1.),.UNSPECIFIED.);
#442=B_SPLINE_CURVE_WITH_KNOTS('',2,(#11198,#11199,#11200),
 .UNSPECIFIED.,.F.,.F.,(3,3),(0.,1.),.UNSPECIFIED.);
#443=B_SPLINE_CURVE_WITH_KNOTS('',2,(#11203,#11204,#11205),
 .UNSPECIFIED.,.F.,.F.,(3,3),(0.,1.),.UNSPECIFIED.);
#444=B_SPLINE_CURVE_WITH_KNOTS('',2,(#11231,#11232,#11233),
 .UNSPECIFIED.,.F.,.F.,(3,3),(0.,1.),.UNSPECIFIED.);
#445=B_SPLINE_CURVE_WITH_KNOTS('',2,(#11236,#11237,#11238),
 .UNSPECIFIED.,.F.,.F.,(3,3),(0.,1.),.UNSPECIFIED.);
#446=B_SPLINE_CURVE_WITH_KNOTS('',2,(#11246,#11247,#11248),
 .UNSPECIFIED.,.F.,.F.,(3,3),(0.,1.),.UNSPECIFIED.);
#447=B_SPLINE_CURVE_WITH_KNOTS('',2,(#11251,#11252,#11253),
 .UNSPECIFIED.,.F.,.F.,(3,3),(0.,1.),.UNSPECIFIED.);
#448=B_SPLINE_CURVE_WITH_KNOTS('',2,(#11260,#11261,#11262),
 .UNSPECIFIED.,.F.,.F.,(3,3),(0.,1.),.UNSPECIFIED.);
#449=B_SPLINE_CURVE_WITH_KNOTS('',2,(#11263,#11264,#11265),
 .UNSPECIFIED.,.F.,.F.,(3,3),(0.,1.),.UNSPECIFIED.);
#450=B_SPLINE_CURVE_WITH_KNOTS('',2,(#11275,#11276,#11277),
 .UNSPECIFIED.,.F.,.F.,(3,3),(0.,1.),.UNSPECIFIED.);
#451=B_SPLINE_CURVE_WITH_KNOTS('',2,(#11281,#11282,#11283),
 .UNSPECIFIED.,.F.,.F.,(3,3),(0.,1.),.UNSPECIFIED.);
#452=B_SPLINE_CURVE_WITH_KNOTS('',2,(#11358,#11359,#11360),
 .UNSPECIFIED.,.F.,.F.,(3,3),(0.,1.),.UNSPECIFIED.);
#453=B_SPLINE_CURVE_WITH_KNOTS('',2,(#11363,#11364,#11365),
 .UNSPECIFIED.,.F.,.F.,(3,3),(0.,1.),.UNSPECIFIED.);
#454=B_SPLINE_CURVE_WITH_KNOTS('',2,(#11373,#11374,#11375),
 .UNSPECIFIED.,.F.,.F.,(3,3),(0.,1.),.UNSPECIFIED.);
#455=B_SPLINE_CURVE_WITH_KNOTS('',2,(#11378,#11379,#11380),
 .UNSPECIFIED.,.F.,.F.,(3,3),(0.,1.),.UNSPECIFIED.);
#456=B_SPLINE_CURVE_WITH_KNOTS('',2,(#11388,#11389,#11390),
 .UNSPECIFIED.,.F.,.F.,(3,3),(0.,1.),.UNSPECIFIED.);
#457=B_SPLINE_CURVE_WITH_KNOTS('',2,(#11393,#11394,#11395),
 .UNSPECIFIED.,.F.,.F.,(3,3),(0.,1.),.UNSPECIFIED.);
#458=B_SPLINE_CURVE_WITH_KNOTS('',2,(#11403,#11404,#11405),
 .UNSPECIFIED.,.F.,.F.,(3,3),(0.,1.),.UNSPECIFIED.);
#459=B_SPLINE_CURVE_WITH_KNOTS('',2,(#11408,#11409,#11410),
 .UNSPECIFIED.,.F.,.F.,(3,3),(0.,1.),.UNSPECIFIED.);
#460=B_SPLINE_CURVE_WITH_KNOTS('',2,(#11418,#11419,#11420),
 .UNSPECIFIED.,.F.,.F.,(3,3),(0.,1.),.UNSPECIFIED.);
#461=B_SPLINE_CURVE_WITH_KNOTS('',2,(#11423,#11424,#11425),
 .UNSPECIFIED.,.F.,.F.,(3,3),(0.,1.),.UNSPECIFIED.);
#462=B_SPLINE_CURVE_WITH_KNOTS('',2,(#11439,#11440,#11441),
 .UNSPECIFIED.,.F.,.F.,(3,3),(0.,1.),.UNSPECIFIED.);
#463=B_SPLINE_CURVE_WITH_KNOTS('',2,(#11444,#11445,#11446),
 .UNSPECIFIED.,.F.,.F.,(3,3),(0.,1.),.UNSPECIFIED.);
#464=B_SPLINE_CURVE_WITH_KNOTS('',2,(#11454,#11455,#11456),
 .UNSPECIFIED.,.F.,.F.,(3,3),(0.,1.),.UNSPECIFIED.);
#465=B_SPLINE_CURVE_WITH_KNOTS('',2,(#11459,#11460,#11461),
 .UNSPECIFIED.,.F.,.F.,(3,3),(0.,1.),.UNSPECIFIED.);
#466=B_SPLINE_CURVE_WITH_KNOTS('',2,(#11468,#11469,#11470),
 .UNSPECIFIED.,.F.,.F.,(3,3),(0.,1.),.UNSPECIFIED.);
#467=B_SPLINE_CURVE_WITH_KNOTS('',2,(#11471,#11472,#11473),
 .UNSPECIFIED.,.F.,.F.,(3,3),(0.,1.),.UNSPECIFIED.);
#468=B_SPLINE_CURVE_WITH_KNOTS('',2,(#11483,#11484,#11485),
 .UNSPECIFIED.,.F.,.F.,(3,3),(0.,1.),.UNSPECIFIED.);
#469=B_SPLINE_CURVE_WITH_KNOTS('',2,(#11489,#11490,#11491),
 .UNSPECIFIED.,.F.,.F.,(3,3),(0.,1.),.UNSPECIFIED.);
#470=B_SPLINE_CURVE_WITH_KNOTS('',2,(#11500,#11501,#11502),
 .UNSPECIFIED.,.F.,.F.,(3,3),(0.,1.),.UNSPECIFIED.);
#471=B_SPLINE_CURVE_WITH_KNOTS('',2,(#11505,#11506,#11507),
 .UNSPECIFIED.,.F.,.F.,(3,3),(0.,1.),.UNSPECIFIED.);
#472=B_SPLINE_CURVE_WITH_KNOTS('',2,(#11515,#11516,#11517),
 .UNSPECIFIED.,.F.,.F.,(3,3),(0.,1.),.UNSPECIFIED.);
#473=B_SPLINE_CURVE_WITH_KNOTS('',2,(#11520,#11521,#11522),
 .UNSPECIFIED.,.F.,.F.,(3,3),(0.,1.),.UNSPECIFIED.);
#474=B_SPLINE_CURVE_WITH_KNOTS('',2,(#11530,#11531,#11532),
 .UNSPECIFIED.,.F.,.F.,(3,3),(0.,1.),.UNSPECIFIED.);
#475=B_SPLINE_CURVE_WITH_KNOTS('',2,(#11535,#11536,#11537),
 .UNSPECIFIED.,.F.,.F.,(3,3),(0.,1.),.UNSPECIFIED.);
#476=B_SPLINE_CURVE_WITH_KNOTS('',2,(#11545,#11546,#11547),
 .UNSPECIFIED.,.F.,.F.,(3,3),(0.,1.),.UNSPECIFIED.);
#477=B_SPLINE_CURVE_WITH_KNOTS('',2,(#11550,#11551,#11552),
 .UNSPECIFIED.,.F.,.F.,(3,3),(0.,1.),.UNSPECIFIED.);
#478=B_SPLINE_CURVE_WITH_KNOTS('',2,(#11560,#11561,#11562),
 .UNSPECIFIED.,.F.,.F.,(3,3),(0.,1.),.UNSPECIFIED.);
#479=B_SPLINE_CURVE_WITH_KNOTS('',2,(#11565,#11566,#11567),
 .UNSPECIFIED.,.F.,.F.,(3,3),(0.,1.),.UNSPECIFIED.);
#480=B_SPLINE_CURVE_WITH_KNOTS('',2,(#11575,#11576,#11577),
 .UNSPECIFIED.,.F.,.F.,(3,3),(0.,1.),.UNSPECIFIED.);
#481=B_SPLINE_CURVE_WITH_KNOTS('',2,(#11580,#11581,#11582),
 .UNSPECIFIED.,.F.,.F.,(3,3),(0.,1.),.UNSPECIFIED.);
#482=B_SPLINE_CURVE_WITH_KNOTS('',2,(#11590,#11591,#11592),
 .UNSPECIFIED.,.F.,.F.,(3,3),(0.,1.),.UNSPECIFIED.);
#483=B_SPLINE_CURVE_WITH_KNOTS('',2,(#11595,#11596,#11597),
 .UNSPECIFIED.,.F.,.F.,(3,3),(0.,1.),.UNSPECIFIED.);
#484=B_SPLINE_CURVE_WITH_KNOTS('',2,(#11605,#11606,#11607),
 .UNSPECIFIED.,.F.,.F.,(3,3),(0.,1.),.UNSPECIFIED.);
#485=B_SPLINE_CURVE_WITH_KNOTS('',2,(#11610,#11611,#11612),
 .UNSPECIFIED.,.F.,.F.,(3,3),(0.,1.),.UNSPECIFIED.);
#486=B_SPLINE_CURVE_WITH_KNOTS('',2,(#11626,#11627,#11628),
 .UNSPECIFIED.,.F.,.F.,(3,3),(0.,1.),.UNSPECIFIED.);
#487=B_SPLINE_CURVE_WITH_KNOTS('',2,(#11631,#11632,#11633),
 .UNSPECIFIED.,.F.,.F.,(3,3),(0.,1.),.UNSPECIFIED.);
#488=B_SPLINE_CURVE_WITH_KNOTS('',2,(#11641,#11642,#11643),
 .UNSPECIFIED.,.F.,.F.,(3,3),(0.,1.),.UNSPECIFIED.);
#489=B_SPLINE_CURVE_WITH_KNOTS('',2,(#11646,#11647,#11648),
 .UNSPECIFIED.,.F.,.F.,(3,3),(0.,1.),.UNSPECIFIED.);
#490=B_SPLINE_CURVE_WITH_KNOTS('',2,(#11656,#11657,#11658),
 .UNSPECIFIED.,.F.,.F.,(3,3),(0.,1.),.UNSPECIFIED.);
#491=B_SPLINE_CURVE_WITH_KNOTS('',2,(#11661,#11662,#11663),
 .UNSPECIFIED.,.F.,.F.,(3,3),(0.,1.),.UNSPECIFIED.);
#492=B_SPLINE_CURVE_WITH_KNOTS('',2,(#11671,#11672,#11673),
 .UNSPECIFIED.,.F.,.F.,(3,3),(0.,1.),.UNSPECIFIED.);
#493=B_SPLINE_CURVE_WITH_KNOTS('',2,(#11676,#11677,#11678),
 .UNSPECIFIED.,.F.,.F.,(3,3),(0.,1.),.UNSPECIFIED.);
#494=B_SPLINE_CURVE_WITH_KNOTS('',2,(#11686,#11687,#11688),
 .UNSPECIFIED.,.F.,.F.,(3,3),(0.,1.),.UNSPECIFIED.);
#495=B_SPLINE_CURVE_WITH_KNOTS('',2,(#11691,#11692,#11693),
 .UNSPECIFIED.,.F.,.F.,(3,3),(0.,1.),.UNSPECIFIED.);
#496=B_SPLINE_CURVE_WITH_KNOTS('',2,(#11701,#11702,#11703),
 .UNSPECIFIED.,.F.,.F.,(3,3),(0.,1.),.UNSPECIFIED.);
#497=B_SPLINE_CURVE_WITH_KNOTS('',2,(#11706,#11707,#11708),
 .UNSPECIFIED.,.F.,.F.,(3,3),(0.,1.),.UNSPECIFIED.);
#498=B_SPLINE_CURVE_WITH_KNOTS('',2,(#11716,#11717,#11718),
 .UNSPECIFIED.,.F.,.F.,(3,3),(0.,1.),.UNSPECIFIED.);
#499=B_SPLINE_CURVE_WITH_KNOTS('',2,(#11721,#11722,#11723),
 .UNSPECIFIED.,.F.,.F.,(3,3),(0.,1.),.UNSPECIFIED.);
#500=B_SPLINE_CURVE_WITH_KNOTS('',2,(#11731,#11732,#11733),
 .UNSPECIFIED.,.F.,.F.,(3,3),(0.,1.),.UNSPECIFIED.);
#501=B_SPLINE_CURVE_WITH_KNOTS('',2,(#11736,#11737,#11738),
 .UNSPECIFIED.,.F.,.F.,(3,3),(0.,1.),.UNSPECIFIED.);
#502=B_SPLINE_CURVE_WITH_KNOTS('',2,(#11746,#11747,#11748),
 .UNSPECIFIED.,.F.,.F.,(3,3),(0.,1.),.UNSPECIFIED.);
#503=B_SPLINE_CURVE_WITH_KNOTS('',2,(#11751,#11752,#11753),
 .UNSPECIFIED.,.F.,.F.,(3,3),(0.,1.),.UNSPECIFIED.);
#504=B_SPLINE_CURVE_WITH_KNOTS('',2,(#11761,#11762,#11763),
 .UNSPECIFIED.,.F.,.F.,(3,3),(0.,1.),.UNSPECIFIED.);
#505=B_SPLINE_CURVE_WITH_KNOTS('',2,(#11766,#11767,#11768),
 .UNSPECIFIED.,.F.,.F.,(3,3),(0.,1.),.UNSPECIFIED.);
#506=B_SPLINE_CURVE_WITH_KNOTS('',2,(#11776,#11777,#11778),
 .UNSPECIFIED.,.F.,.F.,(3,3),(0.,1.),.UNSPECIFIED.);
#507=B_SPLINE_CURVE_WITH_KNOTS('',2,(#11781,#11782,#11783),
 .UNSPECIFIED.,.F.,.F.,(3,3),(0.,1.),.UNSPECIFIED.);
#508=B_SPLINE_CURVE_WITH_KNOTS('',2,(#11791,#11792,#11793),
 .UNSPECIFIED.,.F.,.F.,(3,3),(0.,1.),.UNSPECIFIED.);
#509=B_SPLINE_CURVE_WITH_KNOTS('',2,(#11796,#11797,#11798),
 .UNSPECIFIED.,.F.,.F.,(3,3),(0.,1.),.UNSPECIFIED.);
#510=B_SPLINE_CURVE_WITH_KNOTS('',2,(#11806,#11807,#11808),
 .UNSPECIFIED.,.F.,.F.,(3,3),(0.,1.),.UNSPECIFIED.);
#511=B_SPLINE_CURVE_WITH_KNOTS('',2,(#11811,#11812,#11813),
 .UNSPECIFIED.,.F.,.F.,(3,3),(0.,1.),.UNSPECIFIED.);
#512=B_SPLINE_CURVE_WITH_KNOTS('',2,(#11821,#11822,#11823),
 .UNSPECIFIED.,.F.,.F.,(3,3),(0.,1.),.UNSPECIFIED.);
#513=B_SPLINE_CURVE_WITH_KNOTS('',2,(#11826,#11827,#11828),
 .UNSPECIFIED.,.F.,.F.,(3,3),(0.,1.),.UNSPECIFIED.);
#514=B_SPLINE_CURVE_WITH_KNOTS('',2,(#11842,#11843,#11844),
 .UNSPECIFIED.,.F.,.F.,(3,3),(0.,1.),.UNSPECIFIED.);
#515=B_SPLINE_CURVE_WITH_KNOTS('',2,(#11847,#11848,#11849),
 .UNSPECIFIED.,.F.,.F.,(3,3),(0.,1.),.UNSPECIFIED.);
#516=B_SPLINE_CURVE_WITH_KNOTS('',2,(#11857,#11858,#11859),
 .UNSPECIFIED.,.F.,.F.,(3,3),(0.,1.),.UNSPECIFIED.);
#517=B_SPLINE_CURVE_WITH_KNOTS('',2,(#11862,#11863,#11864),
 .UNSPECIFIED.,.F.,.F.,(3,3),(0.,1.),.UNSPECIFIED.);
#518=B_SPLINE_CURVE_WITH_KNOTS('',2,(#11872,#11873,#11874),
 .UNSPECIFIED.,.F.,.F.,(3,3),(0.,1.),.UNSPECIFIED.);
#519=B_SPLINE_CURVE_WITH_KNOTS('',2,(#11877,#11878,#11879),
 .UNSPECIFIED.,.F.,.F.,(3,3),(0.,1.),.UNSPECIFIED.);
#520=B_SPLINE_CURVE_WITH_KNOTS('',2,(#11887,#11888,#11889),
 .UNSPECIFIED.,.F.,.F.,(3,3),(0.,1.),.UNSPECIFIED.);
#521=B_SPLINE_CURVE_WITH_KNOTS('',2,(#11892,#11893,#11894),
 .UNSPECIFIED.,.F.,.F.,(3,3),(0.,1.),.UNSPECIFIED.);
#522=B_SPLINE_CURVE_WITH_KNOTS('',2,(#11901,#11902,#11903),
 .UNSPECIFIED.,.F.,.F.,(3,3),(0.,1.),.UNSPECIFIED.);
#523=B_SPLINE_CURVE_WITH_KNOTS('',2,(#11904,#11905,#11906),
 .UNSPECIFIED.,.F.,.F.,(3,3),(0.,1.),.UNSPECIFIED.);
#524=CYLINDRICAL_SURFACE('',#7317,2.);
#525=CYLINDRICAL_SURFACE('',#7322,2.);
#526=CYLINDRICAL_SURFACE('',#7327,2.);
#527=CYLINDRICAL_SURFACE('',#7332,2.);
#528=CYLINDRICAL_SURFACE('',#7348,5.);
#529=CYLINDRICAL_SURFACE('',#7364,5.);
#530=CYLINDRICAL_SURFACE('',#7367,5.);
#531=CYLINDRICAL_SURFACE('',#7374,5.);
#532=CYLINDRICAL_SURFACE('',#7375,5.);
#533=CYLINDRICAL_SURFACE('',#7468,5.);
#534=CYLINDRICAL_SURFACE('',#7471,5.);
#535=CYLINDRICAL_SURFACE('',#7476,5.);
#536=CYLINDRICAL_SURFACE('',#7480,5.);
#537=CYLINDRICAL_SURFACE('',#7487,5.);
#538=CYLINDRICAL_SURFACE('',#7489,5.);
#539=CYLINDRICAL_SURFACE('',#7501,1.5);
#540=CYLINDRICAL_SURFACE('',#7504,1.5);
#541=CYLINDRICAL_SURFACE('',#7552,2.1);
#542=CYLINDRICAL_SURFACE('',#7553,1.7);
#543=CYLINDRICAL_SURFACE('',#7559,2.1);
#544=CYLINDRICAL_SURFACE('',#7560,1.7);
#545=CYLINDRICAL_SURFACE('',#7566,2.1);
#546=CYLINDRICAL_SURFACE('',#7567,1.7);
#547=CYLINDRICAL_SURFACE('',#7573,2.1);
#548=CYLINDRICAL_SURFACE('',#7574,1.7);
#549=CYLINDRICAL_SURFACE('',#7577,3.99999999999999);
#550=CYLINDRICAL_SURFACE('',#7580,4.);
#551=CYLINDRICAL_SURFACE('',#7584,3.99999999999999);
#552=CYLINDRICAL_SURFACE('',#7586,3.99999999999999);
#553=CYLINDRICAL_SURFACE('',#7590,3.99999999999999);
#554=CYLINDRICAL_SURFACE('',#7591,3.99999999999999);
#555=FACE_BOUND('',#1002,.T.);
#556=FACE_BOUND('',#1003,.T.);
#557=FACE_BOUND('',#1044,.T.);
#558=FACE_BOUND('',#1045,.T.);
#559=FACE_BOUND('',#1046,.T.);
#560=FACE_BOUND('',#1047,.T.);
#561=FACE_BOUND('',#1050,.T.);
#562=FACE_BOUND('',#1051,.T.);
#563=FACE_BOUND('',#1102,.T.);
#564=FACE_BOUND('',#1153,.T.);
#565=FACE_BOUND('',#1173,.T.);
#566=FACE_BOUND('',#1209,.T.);
#567=FACE_BOUND('',#1311,.T.);
#568=FACE_BOUND('',#1312,.T.);
#569=FACE_BOUND('',#1313,.T.);
#570=FACE_BOUND('',#1314,.T.);
#571=FACE_BOUND('',#1315,.T.);
#572=FACE_BOUND('',#1316,.T.);
#573=FACE_BOUND('',#1322,.T.);
#574=FACE_BOUND('',#1323,.T.);
#575=FACE_BOUND('',#1324,.T.);
#576=FACE_BOUND('',#1325,.T.);
#577=FACE_BOUND('',#1346,.T.);
#578=FACE_BOUND('',#1348,.T.);
#579=FACE_BOUND('',#1368,.T.);
#580=FACE_BOUND('',#1373,.T.);
#581=FACE_BOUND('',#1378,.T.);
#582=FACE_BOUND('',#1383,.T.);
#583=FACE_BOUND('',#1404,.T.);
#584=FACE_BOUND('',#1405,.T.);
#585=FACE_BOUND('',#1406,.T.);
#586=FACE_BOUND('',#1407,.T.);
#587=FACE_BOUND('',#1412,.T.);
#588=FACE_BOUND('',#1413,.T.);
#589=FACE_BOUND('',#1414,.T.);
#590=FACE_BOUND('',#1415,.T.);
#591=FACE_BOUND('',#1416,.T.);
#592=FACE_BOUND('',#1417,.T.);
#593=FACE_BOUND('',#1418,.T.);
#594=FACE_BOUND('',#1419,.T.);
#595=FACE_BOUND('',#1420,.T.);
#596=FACE_BOUND('',#1421,.T.);
#597=FACE_BOUND('',#1422,.T.);
#598=FACE_BOUND('',#1423,.T.);
#599=FACE_BOUND('',#1424,.T.);
#600=FACE_BOUND('',#1425,.T.);
#601=FACE_BOUND('',#1426,.T.);
#602=FACE_OUTER_BOUND('',#991,.T.);
#603=FACE_OUTER_BOUND('',#992,.T.);
#604=FACE_OUTER_BOUND('',#993,.T.);
#605=FACE_OUTER_BOUND('',#994,.T.);
#606=FACE_OUTER_BOUND('',#995,.T.);
#607=FACE_OUTER_BOUND('',#996,.T.);
#608=FACE_OUTER_BOUND('',#997,.T.);
#609=FACE_OUTER_BOUND('',#998,.T.);
#610=FACE_OUTER_BOUND('',#999,.T.);
#611=FACE_OUTER_BOUND('',#1000,.T.);
#612=FACE_OUTER_BOUND('',#1001,.T.);
#613=FACE_OUTER_BOUND('',#1004,.T.);
#614=FACE_OUTER_BOUND('',#1005,.T.);
#615=FACE_OUTER_BOUND('',#1006,.T.);
#616=FACE_OUTER_BOUND('',#1007,.T.);
#617=FACE_OUTER_BOUND('',#1008,.T.);
#618=FACE_OUTER_BOUND('',#1009,.T.);
#619=FACE_OUTER_BOUND('',#1010,.T.);
#620=FACE_OUTER_BOUND('',#1011,.T.);
#621=FACE_OUTER_BOUND('',#1012,.T.);
#622=FACE_OUTER_BOUND('',#1013,.T.);
#623=FACE_OUTER_BOUND('',#1014,.T.);
#624=FACE_OUTER_BOUND('',#1015,.T.);
#625=FACE_OUTER_BOUND('',#1016,.T.);
#626=FACE_OUTER_BOUND('',#1017,.T.);
#627=FACE_OUTER_BOUND('',#1018,.T.);
#628=FACE_OUTER_BOUND('',#1019,.T.);
#629=FACE_OUTER_BOUND('',#1020,.T.);
#630=FACE_OUTER_BOUND('',#1021,.T.);
#631=FACE_OUTER_BOUND('',#1022,.T.);
#632=FACE_OUTER_BOUND('',#1023,.T.);
#633=FACE_OUTER_BOUND('',#1024,.T.);
#634=FACE_OUTER_BOUND('',#1025,.T.);
#635=FACE_OUTER_BOUND('',#1026,.T.);
#636=FACE_OUTER_BOUND('',#1027,.T.);
#637=FACE_OUTER_BOUND('',#1028,.T.);
#638=FACE_OUTER_BOUND('',#1029,.T.);
#639=FACE_OUTER_BOUND('',#1030,.T.);
#640=FACE_OUTER_BOUND('',#1031,.T.);
#641=FACE_OUTER_BOUND('',#1032,.T.);
#642=FACE_OUTER_BOUND('',#1033,.T.);
#643=FACE_OUTER_BOUND('',#1034,.T.);
#644=FACE_OUTER_BOUND('',#1035,.T.);
#645=FACE_OUTER_BOUND('',#1036,.T.);
#646=FACE_OUTER_BOUND('',#1037,.T.);
#647=FACE_OUTER_BOUND('',#1038,.T.);
#648=FACE_OUTER_BOUND('',#1039,.T.);
#649=FACE_OUTER_BOUND('',#1040,.T.);
#650=FACE_OUTER_BOUND('',#1041,.T.);
#651=FACE_OUTER_BOUND('',#1042,.T.);
#652=FACE_OUTER_BOUND('',#1043,.T.);
#653=FACE_OUTER_BOUND('',#1048,.T.);
#654=FACE_OUTER_BOUND('',#1049,.T.);
#655=FACE_OUTER_BOUND('',#1052,.T.);
#656=FACE_OUTER_BOUND('',#1053,.T.);
#657=FACE_OUTER_BOUND('',#1054,.T.);
#658=FACE_OUTER_BOUND('',#1055,.T.);
#659=FACE_OUTER_BOUND('',#1056,.T.);
#660=FACE_OUTER_BOUND('',#1057,.T.);
#661=FACE_OUTER_BOUND('',#1058,.T.);
#662=FACE_OUTER_BOUND('',#1059,.T.);
#663=FACE_OUTER_BOUND('',#1060,.T.);
#664=FACE_OUTER_BOUND('',#1061,.T.);
#665=FACE_OUTER_BOUND('',#1062,.T.);
#666=FACE_OUTER_BOUND('',#1063,.T.);
#667=FACE_OUTER_BOUND('',#1064,.T.);
#668=FACE_OUTER_BOUND('',#1065,.T.);
#669=FACE_OUTER_BOUND('',#1066,.T.);
#670=FACE_OUTER_BOUND('',#1067,.T.);
#671=FACE_OUTER_BOUND('',#1068,.T.);
#672=FACE_OUTER_BOUND('',#1069,.T.);
#673=FACE_OUTER_BOUND('',#1070,.T.);
#674=FACE_OUTER_BOUND('',#1071,.T.);
#675=FACE_OUTER_BOUND('',#1072,.T.);
#676=FACE_OUTER_BOUND('',#1073,.T.);
#677=FACE_OUTER_BOUND('',#1074,.T.);
#678=FACE_OUTER_BOUND('',#1075,.T.);
#679=FACE_OUTER_BOUND('',#1076,.T.);
#680=FACE_OUTER_BOUND('',#1077,.T.);
#681=FACE_OUTER_BOUND('',#1078,.T.);
#682=FACE_OUTER_BOUND('',#1079,.T.);
#683=FACE_OUTER_BOUND('',#1080,.T.);
#684=FACE_OUTER_BOUND('',#1081,.T.);
#685=FACE_OUTER_BOUND('',#1082,.T.);
#686=FACE_OUTER_BOUND('',#1083,.T.);
#687=FACE_OUTER_BOUND('',#1084,.T.);
#688=FACE_OUTER_BOUND('',#1085,.T.);
#689=FACE_OUTER_BOUND('',#1086,.T.);
#690=FACE_OUTER_BOUND('',#1087,.T.);
#691=FACE_OUTER_BOUND('',#1088,.T.);
#692=FACE_OUTER_BOUND('',#1089,.T.);
#693=FACE_OUTER_BOUND('',#1090,.T.);
#694=FACE_OUTER_BOUND('',#1091,.T.);
#695=FACE_OUTER_BOUND('',#1092,.T.);
#696=FACE_OUTER_BOUND('',#1093,.T.);
#697=FACE_OUTER_BOUND('',#1094,.T.);
#698=FACE_OUTER_BOUND('',#1095,.T.);
#699=FACE_OUTER_BOUND('',#1096,.T.);
#700=FACE_OUTER_BOUND('',#1097,.T.);
#701=FACE_OUTER_BOUND('',#1098,.T.);
#702=FACE_OUTER_BOUND('',#1099,.T.);
#703=FACE_OUTER_BOUND('',#1100,.T.);
#704=FACE_OUTER_BOUND('',#1101,.T.);
#705=FACE_OUTER_BOUND('',#1103,.T.);
#706=FACE_OUTER_BOUND('',#1104,.T.);
#707=FACE_OUTER_BOUND('',#1105,.T.);
#708=FACE_OUTER_BOUND('',#1106,.T.);
#709=FACE_OUTER_BOUND('',#1107,.T.);
#710=FACE_OUTER_BOUND('',#1108,.T.);
#711=FACE_OUTER_BOUND('',#1109,.T.);
#712=FACE_OUTER_BOUND('',#1110,.T.);
#713=FACE_OUTER_BOUND('',#1111,.T.);
#714=FACE_OUTER_BOUND('',#1112,.T.);
#715=FACE_OUTER_BOUND('',#1113,.T.);
#716=FACE_OUTER_BOUND('',#1114,.T.);
#717=FACE_OUTER_BOUND('',#1115,.T.);
#718=FACE_OUTER_BOUND('',#1116,.T.);
#719=FACE_OUTER_BOUND('',#1117,.T.);
#720=FACE_OUTER_BOUND('',#1118,.T.);
#721=FACE_OUTER_BOUND('',#1119,.T.);
#722=FACE_OUTER_BOUND('',#1120,.T.);
#723=FACE_OUTER_BOUND('',#1121,.T.);
#724=FACE_OUTER_BOUND('',#1122,.T.);
#725=FACE_OUTER_BOUND('',#1123,.T.);
#726=FACE_OUTER_BOUND('',#1124,.T.);
#727=FACE_OUTER_BOUND('',#1125,.T.);
#728=FACE_OUTER_BOUND('',#1126,.T.);
#729=FACE_OUTER_BOUND('',#1127,.T.);
#730=FACE_OUTER_BOUND('',#1128,.T.);
#731=FACE_OUTER_BOUND('',#1129,.T.);
#732=FACE_OUTER_BOUND('',#1130,.T.);
#733=FACE_OUTER_BOUND('',#1131,.T.);
#734=FACE_OUTER_BOUND('',#1132,.T.);
#735=FACE_OUTER_BOUND('',#1133,.T.);
#736=FACE_OUTER_BOUND('',#1134,.T.);
#737=FACE_OUTER_BOUND('',#1135,.T.);
#738=FACE_OUTER_BOUND('',#1136,.T.);
#739=FACE_OUTER_BOUND('',#1137,.T.);
#740=FACE_OUTER_BOUND('',#1138,.T.);
#741=FACE_OUTER_BOUND('',#1139,.T.);
#742=FACE_OUTER_BOUND('',#1140,.T.);
#743=FACE_OUTER_BOUND('',#1141,.T.);
#744=FACE_OUTER_BOUND('',#1142,.T.);
#745=FACE_OUTER_BOUND('',#1143,.T.);
#746=FACE_OUTER_BOUND('',#1144,.T.);
#747=FACE_OUTER_BOUND('',#1145,.T.);
#748=FACE_OUTER_BOUND('',#1146,.T.);
#749=FACE_OUTER_BOUND('',#1147,.T.);
#750=FACE_OUTER_BOUND('',#1148,.T.);
#751=FACE_OUTER_BOUND('',#1149,.T.);
#752=FACE_OUTER_BOUND('',#1150,.T.);
#753=FACE_OUTER_BOUND('',#1151,.T.);
#754=FACE_OUTER_BOUND('',#1152,.T.);
#755=FACE_OUTER_BOUND('',#1154,.T.);
#756=FACE_OUTER_BOUND('',#1155,.T.);
#757=FACE_OUTER_BOUND('',#1156,.T.);
#758=FACE_OUTER_BOUND('',#1157,.T.);
#759=FACE_OUTER_BOUND('',#1158,.T.);
#760=FACE_OUTER_BOUND('',#1159,.T.);
#761=FACE_OUTER_BOUND('',#1160,.T.);
#762=FACE_OUTER_BOUND('',#1161,.T.);
#763=FACE_OUTER_BOUND('',#1162,.T.);
#764=FACE_OUTER_BOUND('',#1163,.T.);
#765=FACE_OUTER_BOUND('',#1164,.T.);
#766=FACE_OUTER_BOUND('',#1165,.T.);
#767=FACE_OUTER_BOUND('',#1166,.T.);
#768=FACE_OUTER_BOUND('',#1167,.T.);
#769=FACE_OUTER_BOUND('',#1168,.T.);
#770=FACE_OUTER_BOUND('',#1169,.T.);
#771=FACE_OUTER_BOUND('',#1170,.T.);
#772=FACE_OUTER_BOUND('',#1171,.T.);
#773=FACE_OUTER_BOUND('',#1172,.T.);
#774=FACE_OUTER_BOUND('',#1174,.T.);
#775=FACE_OUTER_BOUND('',#1175,.T.);
#776=FACE_OUTER_BOUND('',#1176,.T.);
#777=FACE_OUTER_BOUND('',#1177,.T.);
#778=FACE_OUTER_BOUND('',#1178,.T.);
#779=FACE_OUTER_BOUND('',#1179,.T.);
#780=FACE_OUTER_BOUND('',#1180,.T.);
#781=FACE_OUTER_BOUND('',#1181,.T.);
#782=FACE_OUTER_BOUND('',#1182,.T.);
#783=FACE_OUTER_BOUND('',#1183,.T.);
#784=FACE_OUTER_BOUND('',#1184,.T.);
#785=FACE_OUTER_BOUND('',#1185,.T.);
#786=FACE_OUTER_BOUND('',#1186,.T.);
#787=FACE_OUTER_BOUND('',#1187,.T.);
#788=FACE_OUTER_BOUND('',#1188,.T.);
#789=FACE_OUTER_BOUND('',#1189,.T.);
#790=FACE_OUTER_BOUND('',#1190,.T.);
#791=FACE_OUTER_BOUND('',#1191,.T.);
#792=FACE_OUTER_BOUND('',#1192,.T.);
#793=FACE_OUTER_BOUND('',#1193,.T.);
#794=FACE_OUTER_BOUND('',#1194,.T.);
#795=FACE_OUTER_BOUND('',#1195,.T.);
#796=FACE_OUTER_BOUND('',#1196,.T.);
#797=FACE_OUTER_BOUND('',#1197,.T.);
#798=FACE_OUTER_BOUND('',#1198,.T.);
#799=FACE_OUTER_BOUND('',#1199,.T.);
#800=FACE_OUTER_BOUND('',#1200,.T.);
#801=FACE_OUTER_BOUND('',#1201,.T.);
#802=FACE_OUTER_BOUND('',#1202,.T.);
#803=FACE_OUTER_BOUND('',#1203,.T.);
#804=FACE_OUTER_BOUND('',#1204,.T.);
#805=FACE_OUTER_BOUND('',#1205,.T.);
#806=FACE_OUTER_BOUND('',#1206,.T.);
#807=FACE_OUTER_BOUND('',#1207,.T.);
#808=FACE_OUTER_BOUND('',#1208,.T.);
#809=FACE_OUTER_BOUND('',#1210,.T.);
#810=FACE_OUTER_BOUND('',#1211,.T.);
#811=FACE_OUTER_BOUND('',#1212,.T.);
#812=FACE_OUTER_BOUND('',#1213,.T.);
#813=FACE_OUTER_BOUND('',#1214,.T.);
#814=FACE_OUTER_BOUND('',#1215,.T.);
#815=FACE_OUTER_BOUND('',#1216,.T.);
#816=FACE_OUTER_BOUND('',#1217,.T.);
#817=FACE_OUTER_BOUND('',#1218,.T.);
#818=FACE_OUTER_BOUND('',#1219,.T.);
#819=FACE_OUTER_BOUND('',#1220,.T.);
#820=FACE_OUTER_BOUND('',#1221,.T.);
#821=FACE_OUTER_BOUND('',#1222,.T.);
#822=FACE_OUTER_BOUND('',#1223,.T.);
#823=FACE_OUTER_BOUND('',#1224,.T.);
#824=FACE_OUTER_BOUND('',#1225,.T.);
#825=FACE_OUTER_BOUND('',#1226,.T.);
#826=FACE_OUTER_BOUND('',#1227,.T.);
#827=FACE_OUTER_BOUND('',#1228,.T.);
#828=FACE_OUTER_BOUND('',#1229,.T.);
#829=FACE_OUTER_BOUND('',#1230,.T.);
#830=FACE_OUTER_BOUND('',#1231,.T.);
#831=FACE_OUTER_BOUND('',#1232,.T.);
#832=FACE_OUTER_BOUND('',#1233,.T.);
#833=FACE_OUTER_BOUND('',#1234,.T.);
#834=FACE_OUTER_BOUND('',#1235,.T.);
#835=FACE_OUTER_BOUND('',#1236,.T.);
#836=FACE_OUTER_BOUND('',#1237,.T.);
#837=FACE_OUTER_BOUND('',#1238,.T.);
#838=FACE_OUTER_BOUND('',#1239,.T.);
#839=FACE_OUTER_BOUND('',#1240,.T.);
#840=FACE_OUTER_BOUND('',#1241,.T.);
#841=FACE_OUTER_BOUND('',#1242,.T.);
#842=FACE_OUTER_BOUND('',#1243,.T.);
#843=FACE_OUTER_BOUND('',#1244,.T.);
#844=FACE_OUTER_BOUND('',#1245,.T.);
#845=FACE_OUTER_BOUND('',#1246,.T.);
#846=FACE_OUTER_BOUND('',#1247,.T.);
#847=FACE_OUTER_BOUND('',#1248,.T.);
#848=FACE_OUTER_BOUND('',#1249,.T.);
#849=FACE_OUTER_BOUND('',#1250,.T.);
#850=FACE_OUTER_BOUND('',#1251,.T.);
#851=FACE_OUTER_BOUND('',#1252,.T.);
#852=FACE_OUTER_BOUND('',#1253,.T.);
#853=FACE_OUTER_BOUND('',#1254,.T.);
#854=FACE_OUTER_BOUND('',#1255,.T.);
#855=FACE_OUTER_BOUND('',#1256,.T.);
#856=FACE_OUTER_BOUND('',#1257,.T.);
#857=FACE_OUTER_BOUND('',#1258,.T.);
#858=FACE_OUTER_BOUND('',#1259,.T.);
#859=FACE_OUTER_BOUND('',#1260,.T.);
#860=FACE_OUTER_BOUND('',#1261,.T.);
#861=FACE_OUTER_BOUND('',#1262,.T.);
#862=FACE_OUTER_BOUND('',#1263,.T.);
#863=FACE_OUTER_BOUND('',#1264,.T.);
#864=FACE_OUTER_BOUND('',#1265,.T.);
#865=FACE_OUTER_BOUND('',#1266,.T.);
#866=FACE_OUTER_BOUND('',#1267,.T.);
#867=FACE_OUTER_BOUND('',#1268,.T.);
#868=FACE_OUTER_BOUND('',#1269,.T.);
#869=FACE_OUTER_BOUND('',#1270,.T.);
#870=FACE_OUTER_BOUND('',#1271,.T.);
#871=FACE_OUTER_BOUND('',#1272,.T.);
#872=FACE_OUTER_BOUND('',#1273,.T.);
#873=FACE_OUTER_BOUND('',#1274,.T.);
#874=FACE_OUTER_BOUND('',#1275,.T.);
#875=FACE_OUTER_BOUND('',#1276,.T.);
#876=FACE_OUTER_BOUND('',#1277,.T.);
#877=FACE_OUTER_BOUND('',#1278,.T.);
#878=FACE_OUTER_BOUND('',#1279,.T.);
#879=FACE_OUTER_BOUND('',#1280,.T.);
#880=FACE_OUTER_BOUND('',#1281,.T.);
#881=FACE_OUTER_BOUND('',#1282,.T.);
#882=FACE_OUTER_BOUND('',#1283,.T.);
#883=FACE_OUTER_BOUND('',#1284,.T.);
#884=FACE_OUTER_BOUND('',#1285,.T.);
#885=FACE_OUTER_BOUND('',#1286,.T.);
#886=FACE_OUTER_BOUND('',#1287,.T.);
#887=FACE_OUTER_BOUND('',#1288,.T.);
#888=FACE_OUTER_BOUND('',#1289,.T.);
#889=FACE_OUTER_BOUND('',#1290,.T.);
#890=FACE_OUTER_BOUND('',#1291,.T.);
#891=FACE_OUTER_BOUND('',#1292,.T.);
#892=FACE_OUTER_BOUND('',#1293,.T.);
#893=FACE_OUTER_BOUND('',#1294,.T.);
#894=FACE_OUTER_BOUND('',#1295,.T.);
#895=FACE_OUTER_BOUND('',#1296,.T.);
#896=FACE_OUTER_BOUND('',#1297,.T.);
#897=FACE_OUTER_BOUND('',#1298,.T.);
#898=FACE_OUTER_BOUND('',#1299,.T.);
#899=FACE_OUTER_BOUND('',#1300,.T.);
#900=FACE_OUTER_BOUND('',#1301,.T.);
#901=FACE_OUTER_BOUND('',#1302,.T.);
#902=FACE_OUTER_BOUND('',#1303,.T.);
#903=FACE_OUTER_BOUND('',#1304,.T.);
#904=FACE_OUTER_BOUND('',#1305,.T.);
#905=FACE_OUTER_BOUND('',#1306,.T.);
#906=FACE_OUTER_BOUND('',#1307,.T.);
#907=FACE_OUTER_BOUND('',#1308,.T.);
#908=FACE_OUTER_BOUND('',#1309,.T.);
#909=FACE_OUTER_BOUND('',#1310,.T.);
#910=FACE_OUTER_BOUND('',#1317,.T.);
#911=FACE_OUTER_BOUND('',#1318,.T.);
#912=FACE_OUTER_BOUND('',#1319,.T.);
#913=FACE_OUTER_BOUND('',#1320,.T.);
#914=FACE_OUTER_BOUND('',#1321,.T.);
#915=FACE_OUTER_BOUND('',#1326,.T.);
#916=FACE_OUTER_BOUND('',#1327,.T.);
#917=FACE_OUTER_BOUND('',#1328,.T.);
#918=FACE_OUTER_BOUND('',#1329,.T.);
#919=FACE_OUTER_BOUND('',#1330,.T.);
#920=FACE_OUTER_BOUND('',#1331,.T.);
#921=FACE_OUTER_BOUND('',#1332,.T.);
#922=FACE_OUTER_BOUND('',#1333,.T.);
#923=FACE_OUTER_BOUND('',#1334,.T.);
#924=FACE_OUTER_BOUND('',#1335,.T.);
#925=FACE_OUTER_BOUND('',#1336,.T.);
#926=FACE_OUTER_BOUND('',#1337,.T.);
#927=FACE_OUTER_BOUND('',#1338,.T.);
#928=FACE_OUTER_BOUND('',#1339,.T.);
#929=FACE_OUTER_BOUND('',#1340,.T.);
#930=FACE_OUTER_BOUND('',#1341,.T.);
#931=FACE_OUTER_BOUND('',#1342,.T.);
#932=FACE_OUTER_BOUND('',#1343,.T.);
#933=FACE_OUTER_BOUND('',#1344,.T.);
#934=FACE_OUTER_BOUND('',#1345,.T.);
#935=FACE_OUTER_BOUND('',#1347,.T.);
#936=FACE_OUTER_BOUND('',#1349,.T.);
#937=FACE_OUTER_BOUND('',#1350,.T.);
#938=FACE_OUTER_BOUND('',#1351,.T.);
#939=FACE_OUTER_BOUND('',#1352,.T.);
#940=FACE_OUTER_BOUND('',#1353,.T.);
#941=FACE_OUTER_BOUND('',#1354,.T.);
#942=FACE_OUTER_BOUND('',#1355,.T.);
#943=FACE_OUTER_BOUND('',#1356,.T.);
#944=FACE_OUTER_BOUND('',#1357,.T.);
#945=FACE_OUTER_BOUND('',#1358,.T.);
#946=FACE_OUTER_BOUND('',#1359,.T.);
#947=FACE_OUTER_BOUND('',#1360,.T.);
#948=FACE_OUTER_BOUND('',#1361,.T.);
#949=FACE_OUTER_BOUND('',#1362,.T.);
#950=FACE_OUTER_BOUND('',#1363,.T.);
#951=FACE_OUTER_BOUND('',#1364,.T.);
#952=FACE_OUTER_BOUND('',#1365,.T.);
#953=FACE_OUTER_BOUND('',#1366,.T.);
#954=FACE_OUTER_BOUND('',#1367,.T.);
#955=FACE_OUTER_BOUND('',#1369,.T.);
#956=FACE_OUTER_BOUND('',#1370,.T.);
#957=FACE_OUTER_BOUND('',#1371,.T.);
#958=FACE_OUTER_BOUND('',#1372,.T.);
#959=FACE_OUTER_BOUND('',#1374,.T.);
#960=FACE_OUTER_BOUND('',#1375,.T.);
#961=FACE_OUTER_BOUND('',#1376,.T.);
#962=FACE_OUTER_BOUND('',#1377,.T.);
#963=FACE_OUTER_BOUND('',#1379,.T.);
#964=FACE_OUTER_BOUND('',#1380,.T.);
#965=FACE_OUTER_BOUND('',#1381,.T.);
#966=FACE_OUTER_BOUND('',#1382,.T.);
#967=FACE_OUTER_BOUND('',#1384,.T.);
#968=FACE_OUTER_BOUND('',#1385,.T.);
#969=FACE_OUTER_BOUND('',#1386,.T.);
#970=FACE_OUTER_BOUND('',#1387,.T.);
#971=FACE_OUTER_BOUND('',#1388,.T.);
#972=FACE_OUTER_BOUND('',#1389,.T.);
#973=FACE_OUTER_BOUND('',#1390,.T.);
#974=FACE_OUTER_BOUND('',#1391,.T.);
#975=FACE_OUTER_BOUND('',#1392,.T.);
#976=FACE_OUTER_BOUND('',#1393,.T.);
#977=FACE_OUTER_BOUND('',#1394,.T.);
#978=FACE_OUTER_BOUND('',#1395,.T.);
#979=FACE_OUTER_BOUND('',#1396,.T.);
#980=FACE_OUTER_BOUND('',#1397,.T.);
#981=FACE_OUTER_BOUND('',#1398,.T.);
#982=FACE_OUTER_BOUND('',#1399,.T.);
#983=FACE_OUTER_BOUND('',#1400,.T.);
#984=FACE_OUTER_BOUND('',#1401,.T.);
#985=FACE_OUTER_BOUND('',#1402,.T.);
#986=FACE_OUTER_BOUND('',#1403,.T.);
#987=FACE_OUTER_BOUND('',#1408,.T.);
#988=FACE_OUTER_BOUND('',#1409,.T.);
#989=FACE_OUTER_BOUND('',#1410,.T.);
#990=FACE_OUTER_BOUND('',#1411,.T.);
#991=EDGE_LOOP('',(#4539,#4540,#4541,#4542,#4543));
#992=EDGE_LOOP('',(#4544,#4545,#4546,#4547,#4548));
#993=EDGE_LOOP('',(#4549,#4550,#4551,#4552));
#994=EDGE_LOOP('',(#4553,#4554,#4555,#4556));
#995=EDGE_LOOP('',(#4557,#4558,#4559,#4560));
#996=EDGE_LOOP('',(#4561,#4562,#4563,#4564));
#997=EDGE_LOOP('',(#4565,#4566,#4567,#4568));
#998=EDGE_LOOP('',(#4569,#4570,#4571,#4572));
#999=EDGE_LOOP('',(#4573,#4574,#4575,#4576));
#1000=EDGE_LOOP('',(#4577,#4578,#4579,#4580));
#1001=EDGE_LOOP('',(#4581,#4582,#4583,#4584,#4585,#4586,#4587,#4588,#4589));
#1002=EDGE_LOOP('',(#4590,#4591,#4592,#4593));
#1003=EDGE_LOOP('',(#4594,#4595,#4596,#4597));
#1004=EDGE_LOOP('',(#4598,#4599,#4600,#4601));
#1005=EDGE_LOOP('',(#4602,#4603,#4604,#4605));
#1006=EDGE_LOOP('',(#4606,#4607,#4608,#4609));
#1007=EDGE_LOOP('',(#4610,#4611,#4612,#4613));
#1008=EDGE_LOOP('',(#4614,#4615,#4616,#4617));
#1009=EDGE_LOOP('',(#4618,#4619,#4620,#4621,#4622));
#1010=EDGE_LOOP('',(#4623,#4624,#4625,#4626,#4627));
#1011=EDGE_LOOP('',(#4628,#4629,#4630,#4631));
#1012=EDGE_LOOP('',(#4632,#4633,#4634,#4635));
#1013=EDGE_LOOP('',(#4636,#4637,#4638,#4639));
#1014=EDGE_LOOP('',(#4640,#4641,#4642));
#1015=EDGE_LOOP('',(#4643,#4644,#4645,#4646));
#1016=EDGE_LOOP('',(#4647,#4648,#4649,#4650));
#1017=EDGE_LOOP('',(#4651,#4652,#4653,#4654));
#1018=EDGE_LOOP('',(#4655,#4656,#4657,#4658));
#1019=EDGE_LOOP('',(#4659,#4660,#4661,#4662));
#1020=EDGE_LOOP('',(#4663,#4664,#4665,#4666));
#1021=EDGE_LOOP('',(#4667,#4668,#4669,#4670));
#1022=EDGE_LOOP('',(#4671,#4672,#4673,#4674));
#1023=EDGE_LOOP('',(#4675,#4676,#4677,#4678));
#1024=EDGE_LOOP('',(#4679,#4680,#4681,#4682));
#1025=EDGE_LOOP('',(#4683,#4684,#4685,#4686,#4687));
#1026=EDGE_LOOP('',(#4688,#4689,#4690,#4691));
#1027=EDGE_LOOP('',(#4692,#4693,#4694,#4695,#4696,#4697));
#1028=EDGE_LOOP('',(#4698,#4699,#4700,#4701));
#1029=EDGE_LOOP('',(#4702,#4703,#4704,#4705,#4706,#4707));
#1030=EDGE_LOOP('',(#4708,#4709,#4710,#4711));
#1031=EDGE_LOOP('',(#4712,#4713,#4714,#4715,#4716));
#1032=EDGE_LOOP('',(#4717,#4718,#4719,#4720));
#1033=EDGE_LOOP('',(#4721,#4722,#4723,#4724));
#1034=EDGE_LOOP('',(#4725,#4726,#4727,#4728));
#1035=EDGE_LOOP('',(#4729,#4730,#4731,#4732,#4733));
#1036=EDGE_LOOP('',(#4734,#4735,#4736,#4737));
#1037=EDGE_LOOP('',(#4738,#4739,#4740,#4741,#4742));
#1038=EDGE_LOOP('',(#4743,#4744,#4745,#4746,#4747,#4748,#4749));
#1039=EDGE_LOOP('',(#4750,#4751,#4752,#4753));
#1040=EDGE_LOOP('',(#4754,#4755,#4756,#4757));
#1041=EDGE_LOOP('',(#4758,#4759,#4760,#4761,#4762,#4763,#4764));
#1042=EDGE_LOOP('',(#4765,#4766,#4767,#4768,#4769));
#1043=EDGE_LOOP('',(#4770,#4771,#4772,#4773,#4774,#4775,#4776,#4777,#4778,
#4779));
#1044=EDGE_LOOP('',(#4780,#4781,#4782,#4783));
#1045=EDGE_LOOP('',(#4784,#4785,#4786,#4787));
#1046=EDGE_LOOP('',(#4788,#4789,#4790,#4791));
#1047=EDGE_LOOP('',(#4792,#4793,#4794,#4795));
#1048=EDGE_LOOP('',(#4796,#4797,#4798,#4799,#4800,#4801));
#1049=EDGE_LOOP('',(#4802,#4803,#4804,#4805,#4806,#4807,#4808,#4809,#4810));
#1050=EDGE_LOOP('',(#4811,#4812,#4813,#4814));
#1051=EDGE_LOOP('',(#4815,#4816,#4817,#4818));
#1052=EDGE_LOOP('',(#4819,#4820,#4821,#4822,#4823,#4824));
#1053=EDGE_LOOP('',(#4825,#4826,#4827,#4828));
#1054=EDGE_LOOP('',(#4829,#4830,#4831,#4832));
#1055=EDGE_LOOP('',(#4833,#4834,#4835,#4836));
#1056=EDGE_LOOP('',(#4837,#4838,#4839,#4840,#4841,#4842));
#1057=EDGE_LOOP('',(#4843,#4844,#4845,#4846));
#1058=EDGE_LOOP('',(#4847,#4848,#4849,#4850));
#1059=EDGE_LOOP('',(#4851,#4852,#4853,#4854));
#1060=EDGE_LOOP('',(#4855,#4856,#4857,#4858));
#1061=EDGE_LOOP('',(#4859,#4860,#4861,#4862));
#1062=EDGE_LOOP('',(#4863,#4864,#4865,#4866));
#1063=EDGE_LOOP('',(#4867,#4868,#4869,#4870));
#1064=EDGE_LOOP('',(#4871,#4872,#4873,#4874));
#1065=EDGE_LOOP('',(#4875,#4876,#4877,#4878));
#1066=EDGE_LOOP('',(#4879,#4880,#4881,#4882));
#1067=EDGE_LOOP('',(#4883,#4884,#4885,#4886));
#1068=EDGE_LOOP('',(#4887,#4888,#4889,#4890));
#1069=EDGE_LOOP('',(#4891,#4892,#4893,#4894));
#1070=EDGE_LOOP('',(#4895,#4896,#4897,#4898));
#1071=EDGE_LOOP('',(#4899,#4900,#4901,#4902));
#1072=EDGE_LOOP('',(#4903,#4904,#4905,#4906));
#1073=EDGE_LOOP('',(#4907,#4908,#4909,#4910));
#1074=EDGE_LOOP('',(#4911,#4912,#4913,#4914));
#1075=EDGE_LOOP('',(#4915,#4916,#4917,#4918));
#1076=EDGE_LOOP('',(#4919,#4920,#4921,#4922));
#1077=EDGE_LOOP('',(#4923,#4924,#4925,#4926));
#1078=EDGE_LOOP('',(#4927,#4928,#4929,#4930));
#1079=EDGE_LOOP('',(#4931,#4932,#4933,#4934));
#1080=EDGE_LOOP('',(#4935,#4936,#4937,#4938));
#1081=EDGE_LOOP('',(#4939,#4940,#4941,#4942));
#1082=EDGE_LOOP('',(#4943,#4944,#4945,#4946));
#1083=EDGE_LOOP('',(#4947,#4948,#4949,#4950));
#1084=EDGE_LOOP('',(#4951,#4952,#4953,#4954));
#1085=EDGE_LOOP('',(#4955,#4956,#4957,#4958));
#1086=EDGE_LOOP('',(#4959,#4960,#4961,#4962));
#1087=EDGE_LOOP('',(#4963,#4964,#4965,#4966));
#1088=EDGE_LOOP('',(#4967,#4968,#4969,#4970));
#1089=EDGE_LOOP('',(#4971,#4972,#4973,#4974));
#1090=EDGE_LOOP('',(#4975,#4976,#4977,#4978));
#1091=EDGE_LOOP('',(#4979,#4980,#4981,#4982));
#1092=EDGE_LOOP('',(#4983,#4984,#4985,#4986));
#1093=EDGE_LOOP('',(#4987,#4988,#4989,#4990));
#1094=EDGE_LOOP('',(#4991,#4992,#4993,#4994));
#1095=EDGE_LOOP('',(#4995,#4996,#4997,#4998));
#1096=EDGE_LOOP('',(#4999,#5000,#5001,#5002));
#1097=EDGE_LOOP('',(#5003,#5004,#5005,#5006));
#1098=EDGE_LOOP('',(#5007,#5008,#5009,#5010));
#1099=EDGE_LOOP('',(#5011,#5012,#5013,#5014));
#1100=EDGE_LOOP('',(#5015,#5016,#5017,#5018));
#1101=EDGE_LOOP('',(#5019,#5020,#5021,#5022,#5023,#5024,#5025,#5026,#5027,
#5028,#5029,#5030,#5031,#5032,#5033,#5034,#5035,#5036));
#1102=EDGE_LOOP('',(#5037,#5038,#5039,#5040,#5041));
#1103=EDGE_LOOP('',(#5042,#5043,#5044,#5045));
#1104=EDGE_LOOP('',(#5046,#5047,#5048,#5049));
#1105=EDGE_LOOP('',(#5050,#5051,#5052,#5053));
#1106=EDGE_LOOP('',(#5054,#5055,#5056,#5057));
#1107=EDGE_LOOP('',(#5058,#5059,#5060,#5061));
#1108=EDGE_LOOP('',(#5062,#5063,#5064,#5065));
#1109=EDGE_LOOP('',(#5066,#5067,#5068,#5069));
#1110=EDGE_LOOP('',(#5070,#5071,#5072,#5073));
#1111=EDGE_LOOP('',(#5074,#5075,#5076,#5077));
#1112=EDGE_LOOP('',(#5078,#5079,#5080,#5081));
#1113=EDGE_LOOP('',(#5082,#5083,#5084,#5085));
#1114=EDGE_LOOP('',(#5086,#5087,#5088,#5089));
#1115=EDGE_LOOP('',(#5090,#5091,#5092,#5093));
#1116=EDGE_LOOP('',(#5094,#5095,#5096,#5097));
#1117=EDGE_LOOP('',(#5098,#5099,#5100,#5101));
#1118=EDGE_LOOP('',(#5102,#5103,#5104,#5105));
#1119=EDGE_LOOP('',(#5106,#5107,#5108,#5109));
#1120=EDGE_LOOP('',(#5110,#5111,#5112,#5113));
#1121=EDGE_LOOP('',(#5114,#5115,#5116,#5117));
#1122=EDGE_LOOP('',(#5118,#5119,#5120,#5121));
#1123=EDGE_LOOP('',(#5122,#5123,#5124,#5125));
#1124=EDGE_LOOP('',(#5126,#5127,#5128,#5129));
#1125=EDGE_LOOP('',(#5130,#5131,#5132,#5133));
#1126=EDGE_LOOP('',(#5134,#5135,#5136,#5137));
#1127=EDGE_LOOP('',(#5138,#5139,#5140,#5141));
#1128=EDGE_LOOP('',(#5142,#5143,#5144,#5145));
#1129=EDGE_LOOP('',(#5146,#5147,#5148,#5149));
#1130=EDGE_LOOP('',(#5150,#5151,#5152,#5153));
#1131=EDGE_LOOP('',(#5154,#5155,#5156,#5157));
#1132=EDGE_LOOP('',(#5158,#5159,#5160,#5161));
#1133=EDGE_LOOP('',(#5162,#5163,#5164,#5165,#5166,#5167,#5168,#5169,#5170,
#5171,#5172,#5173,#5174,#5175,#5176,#5177,#5178,#5179,#5180,#5181,#5182,
#5183,#5184,#5185,#5186,#5187,#5188,#5189,#5190,#5191));
#1134=EDGE_LOOP('',(#5192,#5193,#5194,#5195));
#1135=EDGE_LOOP('',(#5196,#5197,#5198,#5199));
#1136=EDGE_LOOP('',(#5200,#5201,#5202,#5203));
#1137=EDGE_LOOP('',(#5204,#5205,#5206,#5207));
#1138=EDGE_LOOP('',(#5208,#5209,#5210,#5211));
#1139=EDGE_LOOP('',(#5212,#5213,#5214,#5215));
#1140=EDGE_LOOP('',(#5216,#5217,#5218,#5219));
#1141=EDGE_LOOP('',(#5220,#5221,#5222,#5223));
#1142=EDGE_LOOP('',(#5224,#5225,#5226,#5227));
#1143=EDGE_LOOP('',(#5228,#5229,#5230,#5231));
#1144=EDGE_LOOP('',(#5232,#5233,#5234,#5235));
#1145=EDGE_LOOP('',(#5236,#5237,#5238,#5239));
#1146=EDGE_LOOP('',(#5240,#5241,#5242,#5243));
#1147=EDGE_LOOP('',(#5244,#5245,#5246,#5247));
#1148=EDGE_LOOP('',(#5248,#5249,#5250,#5251));
#1149=EDGE_LOOP('',(#5252,#5253,#5254,#5255));
#1150=EDGE_LOOP('',(#5256,#5257,#5258,#5259));
#1151=EDGE_LOOP('',(#5260,#5261,#5262,#5263));
#1152=EDGE_LOOP('',(#5264,#5265,#5266,#5267,#5268,#5269,#5270,#5271,#5272,
#5273));
#1153=EDGE_LOOP('',(#5274,#5275,#5276,#5277,#5278,#5279,#5280,#5281));
#1154=EDGE_LOOP('',(#5282,#5283,#5284,#5285));
#1155=EDGE_LOOP('',(#5286,#5287,#5288,#5289));
#1156=EDGE_LOOP('',(#5290,#5291,#5292,#5293));
#1157=EDGE_LOOP('',(#5294,#5295,#5296,#5297));
#1158=EDGE_LOOP('',(#5298,#5299,#5300,#5301));
#1159=EDGE_LOOP('',(#5302,#5303,#5304,#5305));
#1160=EDGE_LOOP('',(#5306,#5307,#5308,#5309));
#1161=EDGE_LOOP('',(#5310,#5311,#5312,#5313));
#1162=EDGE_LOOP('',(#5314,#5315,#5316,#5317));
#1163=EDGE_LOOP('',(#5318,#5319,#5320,#5321));
#1164=EDGE_LOOP('',(#5322,#5323,#5324,#5325));
#1165=EDGE_LOOP('',(#5326,#5327,#5328,#5329));
#1166=EDGE_LOOP('',(#5330,#5331,#5332,#5333));
#1167=EDGE_LOOP('',(#5334,#5335,#5336,#5337));
#1168=EDGE_LOOP('',(#5338,#5339,#5340,#5341));
#1169=EDGE_LOOP('',(#5342,#5343,#5344,#5345));
#1170=EDGE_LOOP('',(#5346,#5347,#5348,#5349));
#1171=EDGE_LOOP('',(#5350,#5351,#5352,#5353));
#1172=EDGE_LOOP('',(#5354,#5355,#5356,#5357,#5358,#5359,#5360,#5361,#5362,
#5363));
#1173=EDGE_LOOP('',(#5364,#5365,#5366,#5367,#5368,#5369,#5370,#5371));
#1174=EDGE_LOOP('',(#5372,#5373,#5374,#5375));
#1175=EDGE_LOOP('',(#5376,#5377,#5378,#5379));
#1176=EDGE_LOOP('',(#5380,#5381,#5382,#5383));
#1177=EDGE_LOOP('',(#5384,#5385,#5386,#5387));
#1178=EDGE_LOOP('',(#5388,#5389,#5390,#5391));
#1179=EDGE_LOOP('',(#5392,#5393,#5394,#5395));
#1180=EDGE_LOOP('',(#5396,#5397,#5398,#5399));
#1181=EDGE_LOOP('',(#5400,#5401,#5402,#5403));
#1182=EDGE_LOOP('',(#5404,#5405,#5406,#5407));
#1183=EDGE_LOOP('',(#5408,#5409,#5410,#5411));
#1184=EDGE_LOOP('',(#5412,#5413,#5414,#5415,#5416,#5417,#5418,#5419,#5420,
#5421));
#1185=EDGE_LOOP('',(#5422,#5423,#5424,#5425));
#1186=EDGE_LOOP('',(#5426,#5427,#5428,#5429));
#1187=EDGE_LOOP('',(#5430,#5431,#5432,#5433));
#1188=EDGE_LOOP('',(#5434,#5435,#5436,#5437));
#1189=EDGE_LOOP('',(#5438,#5439,#5440,#5441));
#1190=EDGE_LOOP('',(#5442,#5443,#5444,#5445));
#1191=EDGE_LOOP('',(#5446,#5447,#5448,#5449));
#1192=EDGE_LOOP('',(#5450,#5451,#5452,#5453));
#1193=EDGE_LOOP('',(#5454,#5455,#5456,#5457));
#1194=EDGE_LOOP('',(#5458,#5459,#5460,#5461));
#1195=EDGE_LOOP('',(#5462,#5463,#5464,#5465));
#1196=EDGE_LOOP('',(#5466,#5467,#5468,#5469));
#1197=EDGE_LOOP('',(#5470,#5471,#5472,#5473));
#1198=EDGE_LOOP('',(#5474,#5475,#5476,#5477));
#1199=EDGE_LOOP('',(#5478,#5479,#5480,#5481));
#1200=EDGE_LOOP('',(#5482,#5483,#5484,#5485));
#1201=EDGE_LOOP('',(#5486,#5487,#5488,#5489));
#1202=EDGE_LOOP('',(#5490,#5491,#5492,#5493));
#1203=EDGE_LOOP('',(#5494,#5495,#5496,#5497));
#1204=EDGE_LOOP('',(#5498,#5499,#5500,#5501));
#1205=EDGE_LOOP('',(#5502,#5503,#5504,#5505));
#1206=EDGE_LOOP('',(#5506,#5507,#5508,#5509));
#1207=EDGE_LOOP('',(#5510,#5511,#5512,#5513));
#1208=EDGE_LOOP('',(#5514,#5515,#5516,#5517,#5518,#5519,#5520,#5521,#5522,
#5523,#5524,#5525,#5526,#5527,#5528,#5529,#5530,#5531));
#1209=EDGE_LOOP('',(#5532,#5533,#5534,#5535,#5536));
#1210=EDGE_LOOP('',(#5537,#5538,#5539,#5540));
#1211=EDGE_LOOP('',(#5541,#5542,#5543,#5544));
#1212=EDGE_LOOP('',(#5545,#5546,#5547,#5548));
#1213=EDGE_LOOP('',(#5549,#5550,#5551,#5552));
#1214=EDGE_LOOP('',(#5553,#5554,#5555,#5556));
#1215=EDGE_LOOP('',(#5557,#5558,#5559,#5560));
#1216=EDGE_LOOP('',(#5561,#5562,#5563,#5564));
#1217=EDGE_LOOP('',(#5565,#5566,#5567,#5568));
#1218=EDGE_LOOP('',(#5569,#5570,#5571,#5572));
#1219=EDGE_LOOP('',(#5573,#5574,#5575,#5576));
#1220=EDGE_LOOP('',(#5577,#5578,#5579,#5580));
#1221=EDGE_LOOP('',(#5581,#5582,#5583,#5584));
#1222=EDGE_LOOP('',(#5585,#5586,#5587,#5588));
#1223=EDGE_LOOP('',(#5589,#5590,#5591,#5592));
#1224=EDGE_LOOP('',(#5593,#5594,#5595,#5596));
#1225=EDGE_LOOP('',(#5597,#5598,#5599,#5600));
#1226=EDGE_LOOP('',(#5601,#5602,#5603,#5604,#5605,#5606,#5607,#5608,#5609,
#5610,#5611,#5612,#5613,#5614,#5615,#5616));
#1227=EDGE_LOOP('',(#5617,#5618,#5619,#5620));
#1228=EDGE_LOOP('',(#5621,#5622,#5623,#5624));
#1229=EDGE_LOOP('',(#5625,#5626,#5627,#5628));
#1230=EDGE_LOOP('',(#5629,#5630,#5631,#5632));
#1231=EDGE_LOOP('',(#5633,#5634,#5635,#5636));
#1232=EDGE_LOOP('',(#5637,#5638,#5639,#5640));
#1233=EDGE_LOOP('',(#5641,#5642,#5643,#5644));
#1234=EDGE_LOOP('',(#5645,#5646,#5647,#5648));
#1235=EDGE_LOOP('',(#5649,#5650,#5651,#5652));
#1236=EDGE_LOOP('',(#5653,#5654,#5655,#5656));
#1237=EDGE_LOOP('',(#5657,#5658,#5659,#5660));
#1238=EDGE_LOOP('',(#5661,#5662,#5663,#5664));
#1239=EDGE_LOOP('',(#5665,#5666,#5667,#5668));
#1240=EDGE_LOOP('',(#5669,#5670,#5671,#5672));
#1241=EDGE_LOOP('',(#5673,#5674,#5675,#5676));
#1242=EDGE_LOOP('',(#5677,#5678,#5679,#5680));
#1243=EDGE_LOOP('',(#5681,#5682,#5683,#5684));
#1244=EDGE_LOOP('',(#5685,#5686,#5687,#5688));
#1245=EDGE_LOOP('',(#5689,#5690,#5691,#5692));
#1246=EDGE_LOOP('',(#5693,#5694,#5695,#5696));
#1247=EDGE_LOOP('',(#5697,#5698,#5699,#5700));
#1248=EDGE_LOOP('',(#5701,#5702,#5703,#5704,#5705,#5706,#5707,#5708,#5709,
#5710,#5711,#5712,#5713,#5714,#5715,#5716,#5717,#5718,#5719,#5720,#5721));
#1249=EDGE_LOOP('',(#5722,#5723,#5724,#5725));
#1250=EDGE_LOOP('',(#5726,#5727,#5728,#5729));
#1251=EDGE_LOOP('',(#5730,#5731,#5732,#5733));
#1252=EDGE_LOOP('',(#5734,#5735,#5736,#5737));
#1253=EDGE_LOOP('',(#5738,#5739,#5740,#5741));
#1254=EDGE_LOOP('',(#5742,#5743,#5744,#5745));
#1255=EDGE_LOOP('',(#5746,#5747,#5748,#5749));
#1256=EDGE_LOOP('',(#5750,#5751,#5752,#5753));
#1257=EDGE_LOOP('',(#5754,#5755,#5756,#5757));
#1258=EDGE_LOOP('',(#5758,#5759,#5760,#5761));
#1259=EDGE_LOOP('',(#5762,#5763,#5764,#5765));
#1260=EDGE_LOOP('',(#5766,#5767,#5768,#5769));
#1261=EDGE_LOOP('',(#5770,#5771,#5772,#5773));
#1262=EDGE_LOOP('',(#5774,#5775,#5776,#5777));
#1263=EDGE_LOOP('',(#5778,#5779,#5780,#5781));
#1264=EDGE_LOOP('',(#5782,#5783,#5784,#5785));
#1265=EDGE_LOOP('',(#5786,#5787,#5788,#5789));
#1266=EDGE_LOOP('',(#5790,#5791,#5792,#5793));
#1267=EDGE_LOOP('',(#5794,#5795,#5796,#5797));
#1268=EDGE_LOOP('',(#5798,#5799,#5800,#5801));
#1269=EDGE_LOOP('',(#5802,#5803,#5804,#5805));
#1270=EDGE_LOOP('',(#5806,#5807,#5808,#5809));
#1271=EDGE_LOOP('',(#5810,#5811,#5812,#5813));
#1272=EDGE_LOOP('',(#5814,#5815,#5816,#5817));
#1273=EDGE_LOOP('',(#5818,#5819,#5820,#5821));
#1274=EDGE_LOOP('',(#5822,#5823,#5824,#5825));
#1275=EDGE_LOOP('',(#5826,#5827,#5828,#5829));
#1276=EDGE_LOOP('',(#5830,#5831,#5832,#5833));
#1277=EDGE_LOOP('',(#5834,#5835,#5836,#5837));
#1278=EDGE_LOOP('',(#5838,#5839,#5840,#5841));
#1279=EDGE_LOOP('',(#5842,#5843,#5844,#5845,#5846,#5847,#5848,#5849,#5850,
#5851,#5852,#5853,#5854,#5855,#5856,#5857,#5858,#5859,#5860,#5861,#5862,
#5863,#5864,#5865,#5866,#5867,#5868,#5869,#5870,#5871));
#1280=EDGE_LOOP('',(#5872,#5873,#5874,#5875));
#1281=EDGE_LOOP('',(#5876,#5877,#5878,#5879));
#1282=EDGE_LOOP('',(#5880,#5881,#5882,#5883));
#1283=EDGE_LOOP('',(#5884,#5885,#5886,#5887));
#1284=EDGE_LOOP('',(#5888,#5889,#5890,#5891));
#1285=EDGE_LOOP('',(#5892,#5893,#5894,#5895));
#1286=EDGE_LOOP('',(#5896,#5897,#5898,#5899));
#1287=EDGE_LOOP('',(#5900,#5901,#5902,#5903));
#1288=EDGE_LOOP('',(#5904,#5905,#5906,#5907));
#1289=EDGE_LOOP('',(#5908,#5909,#5910,#5911));
#1290=EDGE_LOOP('',(#5912,#5913,#5914,#5915));
#1291=EDGE_LOOP('',(#5916,#5917,#5918,#5919));
#1292=EDGE_LOOP('',(#5920,#5921,#5922,#5923,#5924,#5925,#5926,#5927,#5928,
#5929,#5930,#5931));
#1293=EDGE_LOOP('',(#5932,#5933,#5934,#5935,#5936));
#1294=EDGE_LOOP('',(#5937,#5938,#5939,#5940,#5941,#5942,#5943,#5944));
#1295=EDGE_LOOP('',(#5945,#5946,#5947,#5948,#5949,#5950,#5951,#5952));
#1296=EDGE_LOOP('',(#5953,#5954,#5955,#5956,#5957));
#1297=EDGE_LOOP('',(#5958,#5959,#5960,#5961));
#1298=EDGE_LOOP('',(#5962,#5963,#5964,#5965));
#1299=EDGE_LOOP('',(#5966,#5967,#5968));
#1300=EDGE_LOOP('',(#5969,#5970,#5971,#5972,#5973,#5974,#5975,#5976));
#1301=EDGE_LOOP('',(#5977,#5978,#5979));
#1302=EDGE_LOOP('',(#5980,#5981,#5982,#5983));
#1303=EDGE_LOOP('',(#5984,#5985,#5986));
#1304=EDGE_LOOP('',(#5987,#5988,#5989));
#1305=EDGE_LOOP('',(#5990,#5991,#5992,#5993));
#1306=EDGE_LOOP('',(#5994,#5995,#5996,#5997));
#1307=EDGE_LOOP('',(#5998,#5999,#6000,#6001));
#1308=EDGE_LOOP('',(#6002,#6003,#6004,#6005,#6006,#6007,#6008,#6009,#6010,
#6011,#6012,#6013));
#1309=EDGE_LOOP('',(#6014,#6015,#6016,#6017,#6018,#6019,#6020));
#1310=EDGE_LOOP('',(#6021,#6022,#6023,#6024,#6025,#6026,#6027,#6028,#6029,
#6030,#6031,#6032,#6033,#6034,#6035,#6036,#6037,#6038,#6039,#6040,#6041,
#6042));
#1311=EDGE_LOOP('',(#6043));
#1312=EDGE_LOOP('',(#6044));
#1313=EDGE_LOOP('',(#6045));
#1314=EDGE_LOOP('',(#6046));
#1315=EDGE_LOOP('',(#6047,#6048,#6049));
#1316=EDGE_LOOP('',(#6050,#6051,#6052));
#1317=EDGE_LOOP('',(#6053,#6054,#6055,#6056));
#1318=EDGE_LOOP('',(#6057,#6058,#6059,#6060));
#1319=EDGE_LOOP('',(#6061,#6062,#6063,#6064));
#1320=EDGE_LOOP('',(#6065,#6066,#6067,#6068,#6069));
#1321=EDGE_LOOP('',(#6070,#6071,#6072,#6073,#6074,#6075,#6076,#6077,#6078,
#6079));
#1322=EDGE_LOOP('',(#6080,#6081,#6082,#6083));
#1323=EDGE_LOOP('',(#6084,#6085,#6086,#6087));
#1324=EDGE_LOOP('',(#6088,#6089,#6090,#6091));
#1325=EDGE_LOOP('',(#6092,#6093,#6094,#6095));
#1326=EDGE_LOOP('',(#6096,#6097,#6098,#6099,#6100,#6101));
#1327=EDGE_LOOP('',(#6102,#6103,#6104,#6105,#6106,#6107));
#1328=EDGE_LOOP('',(#6108,#6109,#6110,#6111,#6112));
#1329=EDGE_LOOP('',(#6113,#6114,#6115,#6116,#6117,#6118));
#1330=EDGE_LOOP('',(#6119,#6120,#6121));
#1331=EDGE_LOOP('',(#6122,#6123,#6124,#6125));
#1332=EDGE_LOOP('',(#6126,#6127,#6128,#6129,#6130));
#1333=EDGE_LOOP('',(#6131,#6132,#6133,#6134));
#1334=EDGE_LOOP('',(#6135,#6136,#6137,#6138,#6139,#6140,#6141,#6142,#6143,
#6144,#6145));
#1335=EDGE_LOOP('',(#6146,#6147,#6148,#6149));
#1336=EDGE_LOOP('',(#6150,#6151,#6152,#6153,#6154));
#1337=EDGE_LOOP('',(#6155,#6156,#6157,#6158));
#1338=EDGE_LOOP('',(#6159,#6160,#6161,#6162));
#1339=EDGE_LOOP('',(#6163,#6164,#6165,#6166));
#1340=EDGE_LOOP('',(#6167,#6168,#6169,#6170));
#1341=EDGE_LOOP('',(#6171,#6172,#6173,#6174));
#1342=EDGE_LOOP('',(#6175,#6176,#6177,#6178,#6179));
#1343=EDGE_LOOP('',(#6180,#6181,#6182,#6183));
#1344=EDGE_LOOP('',(#6184,#6185,#6186,#6187));
#1345=EDGE_LOOP('',(#6188,#6189,#6190,#6191,#6192,#6193));
#1346=EDGE_LOOP('',(#6194,#6195,#6196,#6197));
#1347=EDGE_LOOP('',(#6198,#6199,#6200,#6201));
#1348=EDGE_LOOP('',(#6202,#6203,#6204,#6205));
#1349=EDGE_LOOP('',(#6206,#6207,#6208,#6209,#6210,#6211));
#1350=EDGE_LOOP('',(#6212,#6213,#6214,#6215,#6216,#6217));
#1351=EDGE_LOOP('',(#6218,#6219,#6220,#6221));
#1352=EDGE_LOOP('',(#6222,#6223,#6224,#6225));
#1353=EDGE_LOOP('',(#6226,#6227,#6228,#6229));
#1354=EDGE_LOOP('',(#6230,#6231,#6232,#6233));
#1355=EDGE_LOOP('',(#6234,#6235,#6236,#6237));
#1356=EDGE_LOOP('',(#6238,#6239,#6240,#6241));
#1357=EDGE_LOOP('',(#6242,#6243,#6244,#6245));
#1358=EDGE_LOOP('',(#6246,#6247,#6248,#6249));
#1359=EDGE_LOOP('',(#6250,#6251,#6252,#6253));
#1360=EDGE_LOOP('',(#6254,#6255,#6256,#6257));
#1361=EDGE_LOOP('',(#6258,#6259,#6260,#6261));
#1362=EDGE_LOOP('',(#6262,#6263,#6264,#6265));
#1363=EDGE_LOOP('',(#6266,#6267,#6268,#6269));
#1364=EDGE_LOOP('',(#6270,#6271,#6272,#6273));
#1365=EDGE_LOOP('',(#6274,#6275,#6276,#6277));
#1366=EDGE_LOOP('',(#6278,#6279,#6280,#6281));
#1367=EDGE_LOOP('',(#6282));
#1368=EDGE_LOOP('',(#6283));
#1369=EDGE_LOOP('',(#6284,#6285,#6286,#6287));
#1370=EDGE_LOOP('',(#6288,#6289,#6290,#6291));
#1371=EDGE_LOOP('',(#6292));
#1372=EDGE_LOOP('',(#6293));
#1373=EDGE_LOOP('',(#6294));
#1374=EDGE_LOOP('',(#6295,#6296,#6297,#6298));
#1375=EDGE_LOOP('',(#6299,#6300,#6301,#6302));
#1376=EDGE_LOOP('',(#6303));
#1377=EDGE_LOOP('',(#6304));
#1378=EDGE_LOOP('',(#6305));
#1379=EDGE_LOOP('',(#6306,#6307,#6308,#6309));
#1380=EDGE_LOOP('',(#6310,#6311,#6312,#6313));
#1381=EDGE_LOOP('',(#6314));
#1382=EDGE_LOOP('',(#6315));
#1383=EDGE_LOOP('',(#6316));
#1384=EDGE_LOOP('',(#6317,#6318,#6319,#6320));
#1385=EDGE_LOOP('',(#6321,#6322,#6323,#6324));
#1386=EDGE_LOOP('',(#6325));
#1387=EDGE_LOOP('',(#6326,#6327,#6328,#6329));
#1388=EDGE_LOOP('',(#6330,#6331,#6332,#6333,#6334,#6335));
#1389=EDGE_LOOP('',(#6336,#6337,#6338,#6339));
#1390=EDGE_LOOP('',(#6340,#6341,#6342,#6343,#6344,#6345,#6346,#6347,#6348,
#6349,#6350,#6351,#6352,#6353));
#1391=EDGE_LOOP('',(#6354,#6355,#6356,#6357,#6358,#6359));
#1392=EDGE_LOOP('',(#6360,#6361,#6362,#6363));
#1393=EDGE_LOOP('',(#6364,#6365,#6366,#6367));
#1394=EDGE_LOOP('',(#6368,#6369,#6370,#6371));
#1395=EDGE_LOOP('',(#6372,#6373,#6374));
#1396=EDGE_LOOP('',(#6375,#6376,#6377,#6378,#6379));
#1397=EDGE_LOOP('',(#6380,#6381,#6382,#6383));
#1398=EDGE_LOOP('',(#6384,#6385,#6386,#6387));
#1399=EDGE_LOOP('',(#6388,#6389,#6390,#6391,#6392));
#1400=EDGE_LOOP('',(#6393,#6394,#6395,#6396));
#1401=EDGE_LOOP('',(#6397,#6398,#6399,#6400));
#1402=EDGE_LOOP('',(#6401,#6402,#6403,#6404));
#1403=EDGE_LOOP('',(#6405,#6406,#6407,#6408));
#1404=EDGE_LOOP('',(#6409,#6410,#6411,#6412));
#1405=EDGE_LOOP('',(#6413,#6414,#6415,#6416));
#1406=EDGE_LOOP('',(#6417,#6418,#6419,#6420));
#1407=EDGE_LOOP('',(#6421,#6422,#6423,#6424));
#1408=EDGE_LOOP('',(#6425,#6426,#6427,#6428));
#1409=EDGE_LOOP('',(#6429,#6430,#6431));
#1410=EDGE_LOOP('',(#6432,#6433,#6434,#6435));
#1411=EDGE_LOOP('',(#6436,#6437,#6438,#6439,#6440,#6441,#6442,#6443));
#1412=EDGE_LOOP('',(#6444,#6445,#6446,#6447));
#1413=EDGE_LOOP('',(#6448,#6449,#6450,#6451));
#1414=EDGE_LOOP('',(#6452,#6453,#6454,#6455));
#1415=EDGE_LOOP('',(#6456,#6457,#6458,#6459));
#1416=EDGE_LOOP('',(#6460,#6461,#6462,#6463,#6464,#6465,#6466,#6467,#6468,
#6469,#6470,#6471));
#1417=EDGE_LOOP('',(#6472,#6473,#6474,#6475,#6476,#6477,#6478,#6479,#6480,
#6481,#6482,#6483,#6484,#6485,#6486,#6487,#6488,#6489,#6490,#6491,#6492,
#6493,#6494,#6495,#6496,#6497,#6498,#6499,#6500,#6501));
#1418=EDGE_LOOP('',(#6502,#6503,#6504,#6505,#6506,#6507,#6508,#6509,#6510,
#6511,#6512,#6513,#6514,#6515,#6516,#6517,#6518,#6519,#6520,#6521,#6522));
#1419=EDGE_LOOP('',(#6523,#6524,#6525,#6526,#6527,#6528,#6529,#6530,#6531,
#6532,#6533,#6534,#6535,#6536,#6537,#6538));
#1420=EDGE_LOOP('',(#6539,#6540,#6541,#6542,#6543,#6544,#6545,#6546,#6547,
#6548,#6549,#6550,#6551,#6552,#6553,#6554,#6555,#6556));
#1421=EDGE_LOOP('',(#6557,#6558,#6559,#6560,#6561,#6562,#6563,#6564,#6565,
#6566));
#1422=EDGE_LOOP('',(#6567,#6568,#6569,#6570,#6571,#6572,#6573,#6574,#6575,
#6576));
#1423=EDGE_LOOP('',(#6577,#6578,#6579,#6580,#6581,#6582,#6583,#6584,#6585,
#6586));
#1424=EDGE_LOOP('',(#6587,#6588,#6589,#6590,#6591,#6592,#6593,#6594,#6595,
#6596,#6597,#6598,#6599,#6600,#6601,#6602,#6603,#6604,#6605,#6606,#6607,
#6608,#6609,#6610,#6611,#6612,#6613,#6614,#6615,#6616));
#1425=EDGE_LOOP('',(#6617,#6618,#6619,#6620,#6621,#6622,#6623,#6624,#6625,
#6626,#6627,#6628,#6629,#6630,#6631,#6632,#6633,#6634));
#1426=EDGE_LOOP('',(#6635,#6636,#6637,#6638));
#1427=ELLIPSE('',#7284,10.,5.);
#1428=ELLIPSE('',#7286,5.77350269189626,5.);
#1429=ELLIPSE('',#7318,3.00000000000003,2.);
#1430=ELLIPSE('',#7319,5.99999999999996,2.);
#1431=ELLIPSE('',#7320,2.99999999999998,2.);
#1432=ELLIPSE('',#7323,2.99999999999997,2.);
#1433=ELLIPSE('',#7324,5.99999999999995,2.);
#1434=ELLIPSE('',#7325,3.00000000000003,2.);
#1435=ELLIPSE('',#7328,3.00000000000004,2.);
#1436=ELLIPSE('',#7329,5.99999999999997,2.);
#1437=ELLIPSE('',#7330,2.99999999999996,2.);
#1438=ELLIPSE('',#7333,2.99999999999997,2.);
#1439=ELLIPSE('',#7334,5.99999999999997,2.);
#1440=ELLIPSE('',#7335,3.00000000000003,2.);
#1441=ELLIPSE('',#7337,4.19376792815213,2.29175732008604);
#1442=ELLIPSE('',#7342,4.19376792815212,2.29175732008604);
#1443=ELLIPSE('',#7353,8.16496580927725,5.);
#1444=ELLIPSE('',#7359,8.16496580927725,5.);
#1445=ELLIPSE('',#7368,5.77350269189626,5.);
#1446=ELLIPSE('',#7377,5.77350269189626,5.);
#1447=ELLIPSE('',#7578,7.99999999999999,3.99999999999999);
#1448=ELLIPSE('',#7581,8.00000000000001,4.);
#1449=LINE('',#8920,#2123);
#1450=LINE('',#8924,#2124);
#1451=LINE('',#8926,#2125);
#1452=LINE('',#8927,#2126);
#1453=LINE('',#8932,#2127);
#1454=LINE('',#8934,#2128);
#1455=LINE('',#8935,#2129);
#1456=LINE('',#8938,#2130);
#1457=LINE('',#8940,#2131);
#1458=LINE('',#8941,#2132);
#1459=LINE('',#8943,#2133);
#1460=LINE('',#8944,#2134);
#1461=LINE('',#8949,#2135);
#1462=LINE('',#8951,#2136);
#1463=LINE('',#8953,#2137);
#1464=LINE('',#8954,#2138);
#1465=LINE('',#8957,#2139);
#1466=LINE('',#8959,#2140);
#1467=LINE('',#8960,#2141);
#1468=LINE('',#8963,#2142);
#1469=LINE('',#8965,#2143);
#1470=LINE('',#8966,#2144);
#1471=LINE('',#8968,#2145);
#1472=LINE('',#8969,#2146);
#1473=LINE('',#8973,#2147);
#1474=LINE('',#8975,#2148);
#1475=LINE('',#8977,#2149);
#1476=LINE('',#8979,#2150);
#1477=LINE('',#8980,#2151);
#1478=LINE('',#8983,#2152);
#1479=LINE('',#8985,#2153);
#1480=LINE('',#8987,#2154);
#1481=LINE('',#8988,#2155);
#1482=LINE('',#8991,#2156);
#1483=LINE('',#8993,#2157);
#1484=LINE('',#8994,#2158);
#1485=LINE('',#8997,#2159);
#1486=LINE('',#8998,#2160);
#1487=LINE('',#9001,#2161);
#1488=LINE('',#9002,#2162);
#1489=LINE('',#9004,#2163);
#1490=LINE('',#9009,#2164);
#1491=LINE('',#9011,#2165);
#1492=LINE('',#9013,#2166);
#1493=LINE('',#9015,#2167);
#1494=LINE('',#9016,#2168);
#1495=LINE('',#9020,#2169);
#1496=LINE('',#9021,#2170);
#1497=LINE('',#9023,#2171);
#1498=LINE('',#9024,#2172);
#1499=LINE('',#9027,#2173);
#1500=LINE('',#9029,#2174);
#1501=LINE('',#9030,#2175);
#1502=LINE('',#9032,#2176);
#1503=LINE('',#9033,#2177);
#1504=LINE('',#9036,#2178);
#1505=LINE('',#9040,#2179);
#1506=LINE('',#9042,#2180);
#1507=LINE('',#9044,#2181);
#1508=LINE('',#9045,#2182);
#1509=LINE('',#9048,#2183);
#1510=LINE('',#9050,#2184);
#1511=LINE('',#9051,#2185);
#1512=LINE('',#9054,#2186);
#1513=LINE('',#9056,#2187);
#1514=LINE('',#9057,#2188);
#1515=LINE('',#9059,#2189);
#1516=LINE('',#9060,#2190);
#1517=LINE('',#9065,#2191);
#1518=LINE('',#9067,#2192);
#1519=LINE('',#9069,#2193);
#1520=LINE('',#9070,#2194);
#1521=LINE('',#9073,#2195);
#1522=LINE('',#9075,#2196);
#1523=LINE('',#9076,#2197);
#1524=LINE('',#9079,#2198);
#1525=LINE('',#9081,#2199);
#1526=LINE('',#9082,#2200);
#1527=LINE('',#9084,#2201);
#1528=LINE('',#9085,#2202);
#1529=LINE('',#9092,#2203);
#1530=LINE('',#9096,#2204);
#1531=LINE('',#9100,#2205);
#1532=LINE('',#9102,#2206);
#1533=LINE('',#9103,#2207);
#1534=LINE('',#9109,#2208);
#1535=LINE('',#9120,#2209);
#1536=LINE('',#9124,#2210);
#1537=LINE('',#9126,#2211);
#1538=LINE('',#9127,#2212);
#1539=LINE('',#9141,#2213);
#1540=LINE('',#9145,#2214);
#1541=LINE('',#9147,#2215);
#1542=LINE('',#9148,#2216);
#1543=LINE('',#9161,#2217);
#1544=LINE('',#9166,#2218);
#1545=LINE('',#9167,#2219);
#1546=LINE('',#9168,#2220);
#1547=LINE('',#9197,#2221);
#1548=LINE('',#9217,#2222);
#1549=LINE('',#9218,#2223);
#1550=LINE('',#9221,#2224);
#1551=LINE('',#9225,#2225);
#1552=LINE('',#9227,#2226);
#1553=LINE('',#9229,#2227);
#1554=LINE('',#9230,#2228);
#1555=LINE('',#9234,#2229);
#1556=LINE('',#9239,#2230);
#1557=LINE('',#9242,#2231);
#1558=LINE('',#9243,#2232);
#1559=LINE('',#9246,#2233);
#1560=LINE('',#9248,#2234);
#1561=LINE('',#9250,#2235);
#1562=LINE('',#9251,#2236);
#1563=LINE('',#9254,#2237);
#1564=LINE('',#9256,#2238);
#1565=LINE('',#9258,#2239);
#1566=LINE('',#9260,#2240);
#1567=LINE('',#9262,#2241);
#1568=LINE('',#9266,#2242);
#1569=LINE('',#9270,#2243);
#1570=LINE('',#9272,#2244);
#1571=LINE('',#9274,#2245);
#1572=LINE('',#9275,#2246);
#1573=LINE('',#9278,#2247);
#1574=LINE('',#9280,#2248);
#1575=LINE('',#9282,#2249);
#1576=LINE('',#9283,#2250);
#1577=LINE('',#9286,#2251);
#1578=LINE('',#9288,#2252);
#1579=LINE('',#9290,#2253);
#1580=LINE('',#9291,#2254);
#1581=LINE('',#9294,#2255);
#1582=LINE('',#9296,#2256);
#1583=LINE('',#9298,#2257);
#1584=LINE('',#9299,#2258);
#1585=LINE('',#9301,#2259);
#1586=LINE('',#9303,#2260);
#1587=LINE('',#9307,#2261);
#1588=LINE('',#9308,#2262);
#1589=LINE('',#9328,#2263);
#1590=LINE('',#9332,#2264);
#1591=LINE('',#9337,#2265);
#1592=LINE('',#9338,#2266);
#1593=LINE('',#9355,#2267);
#1594=LINE('',#9360,#2268);
#1595=LINE('',#9365,#2269);
#1596=LINE('',#9366,#2270);
#1597=LINE('',#9367,#2271);
#1598=LINE('',#9370,#2272);
#1599=LINE('',#9371,#2273);
#1600=LINE('',#9374,#2274);
#1601=LINE('',#9375,#2275);
#1602=LINE('',#9377,#2276);
#1603=LINE('',#9381,#2277);
#1604=LINE('',#9382,#2278);
#1605=LINE('',#9383,#2279);
#1606=LINE('',#9386,#2280);
#1607=LINE('',#9387,#2281);
#1608=LINE('',#9390,#2282);
#1609=LINE('',#9391,#2283);
#1610=LINE('',#9393,#2284);
#1611=LINE('',#9397,#2285);
#1612=LINE('',#9398,#2286);
#1613=LINE('',#9399,#2287);
#1614=LINE('',#9402,#2288);
#1615=LINE('',#9403,#2289);
#1616=LINE('',#9406,#2290);
#1617=LINE('',#9407,#2291);
#1618=LINE('',#9409,#2292);
#1619=LINE('',#9413,#2293);
#1620=LINE('',#9414,#2294);
#1621=LINE('',#9415,#2295);
#1622=LINE('',#9418,#2296);
#1623=LINE('',#9419,#2297);
#1624=LINE('',#9422,#2298);
#1625=LINE('',#9423,#2299);
#1626=LINE('',#9425,#2300);
#1627=LINE('',#9429,#2301);
#1628=LINE('',#9431,#2302);
#1629=LINE('',#9433,#2303);
#1630=LINE('',#9434,#2304);
#1631=LINE('',#9437,#2305);
#1632=LINE('',#9439,#2306);
#1633=LINE('',#9440,#2307);
#1634=LINE('',#9443,#2308);
#1635=LINE('',#9445,#2309);
#1636=LINE('',#9446,#2310);
#1637=LINE('',#9448,#2311);
#1638=LINE('',#9449,#2312);
#1639=LINE('',#9463,#2313);
#1640=LINE('',#9468,#2314);
#1641=LINE('',#9471,#2315);
#1642=LINE('',#9473,#2316);
#1643=LINE('',#9474,#2317);
#1644=LINE('',#9486,#2318);
#1645=LINE('',#9501,#2319);
#1646=LINE('',#9529,#2320);
#1647=LINE('',#9534,#2321);
#1648=LINE('',#9546,#2322);
#1649=LINE('',#9561,#2323);
#1650=LINE('',#9576,#2324);
#1651=LINE('',#9591,#2325);
#1652=LINE('',#9606,#2326);
#1653=LINE('',#9621,#2327);
#1654=LINE('',#9627,#2328);
#1655=LINE('',#9629,#2329);
#1656=LINE('',#9630,#2330);
#1657=LINE('',#9642,#2331);
#1658=LINE('',#9657,#2332);
#1659=LINE('',#9672,#2333);
#1660=LINE('',#9687,#2334);
#1661=LINE('',#9693,#2335);
#1662=LINE('',#9695,#2336);
#1663=LINE('',#9696,#2337);
#1664=LINE('',#9699,#2338);
#1665=LINE('',#9701,#2339);
#1666=LINE('',#9702,#2340);
#1667=LINE('',#9714,#2341);
#1668=LINE('',#9729,#2342);
#1669=LINE('',#9744,#2343);
#1670=LINE('',#9773,#2344);
#1671=LINE('',#9778,#2345);
#1672=LINE('',#9790,#2346);
#1673=LINE('',#9805,#2347);
#1674=LINE('',#9820,#2348);
#1675=LINE('',#9835,#2349);
#1676=LINE('',#9850,#2350);
#1677=LINE('',#9865,#2351);
#1678=LINE('',#9880,#2352);
#1679=LINE('',#9895,#2353);
#1680=LINE('',#9901,#2354);
#1681=LINE('',#9903,#2355);
#1682=LINE('',#9904,#2356);
#1683=LINE('',#9916,#2357);
#1684=LINE('',#9931,#2358);
#1685=LINE('',#9946,#2359);
#1686=LINE('',#9961,#2360);
#1687=LINE('',#9976,#2361);
#1688=LINE('',#9991,#2362);
#1689=LINE('',#10006,#2363);
#1690=LINE('',#10021,#2364);
#1691=LINE('',#10036,#2365);
#1692=LINE('',#10051,#2366);
#1693=LINE('',#10066,#2367);
#1694=LINE('',#10081,#2368);
#1695=LINE('',#10096,#2369);
#1696=LINE('',#10111,#2370);
#1697=LINE('',#10117,#2371);
#1698=LINE('',#10119,#2372);
#1699=LINE('',#10120,#2373);
#1700=LINE('',#10132,#2374);
#1701=LINE('',#10147,#2375);
#1702=LINE('',#10162,#2376);
#1703=LINE('',#10177,#2377);
#1704=LINE('',#10206,#2378);
#1705=LINE('',#10211,#2379);
#1706=LINE('',#10223,#2380);
#1707=LINE('',#10238,#2381);
#1708=LINE('',#10253,#2382);
#1709=LINE('',#10268,#2383);
#1710=LINE('',#10283,#2384);
#1711=LINE('',#10298,#2385);
#1712=LINE('',#10326,#2386);
#1713=LINE('',#10331,#2387);
#1714=LINE('',#10343,#2388);
#1715=LINE('',#10358,#2389);
#1716=LINE('',#10373,#2390);
#1717=LINE('',#10388,#2391);
#1718=LINE('',#10403,#2392);
#1719=LINE('',#10418,#2393);
#1720=LINE('',#10433,#2394);
#1721=LINE('',#10448,#2395);
#1722=LINE('',#10477,#2396);
#1723=LINE('',#10482,#2397);
#1724=LINE('',#10494,#2398);
#1725=LINE('',#10509,#2399);
#1726=LINE('',#10524,#2400);
#1727=LINE('',#10539,#2401);
#1728=LINE('',#10554,#2402);
#1729=LINE('',#10569,#2403);
#1730=LINE('',#10597,#2404);
#1731=LINE('',#10602,#2405);
#1732=LINE('',#10614,#2406);
#1733=LINE('',#10629,#2407);
#1734=LINE('',#10644,#2408);
#1735=LINE('',#10659,#2409);
#1736=LINE('',#10674,#2410);
#1737=LINE('',#10689,#2411);
#1738=LINE('',#10704,#2412);
#1739=LINE('',#10719,#2413);
#1740=LINE('',#10739,#2414);
#1741=LINE('',#10741,#2415);
#1742=LINE('',#10743,#2416);
#1743=LINE('',#10744,#2417);
#1744=LINE('',#10747,#2418);
#1745=LINE('',#10749,#2419);
#1746=LINE('',#10750,#2420);
#1747=LINE('',#10753,#2421);
#1748=LINE('',#10755,#2422);
#1749=LINE('',#10756,#2423);
#1750=LINE('',#10759,#2424);
#1751=LINE('',#10761,#2425);
#1752=LINE('',#10762,#2426);
#1753=LINE('',#10765,#2427);
#1754=LINE('',#10767,#2428);
#1755=LINE('',#10768,#2429);
#1756=LINE('',#10771,#2430);
#1757=LINE('',#10773,#2431);
#1758=LINE('',#10774,#2432);
#1759=LINE('',#10777,#2433);
#1760=LINE('',#10779,#2434);
#1761=LINE('',#10780,#2435);
#1762=LINE('',#10783,#2436);
#1763=LINE('',#10785,#2437);
#1764=LINE('',#10786,#2438);
#1765=LINE('',#10789,#2439);
#1766=LINE('',#10791,#2440);
#1767=LINE('',#10792,#2441);
#1768=LINE('',#10794,#2442);
#1769=LINE('',#10795,#2443);
#1770=LINE('',#10809,#2444);
#1771=LINE('',#10814,#2445);
#1772=LINE('',#10817,#2446);
#1773=LINE('',#10819,#2447);
#1774=LINE('',#10820,#2448);
#1775=LINE('',#10832,#2449);
#1776=LINE('',#10847,#2450);
#1777=LINE('',#10875,#2451);
#1778=LINE('',#10880,#2452);
#1779=LINE('',#10892,#2453);
#1780=LINE('',#10907,#2454);
#1781=LINE('',#10922,#2455);
#1782=LINE('',#10937,#2456);
#1783=LINE('',#10952,#2457);
#1784=LINE('',#10967,#2458);
#1785=LINE('',#10973,#2459);
#1786=LINE('',#10975,#2460);
#1787=LINE('',#10976,#2461);
#1788=LINE('',#10988,#2462);
#1789=LINE('',#11003,#2463);
#1790=LINE('',#11018,#2464);
#1791=LINE('',#11033,#2465);
#1792=LINE('',#11039,#2466);
#1793=LINE('',#11041,#2467);
#1794=LINE('',#11042,#2468);
#1795=LINE('',#11045,#2469);
#1796=LINE('',#11047,#2470);
#1797=LINE('',#11048,#2471);
#1798=LINE('',#11060,#2472);
#1799=LINE('',#11075,#2473);
#1800=LINE('',#11090,#2474);
#1801=LINE('',#11119,#2475);
#1802=LINE('',#11124,#2476);
#1803=LINE('',#11127,#2477);
#1804=LINE('',#11129,#2478);
#1805=LINE('',#11130,#2479);
#1806=LINE('',#11133,#2480);
#1807=LINE('',#11135,#2481);
#1808=LINE('',#11136,#2482);
#1809=LINE('',#11139,#2483);
#1810=LINE('',#11141,#2484);
#1811=LINE('',#11142,#2485);
#1812=LINE('',#11145,#2486);
#1813=LINE('',#11147,#2487);
#1814=LINE('',#11148,#2488);
#1815=LINE('',#11151,#2489);
#1816=LINE('',#11153,#2490);
#1817=LINE('',#11154,#2491);
#1818=LINE('',#11157,#2492);
#1819=LINE('',#11159,#2493);
#1820=LINE('',#11160,#2494);
#1821=LINE('',#11172,#2495);
#1822=LINE('',#11187,#2496);
#1823=LINE('',#11202,#2497);
#1824=LINE('',#11208,#2498);
#1825=LINE('',#11210,#2499);
#1826=LINE('',#11211,#2500);
#1827=LINE('',#11214,#2501);
#1828=LINE('',#11216,#2502);
#1829=LINE('',#11217,#2503);
#1830=LINE('',#11220,#2504);
#1831=LINE('',#11222,#2505);
#1832=LINE('',#11223,#2506);
#1833=LINE('',#11235,#2507);
#1834=LINE('',#11250,#2508);
#1835=LINE('',#11279,#2509);
#1836=LINE('',#11284,#2510);
#1837=LINE('',#11287,#2511);
#1838=LINE('',#11289,#2512);
#1839=LINE('',#11290,#2513);
#1840=LINE('',#11293,#2514);
#1841=LINE('',#11295,#2515);
#1842=LINE('',#11296,#2516);
#1843=LINE('',#11299,#2517);
#1844=LINE('',#11301,#2518);
#1845=LINE('',#11302,#2519);
#1846=LINE('',#11305,#2520);
#1847=LINE('',#11307,#2521);
#1848=LINE('',#11308,#2522);
#1849=LINE('',#11311,#2523);
#1850=LINE('',#11313,#2524);
#1851=LINE('',#11314,#2525);
#1852=LINE('',#11317,#2526);
#1853=LINE('',#11319,#2527);
#1854=LINE('',#11320,#2528);
#1855=LINE('',#11323,#2529);
#1856=LINE('',#11325,#2530);
#1857=LINE('',#11326,#2531);
#1858=LINE('',#11329,#2532);
#1859=LINE('',#11331,#2533);
#1860=LINE('',#11332,#2534);
#1861=LINE('',#11335,#2535);
#1862=LINE('',#11337,#2536);
#1863=LINE('',#11338,#2537);
#1864=LINE('',#11341,#2538);
#1865=LINE('',#11343,#2539);
#1866=LINE('',#11344,#2540);
#1867=LINE('',#11347,#2541);
#1868=LINE('',#11349,#2542);
#1869=LINE('',#11350,#2543);
#1870=LINE('',#11362,#2544);
#1871=LINE('',#11377,#2545);
#1872=LINE('',#11392,#2546);
#1873=LINE('',#11407,#2547);
#1874=LINE('',#11422,#2548);
#1875=LINE('',#11428,#2549);
#1876=LINE('',#11430,#2550);
#1877=LINE('',#11431,#2551);
#1878=LINE('',#11443,#2552);
#1879=LINE('',#11458,#2553);
#1880=LINE('',#11487,#2554);
#1881=LINE('',#11492,#2555);
#1882=LINE('',#11504,#2556);
#1883=LINE('',#11519,#2557);
#1884=LINE('',#11534,#2558);
#1885=LINE('',#11549,#2559);
#1886=LINE('',#11564,#2560);
#1887=LINE('',#11579,#2561);
#1888=LINE('',#11594,#2562);
#1889=LINE('',#11609,#2563);
#1890=LINE('',#11615,#2564);
#1891=LINE('',#11617,#2565);
#1892=LINE('',#11618,#2566);
#1893=LINE('',#11630,#2567);
#1894=LINE('',#11645,#2568);
#1895=LINE('',#11660,#2569);
#1896=LINE('',#11675,#2570);
#1897=LINE('',#11690,#2571);
#1898=LINE('',#11705,#2572);
#1899=LINE('',#11720,#2573);
#1900=LINE('',#11735,#2574);
#1901=LINE('',#11750,#2575);
#1902=LINE('',#11765,#2576);
#1903=LINE('',#11780,#2577);
#1904=LINE('',#11795,#2578);
#1905=LINE('',#11810,#2579);
#1906=LINE('',#11825,#2580);
#1907=LINE('',#11831,#2581);
#1908=LINE('',#11833,#2582);
#1909=LINE('',#11834,#2583);
#1910=LINE('',#11846,#2584);
#1911=LINE('',#11861,#2585);
#1912=LINE('',#11876,#2586);
#1913=LINE('',#11891,#2587);
#1914=LINE('',#11911,#2588);
#1915=LINE('',#11913,#2589);
#1916=LINE('',#11915,#2590);
#1917=LINE('',#11916,#2591);
#1918=LINE('',#11919,#2592);
#1919=LINE('',#11921,#2593);
#1920=LINE('',#11922,#2594);
#1921=LINE('',#11925,#2595);
#1922=LINE('',#11927,#2596);
#1923=LINE('',#11928,#2597);
#1924=LINE('',#11931,#2598);
#1925=LINE('',#11933,#2599);
#1926=LINE('',#11934,#2600);
#1927=LINE('',#11937,#2601);
#1928=LINE('',#11939,#2602);
#1929=LINE('',#11940,#2603);
#1930=LINE('',#11943,#2604);
#1931=LINE('',#11945,#2605);
#1932=LINE('',#11946,#2606);
#1933=LINE('',#11949,#2607);
#1934=LINE('',#11951,#2608);
#1935=LINE('',#11952,#2609);
#1936=LINE('',#11955,#2610);
#1937=LINE('',#11957,#2611);
#1938=LINE('',#11958,#2612);
#1939=LINE('',#11961,#2613);
#1940=LINE('',#11963,#2614);
#1941=LINE('',#11964,#2615);
#1942=LINE('',#11967,#2616);
#1943=LINE('',#11969,#2617);
#1944=LINE('',#11970,#2618);
#1945=LINE('',#11973,#2619);
#1946=LINE('',#11975,#2620);
#1947=LINE('',#11976,#2621);
#1948=LINE('',#11978,#2622);
#1949=LINE('',#11979,#2623);
#1950=LINE('',#11989,#2624);
#1951=LINE('',#11994,#2625);
#1952=LINE('',#11999,#2626);
#1953=LINE('',#12002,#2627);
#1954=LINE('',#12004,#2628);
#1955=LINE('',#12008,#2629);
#1956=LINE('',#12013,#2630);
#1957=LINE('',#12014,#2631);
#1958=LINE('',#12017,#2632);
#1959=LINE('',#12019,#2633);
#1960=LINE('',#12023,#2634);
#1961=LINE('',#12027,#2635);
#1962=LINE('',#12031,#2636);
#1963=LINE('',#12033,#2637);
#1964=LINE('',#12035,#2638);
#1965=LINE('',#12039,#2639);
#1966=LINE('',#12043,#2640);
#1967=LINE('',#12044,#2641);
#1968=LINE('',#12057,#2642);
#1969=LINE('',#12058,#2643);
#1970=LINE('',#12063,#2644);
#1971=LINE('',#12064,#2645);
#1972=LINE('',#12067,#2646);
#1973=LINE('',#12071,#2647);
#1974=LINE('',#12072,#2648);
#1975=LINE('',#12075,#2649);
#1976=LINE('',#12078,#2650);
#1977=LINE('',#12081,#2651);
#1978=LINE('',#12083,#2652);
#1979=LINE('',#12084,#2653);
#1980=LINE('',#12087,#2654);
#1981=LINE('',#12089,#2655);
#1982=LINE('',#12090,#2656);
#1983=LINE('',#12093,#2657);
#1984=LINE('',#12094,#2658);
#1985=LINE('',#12098,#2659);
#1986=LINE('',#12100,#2660);
#1987=LINE('',#12102,#2661);
#1988=LINE('',#12104,#2662);
#1989=LINE('',#12105,#2663);
#1990=LINE('',#12108,#2664);
#1991=LINE('',#12110,#2665);
#1992=LINE('',#12112,#2666);
#1993=LINE('',#12114,#2667);
#1994=LINE('',#12115,#2668);
#1995=LINE('',#12118,#2669);
#1996=LINE('',#12119,#2670);
#1997=LINE('',#12122,#2671);
#1998=LINE('',#12124,#2672);
#1999=LINE('',#12125,#2673);
#2000=LINE('',#12128,#2674);
#2001=LINE('',#12129,#2675);
#2002=LINE('',#12130,#2676);
#2003=LINE('',#12134,#2677);
#2004=LINE('',#12136,#2678);
#2005=LINE('',#12138,#2679);
#2006=LINE('',#12143,#2680);
#2007=LINE('',#12144,#2681);
#2008=LINE('',#12147,#2682);
#2009=LINE('',#12149,#2683);
#2010=LINE('',#12150,#2684);
#2011=LINE('',#12153,#2685);
#2012=LINE('',#12154,#2686);
#2013=LINE('',#12158,#2687);
#2014=LINE('',#12160,#2688);
#2015=LINE('',#12162,#2689);
#2016=LINE('',#12163,#2690);
#2017=LINE('',#12166,#2691);
#2018=LINE('',#12168,#2692);
#2019=LINE('',#12169,#2693);
#2020=LINE('',#12172,#2694);
#2021=LINE('',#12174,#2695);
#2022=LINE('',#12175,#2696);
#2023=LINE('',#12177,#2697);
#2024=LINE('',#12178,#2698);
#2025=LINE('',#12182,#2699);
#2026=LINE('',#12184,#2700);
#2027=LINE('',#12186,#2701);
#2028=LINE('',#12187,#2702);
#2029=LINE('',#12189,#2703);
#2030=LINE('',#12191,#2704);
#2031=LINE('',#12192,#2705);
#2032=LINE('',#12194,#2706);
#2033=LINE('',#12196,#2707);
#2034=LINE('',#12197,#2708);
#2035=LINE('',#12201,#2709);
#2036=LINE('',#12202,#2710);
#2037=LINE('',#12204,#2711);
#2038=LINE('',#12209,#2712);
#2039=LINE('',#12211,#2713);
#2040=LINE('',#12213,#2714);
#2041=LINE('',#12214,#2715);
#2042=LINE('',#12217,#2716);
#2043=LINE('',#12219,#2717);
#2044=LINE('',#12220,#2718);
#2045=LINE('',#12223,#2719);
#2046=LINE('',#12225,#2720);
#2047=LINE('',#12226,#2721);
#2048=LINE('',#12228,#2722);
#2049=LINE('',#12229,#2723);
#2050=LINE('',#12233,#2724);
#2051=LINE('',#12235,#2725);
#2052=LINE('',#12237,#2726);
#2053=LINE('',#12238,#2727);
#2054=LINE('',#12241,#2728);
#2055=LINE('',#12243,#2729);
#2056=LINE('',#12244,#2730);
#2057=LINE('',#12247,#2731);
#2058=LINE('',#12249,#2732);
#2059=LINE('',#12250,#2733);
#2060=LINE('',#12252,#2734);
#2061=LINE('',#12253,#2735);
#2062=LINE('',#12257,#2736);
#2063=LINE('',#12259,#2737);
#2064=LINE('',#12261,#2738);
#2065=LINE('',#12262,#2739);
#2066=LINE('',#12265,#2740);
#2067=LINE('',#12267,#2741);
#2068=LINE('',#12268,#2742);
#2069=LINE('',#12271,#2743);
#2070=LINE('',#12273,#2744);
#2071=LINE('',#12274,#2745);
#2072=LINE('',#12276,#2746);
#2073=LINE('',#12277,#2747);
#2074=LINE('',#12281,#2748);
#2075=LINE('',#12283,#2749);
#2076=LINE('',#12285,#2750);
#2077=LINE('',#12286,#2751);
#2078=LINE('',#12289,#2752);
#2079=LINE('',#12291,#2753);
#2080=LINE('',#12292,#2754);
#2081=LINE('',#12295,#2755);
#2082=LINE('',#12297,#2756);
#2083=LINE('',#12298,#2757);
#2084=LINE('',#12300,#2758);
#2085=LINE('',#12301,#2759);
#2086=LINE('',#12308,#2760);
#2087=LINE('',#12311,#2761);
#2088=LINE('',#12320,#2762);
#2089=LINE('',#12323,#2763);
#2090=LINE('',#12332,#2764);
#2091=LINE('',#12335,#2765);
#2092=LINE('',#12344,#2766);
#2093=LINE('',#12347,#2767);
#2094=LINE('',#12352,#2768);
#2095=LINE('',#12355,#2769);
#2096=LINE('',#12358,#2770);
#2097=LINE('',#12360,#2771);
#2098=LINE('',#12362,#2772);
#2099=LINE('',#12363,#2773);
#2100=LINE('',#12366,#2774);
#2101=LINE('',#12368,#2775);
#2102=LINE('',#12371,#2776);
#2103=LINE('',#12373,#2777);
#2104=LINE('',#12374,#2778);
#2105=LINE('',#12375,#2779);
#2106=LINE('',#12378,#2780);
#2107=LINE('',#12380,#2781);
#2108=LINE('',#12381,#2782);
#2109=LINE('',#12384,#2783);
#2110=LINE('',#12387,#2784);
#2111=LINE('',#12389,#2785);
#2112=LINE('',#12392,#2786);
#2113=LINE('',#12393,#2787);
#2114=LINE('',#12395,#2788);
#2115=LINE('',#12398,#2789);
#2116=LINE('',#12401,#2790);
#2117=LINE('',#12404,#2791);
#2118=LINE('',#12408,#2792);
#2119=LINE('',#12410,#2793);
#2120=LINE('',#12414,#2794);
#2121=LINE('',#12415,#2795);
#2122=LINE('',#12417,#2796);
#2123=VECTOR('',#7606,10.);
#2124=VECTOR('',#7609,10.);
#2125=VECTOR('',#7610,10.);
#2126=VECTOR('',#7611,10.);
#2127=VECTOR('',#7616,10.);
#2128=VECTOR('',#7617,10.);
#2129=VECTOR('',#7618,10.);
#2130=VECTOR('',#7621,10.);
#2131=VECTOR('',#7622,10.);
#2132=VECTOR('',#7623,10.);
#2133=VECTOR('',#7626,10.);
#2134=VECTOR('',#7627,10.);
#2135=VECTOR('',#7632,10.);
#2136=VECTOR('',#7633,10.);
#2137=VECTOR('',#7634,10.);
#2138=VECTOR('',#7635,10.);
#2139=VECTOR('',#7638,10.);
#2140=VECTOR('',#7639,10.);
#2141=VECTOR('',#7640,10.);
#2142=VECTOR('',#7643,10.);
#2143=VECTOR('',#7644,10.);
#2144=VECTOR('',#7645,10.);
#2145=VECTOR('',#7648,10.);
#2146=VECTOR('',#7649,10.);
#2147=VECTOR('',#7654,10.);
#2148=VECTOR('',#7655,10.);
#2149=VECTOR('',#7656,10.);
#2150=VECTOR('',#7657,10.);
#2151=VECTOR('',#7658,10.);
#2152=VECTOR('',#7659,10.);
#2153=VECTOR('',#7660,10.);
#2154=VECTOR('',#7661,10.);
#2155=VECTOR('',#7662,10.);
#2156=VECTOR('',#7665,10.);
#2157=VECTOR('',#7666,10.);
#2158=VECTOR('',#7667,10.);
#2159=VECTOR('',#7670,10.);
#2160=VECTOR('',#7671,10.);
#2161=VECTOR('',#7674,10.);
#2162=VECTOR('',#7675,10.);
#2163=VECTOR('',#7678,10.);
#2164=VECTOR('',#7683,10.);
#2165=VECTOR('',#7684,10.);
#2166=VECTOR('',#7685,10.);
#2167=VECTOR('',#7686,10.);
#2168=VECTOR('',#7687,10.);
#2169=VECTOR('',#7690,10.);
#2170=VECTOR('',#7691,10.);
#2171=VECTOR('',#7692,10.);
#2172=VECTOR('',#7693,10.);
#2173=VECTOR('',#7696,10.);
#2174=VECTOR('',#7697,10.);
#2175=VECTOR('',#7698,10.);
#2176=VECTOR('',#7701,10.);
#2177=VECTOR('',#7702,10.);
#2178=VECTOR('',#7707,10.);
#2179=VECTOR('',#7710,10.);
#2180=VECTOR('',#7711,10.);
#2181=VECTOR('',#7712,10.);
#2182=VECTOR('',#7713,10.);
#2183=VECTOR('',#7716,10.);
#2184=VECTOR('',#7717,10.);
#2185=VECTOR('',#7718,10.);
#2186=VECTOR('',#7721,10.);
#2187=VECTOR('',#7722,10.);
#2188=VECTOR('',#7723,10.);
#2189=VECTOR('',#7726,10.);
#2190=VECTOR('',#7727,10.);
#2191=VECTOR('',#7732,10.);
#2192=VECTOR('',#7733,10.);
#2193=VECTOR('',#7734,10.);
#2194=VECTOR('',#7735,10.);
#2195=VECTOR('',#7738,10.);
#2196=VECTOR('',#7739,10.);
#2197=VECTOR('',#7740,10.);
#2198=VECTOR('',#7743,10.);
#2199=VECTOR('',#7744,10.);
#2200=VECTOR('',#7745,10.);
#2201=VECTOR('',#7748,10.);
#2202=VECTOR('',#7749,10.);
#2203=VECTOR('',#7756,10.);
#2204=VECTOR('',#7759,10.);
#2205=VECTOR('',#7764,10.);
#2206=VECTOR('',#7765,10.);
#2207=VECTOR('',#7766,10.);
#2208=VECTOR('',#7771,10.);
#2209=VECTOR('',#7774,10.);
#2210=VECTOR('',#7779,10.);
#2211=VECTOR('',#7780,10.);
#2212=VECTOR('',#7781,10.);
#2213=VECTOR('',#7788,10.);
#2214=VECTOR('',#7793,10.);
#2215=VECTOR('',#7794,10.);
#2216=VECTOR('',#7795,10.);
#2217=VECTOR('',#7810,10.);
#2218=VECTOR('',#7815,10.);
#2219=VECTOR('',#7816,10.);
#2220=VECTOR('',#7817,10.);
#2221=VECTOR('',#7836,5.);
#2222=VECTOR('',#7843,10.);
#2223=VECTOR('',#7844,10.);
#2224=VECTOR('',#7847,10.);
#2225=VECTOR('',#7850,10.);
#2226=VECTOR('',#7851,10.);
#2227=VECTOR('',#7852,10.);
#2228=VECTOR('',#7853,10.);
#2229=VECTOR('',#7856,10.);
#2230=VECTOR('',#7863,10.);
#2231=VECTOR('',#7866,10.);
#2232=VECTOR('',#7867,10.);
#2233=VECTOR('',#7870,10.);
#2234=VECTOR('',#7871,10.);
#2235=VECTOR('',#7872,10.);
#2236=VECTOR('',#7873,10.);
#2237=VECTOR('',#7876,10.);
#2238=VECTOR('',#7877,10.);
#2239=VECTOR('',#7878,10.);
#2240=VECTOR('',#7879,10.);
#2241=VECTOR('',#7880,10.);
#2242=VECTOR('',#7883,10.);
#2243=VECTOR('',#7886,10.);
#2244=VECTOR('',#7887,10.);
#2245=VECTOR('',#7888,10.);
#2246=VECTOR('',#7889,10.);
#2247=VECTOR('',#7890,10.);
#2248=VECTOR('',#7891,10.);
#2249=VECTOR('',#7892,10.);
#2250=VECTOR('',#7893,10.);
#2251=VECTOR('',#7894,10.);
#2252=VECTOR('',#7895,10.);
#2253=VECTOR('',#7896,10.);
#2254=VECTOR('',#7897,10.);
#2255=VECTOR('',#7898,10.);
#2256=VECTOR('',#7899,10.);
#2257=VECTOR('',#7900,10.);
#2258=VECTOR('',#7901,10.);
#2259=VECTOR('',#7904,10.);
#2260=VECTOR('',#7905,10.);
#2261=VECTOR('',#7910,10.);
#2262=VECTOR('',#7911,10.);
#2263=VECTOR('',#7916,10.);
#2264=VECTOR('',#7921,10.);
#2265=VECTOR('',#7928,10.);
#2266=VECTOR('',#7929,10.);
#2267=VECTOR('',#7932,5.);
#2268=VECTOR('',#7937,10.);
#2269=VECTOR('',#7942,10.);
#2270=VECTOR('',#7943,10.);
#2271=VECTOR('',#7944,10.);
#2272=VECTOR('',#7947,10.);
#2273=VECTOR('',#7948,10.);
#2274=VECTOR('',#7951,10.);
#2275=VECTOR('',#7952,10.);
#2276=VECTOR('',#7955,10.);
#2277=VECTOR('',#7958,10.);
#2278=VECTOR('',#7959,10.);
#2279=VECTOR('',#7960,10.);
#2280=VECTOR('',#7963,10.);
#2281=VECTOR('',#7964,10.);
#2282=VECTOR('',#7967,10.);
#2283=VECTOR('',#7968,10.);
#2284=VECTOR('',#7971,10.);
#2285=VECTOR('',#7974,10.);
#2286=VECTOR('',#7975,10.);
#2287=VECTOR('',#7976,10.);
#2288=VECTOR('',#7979,10.);
#2289=VECTOR('',#7980,10.);
#2290=VECTOR('',#7983,10.);
#2291=VECTOR('',#7984,10.);
#2292=VECTOR('',#7987,10.);
#2293=VECTOR('',#7990,10.);
#2294=VECTOR('',#7991,10.);
#2295=VECTOR('',#7992,10.);
#2296=VECTOR('',#7995,10.);
#2297=VECTOR('',#7996,10.);
#2298=VECTOR('',#7999,10.);
#2299=VECTOR('',#8000,10.);
#2300=VECTOR('',#8003,10.);
#2301=VECTOR('',#8006,10.);
#2302=VECTOR('',#8007,10.);
#2303=VECTOR('',#8008,10.);
#2304=VECTOR('',#8009,10.);
#2305=VECTOR('',#8012,10.);
#2306=VECTOR('',#8013,10.);
#2307=VECTOR('',#8014,10.);
#2308=VECTOR('',#8017,10.);
#2309=VECTOR('',#8018,10.);
#2310=VECTOR('',#8019,10.);
#2311=VECTOR('',#8022,10.);
#2312=VECTOR('',#8023,10.);
#2313=VECTOR('',#8026,10.);
#2314=VECTOR('',#8027,10.);
#2315=VECTOR('',#8030,10.);
#2316=VECTOR('',#8031,10.);
#2317=VECTOR('',#8032,10.);
#2318=VECTOR('',#8033,10.);
#2319=VECTOR('',#8034,10.);
#2320=VECTOR('',#8035,10.);
#2321=VECTOR('',#8036,10.);
#2322=VECTOR('',#8037,10.);
#2323=VECTOR('',#8038,10.);
#2324=VECTOR('',#8039,10.);
#2325=VECTOR('',#8040,10.);
#2326=VECTOR('',#8041,10.);
#2327=VECTOR('',#8042,10.);
#2328=VECTOR('',#8045,10.);
#2329=VECTOR('',#8046,10.);
#2330=VECTOR('',#8047,10.);
#2331=VECTOR('',#8048,10.);
#2332=VECTOR('',#8049,10.);
#2333=VECTOR('',#8050,10.);
#2334=VECTOR('',#8051,10.);
#2335=VECTOR('',#8054,10.);
#2336=VECTOR('',#8055,10.);
#2337=VECTOR('',#8056,10.);
#2338=VECTOR('',#8059,10.);
#2339=VECTOR('',#8060,10.);
#2340=VECTOR('',#8061,10.);
#2341=VECTOR('',#8062,10.);
#2342=VECTOR('',#8063,10.);
#2343=VECTOR('',#8064,10.);
#2344=VECTOR('',#8067,10.);
#2345=VECTOR('',#8068,10.);
#2346=VECTOR('',#8069,10.);
#2347=VECTOR('',#8070,10.);
#2348=VECTOR('',#8071,10.);
#2349=VECTOR('',#8072,10.);
#2350=VECTOR('',#8073,10.);
#2351=VECTOR('',#8074,10.);
#2352=VECTOR('',#8075,10.);
#2353=VECTOR('',#8076,10.);
#2354=VECTOR('',#8079,10.);
#2355=VECTOR('',#8080,10.);
#2356=VECTOR('',#8081,10.);
#2357=VECTOR('',#8082,10.);
#2358=VECTOR('',#8083,10.);
#2359=VECTOR('',#8084,10.);
#2360=VECTOR('',#8085,10.);
#2361=VECTOR('',#8086,10.);
#2362=VECTOR('',#8087,10.);
#2363=VECTOR('',#8088,10.);
#2364=VECTOR('',#8089,10.);
#2365=VECTOR('',#8090,10.);
#2366=VECTOR('',#8091,10.);
#2367=VECTOR('',#8092,10.);
#2368=VECTOR('',#8093,10.);
#2369=VECTOR('',#8094,10.);
#2370=VECTOR('',#8095,10.);
#2371=VECTOR('',#8098,10.);
#2372=VECTOR('',#8099,10.);
#2373=VECTOR('',#8100,10.);
#2374=VECTOR('',#8101,10.);
#2375=VECTOR('',#8102,10.);
#2376=VECTOR('',#8103,10.);
#2377=VECTOR('',#8104,10.);
#2378=VECTOR('',#8107,10.);
#2379=VECTOR('',#8108,10.);
#2380=VECTOR('',#8109,10.);
#2381=VECTOR('',#8110,10.);
#2382=VECTOR('',#8111,10.);
#2383=VECTOR('',#8112,10.);
#2384=VECTOR('',#8113,10.);
#2385=VECTOR('',#8114,10.);
#2386=VECTOR('',#8115,10.);
#2387=VECTOR('',#8116,10.);
#2388=VECTOR('',#8117,10.);
#2389=VECTOR('',#8118,10.);
#2390=VECTOR('',#8119,10.);
#2391=VECTOR('',#8120,10.);
#2392=VECTOR('',#8121,10.);
#2393=VECTOR('',#8122,10.);
#2394=VECTOR('',#8123,10.);
#2395=VECTOR('',#8124,10.);
#2396=VECTOR('',#8127,10.);
#2397=VECTOR('',#8128,10.);
#2398=VECTOR('',#8129,10.);
#2399=VECTOR('',#8130,10.);
#2400=VECTOR('',#8131,10.);
#2401=VECTOR('',#8132,10.);
#2402=VECTOR('',#8133,10.);
#2403=VECTOR('',#8134,10.);
#2404=VECTOR('',#8135,10.);
#2405=VECTOR('',#8136,10.);
#2406=VECTOR('',#8137,10.);
#2407=VECTOR('',#8138,10.);
#2408=VECTOR('',#8139,10.);
#2409=VECTOR('',#8140,10.);
#2410=VECTOR('',#8141,10.);
#2411=VECTOR('',#8142,10.);
#2412=VECTOR('',#8143,10.);
#2413=VECTOR('',#8144,10.);
#2414=VECTOR('',#8149,10.);
#2415=VECTOR('',#8150,10.);
#2416=VECTOR('',#8151,10.);
#2417=VECTOR('',#8152,10.);
#2418=VECTOR('',#8155,10.);
#2419=VECTOR('',#8156,10.);
#2420=VECTOR('',#8157,10.);
#2421=VECTOR('',#8160,10.);
#2422=VECTOR('',#8161,10.);
#2423=VECTOR('',#8162,10.);
#2424=VECTOR('',#8165,10.);
#2425=VECTOR('',#8166,10.);
#2426=VECTOR('',#8167,10.);
#2427=VECTOR('',#8170,10.);
#2428=VECTOR('',#8171,10.);
#2429=VECTOR('',#8172,10.);
#2430=VECTOR('',#8175,10.);
#2431=VECTOR('',#8176,10.);
#2432=VECTOR('',#8177,10.);
#2433=VECTOR('',#8180,10.);
#2434=VECTOR('',#8181,10.);
#2435=VECTOR('',#8182,10.);
#2436=VECTOR('',#8185,10.);
#2437=VECTOR('',#8186,10.);
#2438=VECTOR('',#8187,10.);
#2439=VECTOR('',#8190,10.);
#2440=VECTOR('',#8191,10.);
#2441=VECTOR('',#8192,10.);
#2442=VECTOR('',#8195,10.);
#2443=VECTOR('',#8196,10.);
#2444=VECTOR('',#8199,10.);
#2445=VECTOR('',#8200,10.);
#2446=VECTOR('',#8203,10.);
#2447=VECTOR('',#8204,10.);
#2448=VECTOR('',#8205,10.);
#2449=VECTOR('',#8206,10.);
#2450=VECTOR('',#8207,10.);
#2451=VECTOR('',#8208,10.);
#2452=VECTOR('',#8209,10.);
#2453=VECTOR('',#8210,10.);
#2454=VECTOR('',#8211,10.);
#2455=VECTOR('',#8212,10.);
#2456=VECTOR('',#8213,10.);
#2457=VECTOR('',#8214,10.);
#2458=VECTOR('',#8215,10.);
#2459=VECTOR('',#8218,10.);
#2460=VECTOR('',#8219,10.);
#2461=VECTOR('',#8220,10.);
#2462=VECTOR('',#8221,10.);
#2463=VECTOR('',#8222,10.);
#2464=VECTOR('',#8223,10.);
#2465=VECTOR('',#8224,10.);
#2466=VECTOR('',#8227,10.);
#2467=VECTOR('',#8228,10.);
#2468=VECTOR('',#8229,10.);
#2469=VECTOR('',#8232,10.);
#2470=VECTOR('',#8233,10.);
#2471=VECTOR('',#8234,10.);
#2472=VECTOR('',#8235,10.);
#2473=VECTOR('',#8236,10.);
#2474=VECTOR('',#8237,10.);
#2475=VECTOR('',#8240,10.);
#2476=VECTOR('',#8241,10.);
#2477=VECTOR('',#8244,10.);
#2478=VECTOR('',#8245,10.);
#2479=VECTOR('',#8246,10.);
#2480=VECTOR('',#8249,10.);
#2481=VECTOR('',#8250,10.);
#2482=VECTOR('',#8251,10.);
#2483=VECTOR('',#8254,10.);
#2484=VECTOR('',#8255,10.);
#2485=VECTOR('',#8256,10.);
#2486=VECTOR('',#8259,10.);
#2487=VECTOR('',#8260,10.);
#2488=VECTOR('',#8261,10.);
#2489=VECTOR('',#8264,10.);
#2490=VECTOR('',#8265,10.);
#2491=VECTOR('',#8266,10.);
#2492=VECTOR('',#8269,10.);
#2493=VECTOR('',#8270,10.);
#2494=VECTOR('',#8271,10.);
#2495=VECTOR('',#8272,10.);
#2496=VECTOR('',#8273,10.);
#2497=VECTOR('',#8274,10.);
#2498=VECTOR('',#8277,10.);
#2499=VECTOR('',#8278,10.);
#2500=VECTOR('',#8279,10.);
#2501=VECTOR('',#8282,10.);
#2502=VECTOR('',#8283,10.);
#2503=VECTOR('',#8284,10.);
#2504=VECTOR('',#8287,10.);
#2505=VECTOR('',#8288,10.);
#2506=VECTOR('',#8289,10.);
#2507=VECTOR('',#8290,10.);
#2508=VECTOR('',#8291,10.);
#2509=VECTOR('',#8294,10.);
#2510=VECTOR('',#8295,10.);
#2511=VECTOR('',#8298,10.);
#2512=VECTOR('',#8299,10.);
#2513=VECTOR('',#8300,10.);
#2514=VECTOR('',#8303,10.);
#2515=VECTOR('',#8304,10.);
#2516=VECTOR('',#8305,10.);
#2517=VECTOR('',#8308,10.);
#2518=VECTOR('',#8309,10.);
#2519=VECTOR('',#8310,10.);
#2520=VECTOR('',#8313,10.);
#2521=VECTOR('',#8314,10.);
#2522=VECTOR('',#8315,10.);
#2523=VECTOR('',#8318,10.);
#2524=VECTOR('',#8319,10.);
#2525=VECTOR('',#8320,10.);
#2526=VECTOR('',#8323,10.);
#2527=VECTOR('',#8324,10.);
#2528=VECTOR('',#8325,10.);
#2529=VECTOR('',#8328,10.);
#2530=VECTOR('',#8329,10.);
#2531=VECTOR('',#8330,10.);
#2532=VECTOR('',#8333,10.);
#2533=VECTOR('',#8334,10.);
#2534=VECTOR('',#8335,10.);
#2535=VECTOR('',#8338,10.);
#2536=VECTOR('',#8339,10.);
#2537=VECTOR('',#8340,10.);
#2538=VECTOR('',#8343,10.);
#2539=VECTOR('',#8344,10.);
#2540=VECTOR('',#8345,10.);
#2541=VECTOR('',#8348,10.);
#2542=VECTOR('',#8349,10.);
#2543=VECTOR('',#8350,10.);
#2544=VECTOR('',#8351,10.);
#2545=VECTOR('',#8352,10.);
#2546=VECTOR('',#8353,10.);
#2547=VECTOR('',#8354,10.);
#2548=VECTOR('',#8355,10.);
#2549=VECTOR('',#8358,10.);
#2550=VECTOR('',#8359,10.);
#2551=VECTOR('',#8360,10.);
#2552=VECTOR('',#8361,10.);
#2553=VECTOR('',#8362,10.);
#2554=VECTOR('',#8365,10.);
#2555=VECTOR('',#8366,10.);
#2556=VECTOR('',#8367,10.);
#2557=VECTOR('',#8368,10.);
#2558=VECTOR('',#8369,10.);
#2559=VECTOR('',#8370,10.);
#2560=VECTOR('',#8371,10.);
#2561=VECTOR('',#8372,10.);
#2562=VECTOR('',#8373,10.);
#2563=VECTOR('',#8374,10.);
#2564=VECTOR('',#8377,10.);
#2565=VECTOR('',#8378,10.);
#2566=VECTOR('',#8379,10.);
#2567=VECTOR('',#8380,10.);
#2568=VECTOR('',#8381,10.);
#2569=VECTOR('',#8382,10.);
#2570=VECTOR('',#8383,10.);
#2571=VECTOR('',#8384,10.);
#2572=VECTOR('',#8385,10.);
#2573=VECTOR('',#8386,10.);
#2574=VECTOR('',#8387,10.);
#2575=VECTOR('',#8388,10.);
#2576=VECTOR('',#8389,10.);
#2577=VECTOR('',#8390,10.);
#2578=VECTOR('',#8391,10.);
#2579=VECTOR('',#8392,10.);
#2580=VECTOR('',#8393,10.);
#2581=VECTOR('',#8396,10.);
#2582=VECTOR('',#8397,10.);
#2583=VECTOR('',#8398,10.);
#2584=VECTOR('',#8399,10.);
#2585=VECTOR('',#8400,10.);
#2586=VECTOR('',#8401,10.);
#2587=VECTOR('',#8402,10.);
#2588=VECTOR('',#8407,10.);
#2589=VECTOR('',#8408,10.);
#2590=VECTOR('',#8409,10.);
#2591=VECTOR('',#8410,10.);
#2592=VECTOR('',#8413,10.);
#2593=VECTOR('',#8414,10.);
#2594=VECTOR('',#8415,10.);
#2595=VECTOR('',#8418,10.);
#2596=VECTOR('',#8419,10.);
#2597=VECTOR('',#8420,10.);
#2598=VECTOR('',#8423,10.);
#2599=VECTOR('',#8424,10.);
#2600=VECTOR('',#8425,10.);
#2601=VECTOR('',#8428,10.);
#2602=VECTOR('',#8429,10.);
#2603=VECTOR('',#8430,10.);
#2604=VECTOR('',#8433,10.);
#2605=VECTOR('',#8434,10.);
#2606=VECTOR('',#8435,10.);
#2607=VECTOR('',#8438,10.);
#2608=VECTOR('',#8439,10.);
#2609=VECTOR('',#8440,10.);
#2610=VECTOR('',#8443,10.);
#2611=VECTOR('',#8444,10.);
#2612=VECTOR('',#8445,10.);
#2613=VECTOR('',#8448,10.);
#2614=VECTOR('',#8449,10.);
#2615=VECTOR('',#8450,10.);
#2616=VECTOR('',#8453,10.);
#2617=VECTOR('',#8454,10.);
#2618=VECTOR('',#8455,10.);
#2619=VECTOR('',#8458,10.);
#2620=VECTOR('',#8459,10.);
#2621=VECTOR('',#8460,10.);
#2622=VECTOR('',#8463,10.);
#2623=VECTOR('',#8464,10.);
#2624=VECTOR('',#8479,10.);
#2625=VECTOR('',#8486,10.);
#2626=VECTOR('',#8495,10.);
#2627=VECTOR('',#8498,10.);
#2628=VECTOR('',#8501,10.);
#2629=VECTOR('',#8508,10.);
#2630=VECTOR('',#8517,10.);
#2631=VECTOR('',#8518,10.);
#2632=VECTOR('',#8523,5.);
#2633=VECTOR('',#8526,10.);
#2634=VECTOR('',#8531,10.);
#2635=VECTOR('',#8534,10.);
#2636=VECTOR('',#8537,10.);
#2637=VECTOR('',#8538,10.);
#2638=VECTOR('',#8539,10.);
#2639=VECTOR('',#8542,10.);
#2640=VECTOR('',#8545,10.);
#2641=VECTOR('',#8546,10.);
#2642=VECTOR('',#8557,10.);
#2643=VECTOR('',#8558,10.);
#2644=VECTOR('',#8561,10.);
#2645=VECTOR('',#8562,10.);
#2646=VECTOR('',#8565,10.);
#2647=VECTOR('',#8570,10.);
#2648=VECTOR('',#8571,10.);
#2649=VECTOR('',#8574,10.);
#2650=VECTOR('',#8579,10.);
#2651=VECTOR('',#8582,10.);
#2652=VECTOR('',#8583,10.);
#2653=VECTOR('',#8584,10.);
#2654=VECTOR('',#8587,10.);
#2655=VECTOR('',#8588,10.);
#2656=VECTOR('',#8589,10.);
#2657=VECTOR('',#8592,10.);
#2658=VECTOR('',#8593,10.);
#2659=VECTOR('',#8596,10.);
#2660=VECTOR('',#8597,10.);
#2661=VECTOR('',#8598,10.);
#2662=VECTOR('',#8599,10.);
#2663=VECTOR('',#8600,10.);
#2664=VECTOR('',#8603,10.);
#2665=VECTOR('',#8604,10.);
#2666=VECTOR('',#8605,10.);
#2667=VECTOR('',#8606,10.);
#2668=VECTOR('',#8607,10.);
#2669=VECTOR('',#8610,10.);
#2670=VECTOR('',#8611,10.);
#2671=VECTOR('',#8614,10.);
#2672=VECTOR('',#8615,10.);
#2673=VECTOR('',#8616,10.);
#2674=VECTOR('',#8619,10.);
#2675=VECTOR('',#8620,10.);
#2676=VECTOR('',#8621,10.);
#2677=VECTOR('',#8626,10.);
#2678=VECTOR('',#8627,10.);
#2679=VECTOR('',#8628,10.);
#2680=VECTOR('',#8633,10.);
#2681=VECTOR('',#8634,10.);
#2682=VECTOR('',#8637,10.);
#2683=VECTOR('',#8638,10.);
#2684=VECTOR('',#8639,10.);
#2685=VECTOR('',#8642,10.);
#2686=VECTOR('',#8643,10.);
#2687=VECTOR('',#8646,10.);
#2688=VECTOR('',#8647,10.);
#2689=VECTOR('',#8648,10.);
#2690=VECTOR('',#8649,10.);
#2691=VECTOR('',#8652,10.);
#2692=VECTOR('',#8653,10.);
#2693=VECTOR('',#8654,10.);
#2694=VECTOR('',#8657,10.);
#2695=VECTOR('',#8658,10.);
#2696=VECTOR('',#8659,10.);
#2697=VECTOR('',#8662,10.);
#2698=VECTOR('',#8663,10.);
#2699=VECTOR('',#8666,10.);
#2700=VECTOR('',#8667,10.);
#2701=VECTOR('',#8668,10.);
#2702=VECTOR('',#8669,10.);
#2703=VECTOR('',#8672,10.);
#2704=VECTOR('',#8673,10.);
#2705=VECTOR('',#8674,10.);
#2706=VECTOR('',#8677,10.);
#2707=VECTOR('',#8680,10.);
#2708=VECTOR('',#8681,10.);
#2709=VECTOR('',#8686,10.);
#2710=VECTOR('',#8687,10.);
#2711=VECTOR('',#8690,10.);
#2712=VECTOR('',#8695,10.);
#2713=VECTOR('',#8696,10.);
#2714=VECTOR('',#8697,10.);
#2715=VECTOR('',#8698,10.);
#2716=VECTOR('',#8701,10.);
#2717=VECTOR('',#8702,10.);
#2718=VECTOR('',#8703,10.);
#2719=VECTOR('',#8706,10.);
#2720=VECTOR('',#8707,10.);
#2721=VECTOR('',#8708,10.);
#2722=VECTOR('',#8711,10.);
#2723=VECTOR('',#8712,10.);
#2724=VECTOR('',#8715,10.);
#2725=VECTOR('',#8716,10.);
#2726=VECTOR('',#8717,10.);
#2727=VECTOR('',#8718,10.);
#2728=VECTOR('',#8721,10.);
#2729=VECTOR('',#8722,10.);
#2730=VECTOR('',#8723,10.);
#2731=VECTOR('',#8726,10.);
#2732=VECTOR('',#8727,10.);
#2733=VECTOR('',#8728,10.);
#2734=VECTOR('',#8731,10.);
#2735=VECTOR('',#8732,10.);
#2736=VECTOR('',#8735,10.);
#2737=VECTOR('',#8736,10.);
#2738=VECTOR('',#8737,10.);
#2739=VECTOR('',#8738,10.);
#2740=VECTOR('',#8741,10.);
#2741=VECTOR('',#8742,10.);
#2742=VECTOR('',#8743,10.);
#2743=VECTOR('',#8746,10.);
#2744=VECTOR('',#8747,10.);
#2745=VECTOR('',#8748,10.);
#2746=VECTOR('',#8751,10.);
#2747=VECTOR('',#8752,10.);
#2748=VECTOR('',#8755,10.);
#2749=VECTOR('',#8756,10.);
#2750=VECTOR('',#8757,10.);
#2751=VECTOR('',#8758,10.);
#2752=VECTOR('',#8761,10.);
#2753=VECTOR('',#8762,10.);
#2754=VECTOR('',#8763,10.);
#2755=VECTOR('',#8766,10.);
#2756=VECTOR('',#8767,10.);
#2757=VECTOR('',#8768,10.);
#2758=VECTOR('',#8771,10.);
#2759=VECTOR('',#8772,10.);
#2760=VECTOR('',#8781,2.1);
#2761=VECTOR('',#8784,1.7);
#2762=VECTOR('',#8797,2.1);
#2763=VECTOR('',#8800,1.7);
#2764=VECTOR('',#8813,2.1);
#2765=VECTOR('',#8816,1.7);
#2766=VECTOR('',#8829,2.1);
#2767=VECTOR('',#8832,1.7);
#2768=VECTOR('',#8839,10.);
#2769=VECTOR('',#8842,10.);
#2770=VECTOR('',#8845,10.);
#2771=VECTOR('',#8846,10.);
#2772=VECTOR('',#8847,10.);
#2773=VECTOR('',#8848,10.);
#2774=VECTOR('',#8851,10.);
#2775=VECTOR('',#8852,10.);
#2776=VECTOR('',#8857,10.);
#2777=VECTOR('',#8858,10.);
#2778=VECTOR('',#8859,10.);
#2779=VECTOR('',#8860,10.);
#2780=VECTOR('',#8863,10.);
#2781=VECTOR('',#8864,10.);
#2782=VECTOR('',#8865,10.);
#2783=VECTOR('',#8868,10.);
#2784=VECTOR('',#8871,10.);
#2785=VECTOR('',#8874,10.);
#2786=VECTOR('',#8877,10.);
#2787=VECTOR('',#8878,10.);
#2788=VECTOR('',#8881,10.);
#2789=VECTOR('',#8886,10.);
#2790=VECTOR('',#8889,10.);
#2791=VECTOR('',#8892,10.);
#2792=VECTOR('',#8899,10.);
#2793=VECTOR('',#8902,10.);
#2794=VECTOR('',#8907,10.);
#2795=VECTOR('',#8908,10.);
#2796=VECTOR('',#8911,10.);
#2797=VERTEX_POINT('',#8918);
#2798=VERTEX_POINT('',#8919);
#2799=VERTEX_POINT('',#8921);
#2800=VERTEX_POINT('',#8923);
#2801=VERTEX_POINT('',#8925);
#2802=VERTEX_POINT('',#8929);
#2803=VERTEX_POINT('',#8931);
#2804=VERTEX_POINT('',#8933);
#2805=VERTEX_POINT('',#8937);
#2806=VERTEX_POINT('',#8939);
#2807=VERTEX_POINT('',#8947);
#2808=VERTEX_POINT('',#8948);
#2809=VERTEX_POINT('',#8950);
#2810=VERTEX_POINT('',#8952);
#2811=VERTEX_POINT('',#8956);
#2812=VERTEX_POINT('',#8958);
#2813=VERTEX_POINT('',#8962);
#2814=VERTEX_POINT('',#8964);
#2815=VERTEX_POINT('',#8972);
#2816=VERTEX_POINT('',#8974);
#2817=VERTEX_POINT('',#8976);
#2818=VERTEX_POINT('',#8978);
#2819=VERTEX_POINT('',#8981);
#2820=VERTEX_POINT('',#8982);
#2821=VERTEX_POINT('',#8984);
#2822=VERTEX_POINT('',#8986);
#2823=VERTEX_POINT('',#8990);
#2824=VERTEX_POINT('',#8992);
#2825=VERTEX_POINT('',#8996);
#2826=VERTEX_POINT('',#9000);
#2827=VERTEX_POINT('',#9007);
#2828=VERTEX_POINT('',#9008);
#2829=VERTEX_POINT('',#9010);
#2830=VERTEX_POINT('',#9012);
#2831=VERTEX_POINT('',#9014);
#2832=VERTEX_POINT('',#9018);
#2833=VERTEX_POINT('',#9019);
#2834=VERTEX_POINT('',#9022);
#2835=VERTEX_POINT('',#9026);
#2836=VERTEX_POINT('',#9028);
#2837=VERTEX_POINT('',#9038);
#2838=VERTEX_POINT('',#9039);
#2839=VERTEX_POINT('',#9041);
#2840=VERTEX_POINT('',#9043);
#2841=VERTEX_POINT('',#9047);
#2842=VERTEX_POINT('',#9049);
#2843=VERTEX_POINT('',#9053);
#2844=VERTEX_POINT('',#9055);
#2845=VERTEX_POINT('',#9063);
#2846=VERTEX_POINT('',#9064);
#2847=VERTEX_POINT('',#9066);
#2848=VERTEX_POINT('',#9068);
#2849=VERTEX_POINT('',#9072);
#2850=VERTEX_POINT('',#9074);
#2851=VERTEX_POINT('',#9078);
#2852=VERTEX_POINT('',#9080);
#2853=VERTEX_POINT('',#9088);
#2854=VERTEX_POINT('',#9089);
#2855=VERTEX_POINT('',#9091);
#2856=VERTEX_POINT('',#9093);
#2857=VERTEX_POINT('',#9095);
#2858=VERTEX_POINT('',#9099);
#2859=VERTEX_POINT('',#9101);
#2860=VERTEX_POINT('',#9105);
#2861=VERTEX_POINT('',#9106);
#2862=VERTEX_POINT('',#9108);
#2863=VERTEX_POINT('',#9110);
#2864=VERTEX_POINT('',#9112);
#2865=VERTEX_POINT('',#9119);
#2866=VERTEX_POINT('',#9123);
#2867=VERTEX_POINT('',#9125);
#2868=VERTEX_POINT('',#9129);
#2869=VERTEX_POINT('',#9131);
#2870=VERTEX_POINT('',#9138);
#2871=VERTEX_POINT('',#9140);
#2872=VERTEX_POINT('',#9144);
#2873=VERTEX_POINT('',#9146);
#2874=VERTEX_POINT('',#9150);
#2875=VERTEX_POINT('',#9155);
#2876=VERTEX_POINT('',#9156);
#2877=VERTEX_POINT('',#9158);
#2878=VERTEX_POINT('',#9160);
#2879=VERTEX_POINT('',#9164);
#2880=VERTEX_POINT('',#9165);
#2881=VERTEX_POINT('',#9170);
#2882=VERTEX_POINT('',#9171);
#2883=VERTEX_POINT('',#9184);
#2884=VERTEX_POINT('',#9186);
#2885=VERTEX_POINT('',#9188);
#2886=VERTEX_POINT('',#9195);
#2887=VERTEX_POINT('',#9207);
#2888=VERTEX_POINT('',#9212);
#2889=VERTEX_POINT('',#9216);
#2890=VERTEX_POINT('',#9219);
#2891=VERTEX_POINT('',#9223);
#2892=VERTEX_POINT('',#9224);
#2893=VERTEX_POINT('',#9226);
#2894=VERTEX_POINT('',#9228);
#2895=VERTEX_POINT('',#9232);
#2896=VERTEX_POINT('',#9233);
#2897=VERTEX_POINT('',#9238);
#2898=VERTEX_POINT('',#9240);
#2899=VERTEX_POINT('',#9245);
#2900=VERTEX_POINT('',#9247);
#2901=VERTEX_POINT('',#9249);
#2902=VERTEX_POINT('',#9253);
#2903=VERTEX_POINT('',#9255);
#2904=VERTEX_POINT('',#9257);
#2905=VERTEX_POINT('',#9259);
#2906=VERTEX_POINT('',#9261);
#2907=VERTEX_POINT('',#9263);
#2908=VERTEX_POINT('',#9265);
#2909=VERTEX_POINT('',#9268);
#2910=VERTEX_POINT('',#9269);
#2911=VERTEX_POINT('',#9271);
#2912=VERTEX_POINT('',#9273);
#2913=VERTEX_POINT('',#9276);
#2914=VERTEX_POINT('',#9277);
#2915=VERTEX_POINT('',#9279);
#2916=VERTEX_POINT('',#9281);
#2917=VERTEX_POINT('',#9284);
#2918=VERTEX_POINT('',#9285);
#2919=VERTEX_POINT('',#9287);
#2920=VERTEX_POINT('',#9289);
#2921=VERTEX_POINT('',#9292);
#2922=VERTEX_POINT('',#9293);
#2923=VERTEX_POINT('',#9295);
#2924=VERTEX_POINT('',#9297);
#2925=VERTEX_POINT('',#9302);
#2926=VERTEX_POINT('',#9306);
#2927=VERTEX_POINT('',#9310);
#2928=VERTEX_POINT('',#9325);
#2929=VERTEX_POINT('',#9327);
#2930=VERTEX_POINT('',#9331);
#2931=VERTEX_POINT('',#9336);
#2932=VERTEX_POINT('',#9340);
#2933=VERTEX_POINT('',#9357);
#2934=VERTEX_POINT('',#9359);
#2935=VERTEX_POINT('',#9363);
#2936=VERTEX_POINT('',#9364);
#2937=VERTEX_POINT('',#9369);
#2938=VERTEX_POINT('',#9373);
#2939=VERTEX_POINT('',#9379);
#2940=VERTEX_POINT('',#9380);
#2941=VERTEX_POINT('',#9385);
#2942=VERTEX_POINT('',#9389);
#2943=VERTEX_POINT('',#9395);
#2944=VERTEX_POINT('',#9396);
#2945=VERTEX_POINT('',#9401);
#2946=VERTEX_POINT('',#9405);
#2947=VERTEX_POINT('',#9411);
#2948=VERTEX_POINT('',#9412);
#2949=VERTEX_POINT('',#9417);
#2950=VERTEX_POINT('',#9421);
#2951=VERTEX_POINT('',#9427);
#2952=VERTEX_POINT('',#9428);
#2953=VERTEX_POINT('',#9430);
#2954=VERTEX_POINT('',#9432);
#2955=VERTEX_POINT('',#9436);
#2956=VERTEX_POINT('',#9438);
#2957=VERTEX_POINT('',#9442);
#2958=VERTEX_POINT('',#9444);
#2959=VERTEX_POINT('',#9457);
#2960=VERTEX_POINT('',#9458);
#2961=VERTEX_POINT('',#9462);
#2962=VERTEX_POINT('',#9464);
#2963=VERTEX_POINT('',#9470);
#2964=VERTEX_POINT('',#9472);
#2965=VERTEX_POINT('',#9481);
#2966=VERTEX_POINT('',#9485);
#2967=VERTEX_POINT('',#9496);
#2968=VERTEX_POINT('',#9500);
#2969=VERTEX_POINT('',#9523);
#2970=VERTEX_POINT('',#9524);
#2971=VERTEX_POINT('',#9528);
#2972=VERTEX_POINT('',#9530);
#2973=VERTEX_POINT('',#9541);
#2974=VERTEX_POINT('',#9545);
#2975=VERTEX_POINT('',#9556);
#2976=VERTEX_POINT('',#9560);
#2977=VERTEX_POINT('',#9571);
#2978=VERTEX_POINT('',#9575);
#2979=VERTEX_POINT('',#9586);
#2980=VERTEX_POINT('',#9590);
#2981=VERTEX_POINT('',#9601);
#2982=VERTEX_POINT('',#9605);
#2983=VERTEX_POINT('',#9616);
#2984=VERTEX_POINT('',#9620);
#2985=VERTEX_POINT('',#9626);
#2986=VERTEX_POINT('',#9628);
#2987=VERTEX_POINT('',#9637);
#2988=VERTEX_POINT('',#9641);
#2989=VERTEX_POINT('',#9652);
#2990=VERTEX_POINT('',#9656);
#2991=VERTEX_POINT('',#9667);
#2992=VERTEX_POINT('',#9671);
#2993=VERTEX_POINT('',#9682);
#2994=VERTEX_POINT('',#9686);
#2995=VERTEX_POINT('',#9692);
#2996=VERTEX_POINT('',#9694);
#2997=VERTEX_POINT('',#9698);
#2998=VERTEX_POINT('',#9700);
#2999=VERTEX_POINT('',#9709);
#3000=VERTEX_POINT('',#9713);
#3001=VERTEX_POINT('',#9724);
#3002=VERTEX_POINT('',#9728);
#3003=VERTEX_POINT('',#9739);
#3004=VERTEX_POINT('',#9743);
#3005=VERTEX_POINT('',#9767);
#3006=VERTEX_POINT('',#9768);
#3007=VERTEX_POINT('',#9772);
#3008=VERTEX_POINT('',#9774);
#3009=VERTEX_POINT('',#9785);
#3010=VERTEX_POINT('',#9789);
#3011=VERTEX_POINT('',#9800);
#3012=VERTEX_POINT('',#9804);
#3013=VERTEX_POINT('',#9815);
#3014=VERTEX_POINT('',#9819);
#3015=VERTEX_POINT('',#9830);
#3016=VERTEX_POINT('',#9834);
#3017=VERTEX_POINT('',#9845);
#3018=VERTEX_POINT('',#9849);
#3019=VERTEX_POINT('',#9860);
#3020=VERTEX_POINT('',#9864);
#3021=VERTEX_POINT('',#9875);
#3022=VERTEX_POINT('',#9879);
#3023=VERTEX_POINT('',#9890);
#3024=VERTEX_POINT('',#9894);
#3025=VERTEX_POINT('',#9900);
#3026=VERTEX_POINT('',#9902);
#3027=VERTEX_POINT('',#9911);
#3028=VERTEX_POINT('',#9915);
#3029=VERTEX_POINT('',#9926);
#3030=VERTEX_POINT('',#9930);
#3031=VERTEX_POINT('',#9941);
#3032=VERTEX_POINT('',#9945);
#3033=VERTEX_POINT('',#9956);
#3034=VERTEX_POINT('',#9960);
#3035=VERTEX_POINT('',#9971);
#3036=VERTEX_POINT('',#9975);
#3037=VERTEX_POINT('',#9986);
#3038=VERTEX_POINT('',#9990);
#3039=VERTEX_POINT('',#10001);
#3040=VERTEX_POINT('',#10005);
#3041=VERTEX_POINT('',#10016);
#3042=VERTEX_POINT('',#10020);
#3043=VERTEX_POINT('',#10031);
#3044=VERTEX_POINT('',#10035);
#3045=VERTEX_POINT('',#10046);
#3046=VERTEX_POINT('',#10050);
#3047=VERTEX_POINT('',#10061);
#3048=VERTEX_POINT('',#10065);
#3049=VERTEX_POINT('',#10076);
#3050=VERTEX_POINT('',#10080);
#3051=VERTEX_POINT('',#10091);
#3052=VERTEX_POINT('',#10095);
#3053=VERTEX_POINT('',#10106);
#3054=VERTEX_POINT('',#10110);
#3055=VERTEX_POINT('',#10116);
#3056=VERTEX_POINT('',#10118);
#3057=VERTEX_POINT('',#10127);
#3058=VERTEX_POINT('',#10131);
#3059=VERTEX_POINT('',#10142);
#3060=VERTEX_POINT('',#10146);
#3061=VERTEX_POINT('',#10157);
#3062=VERTEX_POINT('',#10161);
#3063=VERTEX_POINT('',#10172);
#3064=VERTEX_POINT('',#10176);
#3065=VERTEX_POINT('',#10200);
#3066=VERTEX_POINT('',#10201);
#3067=VERTEX_POINT('',#10205);
#3068=VERTEX_POINT('',#10207);
#3069=VERTEX_POINT('',#10218);
#3070=VERTEX_POINT('',#10222);
#3071=VERTEX_POINT('',#10233);
#3072=VERTEX_POINT('',#10237);
#3073=VERTEX_POINT('',#10248);
#3074=VERTEX_POINT('',#10252);
#3075=VERTEX_POINT('',#10263);
#3076=VERTEX_POINT('',#10267);
#3077=VERTEX_POINT('',#10278);
#3078=VERTEX_POINT('',#10282);
#3079=VERTEX_POINT('',#10293);
#3080=VERTEX_POINT('',#10297);
#3081=VERTEX_POINT('',#10320);
#3082=VERTEX_POINT('',#10321);
#3083=VERTEX_POINT('',#10325);
#3084=VERTEX_POINT('',#10327);
#3085=VERTEX_POINT('',#10338);
#3086=VERTEX_POINT('',#10342);
#3087=VERTEX_POINT('',#10353);
#3088=VERTEX_POINT('',#10357);
#3089=VERTEX_POINT('',#10368);
#3090=VERTEX_POINT('',#10372);
#3091=VERTEX_POINT('',#10383);
#3092=VERTEX_POINT('',#10387);
#3093=VERTEX_POINT('',#10398);
#3094=VERTEX_POINT('',#10402);
#3095=VERTEX_POINT('',#10413);
#3096=VERTEX_POINT('',#10417);
#3097=VERTEX_POINT('',#10428);
#3098=VERTEX_POINT('',#10432);
#3099=VERTEX_POINT('',#10443);
#3100=VERTEX_POINT('',#10447);
#3101=VERTEX_POINT('',#10471);
#3102=VERTEX_POINT('',#10472);
#3103=VERTEX_POINT('',#10476);
#3104=VERTEX_POINT('',#10478);
#3105=VERTEX_POINT('',#10489);
#3106=VERTEX_POINT('',#10493);
#3107=VERTEX_POINT('',#10504);
#3108=VERTEX_POINT('',#10508);
#3109=VERTEX_POINT('',#10519);
#3110=VERTEX_POINT('',#10523);
#3111=VERTEX_POINT('',#10534);
#3112=VERTEX_POINT('',#10538);
#3113=VERTEX_POINT('',#10549);
#3114=VERTEX_POINT('',#10553);
#3115=VERTEX_POINT('',#10564);
#3116=VERTEX_POINT('',#10568);
#3117=VERTEX_POINT('',#10591);
#3118=VERTEX_POINT('',#10592);
#3119=VERTEX_POINT('',#10596);
#3120=VERTEX_POINT('',#10598);
#3121=VERTEX_POINT('',#10609);
#3122=VERTEX_POINT('',#10613);
#3123=VERTEX_POINT('',#10624);
#3124=VERTEX_POINT('',#10628);
#3125=VERTEX_POINT('',#10639);
#3126=VERTEX_POINT('',#10643);
#3127=VERTEX_POINT('',#10654);
#3128=VERTEX_POINT('',#10658);
#3129=VERTEX_POINT('',#10669);
#3130=VERTEX_POINT('',#10673);
#3131=VERTEX_POINT('',#10684);
#3132=VERTEX_POINT('',#10688);
#3133=VERTEX_POINT('',#10699);
#3134=VERTEX_POINT('',#10703);
#3135=VERTEX_POINT('',#10714);
#3136=VERTEX_POINT('',#10718);
#3137=VERTEX_POINT('',#10737);
#3138=VERTEX_POINT('',#10738);
#3139=VERTEX_POINT('',#10740);
#3140=VERTEX_POINT('',#10742);
#3141=VERTEX_POINT('',#10746);
#3142=VERTEX_POINT('',#10748);
#3143=VERTEX_POINT('',#10752);
#3144=VERTEX_POINT('',#10754);
#3145=VERTEX_POINT('',#10758);
#3146=VERTEX_POINT('',#10760);
#3147=VERTEX_POINT('',#10764);
#3148=VERTEX_POINT('',#10766);
#3149=VERTEX_POINT('',#10770);
#3150=VERTEX_POINT('',#10772);
#3151=VERTEX_POINT('',#10776);
#3152=VERTEX_POINT('',#10778);
#3153=VERTEX_POINT('',#10782);
#3154=VERTEX_POINT('',#10784);
#3155=VERTEX_POINT('',#10788);
#3156=VERTEX_POINT('',#10790);
#3157=VERTEX_POINT('',#10803);
#3158=VERTEX_POINT('',#10804);
#3159=VERTEX_POINT('',#10808);
#3160=VERTEX_POINT('',#10810);
#3161=VERTEX_POINT('',#10816);
#3162=VERTEX_POINT('',#10818);
#3163=VERTEX_POINT('',#10827);
#3164=VERTEX_POINT('',#10831);
#3165=VERTEX_POINT('',#10842);
#3166=VERTEX_POINT('',#10846);
#3167=VERTEX_POINT('',#10869);
#3168=VERTEX_POINT('',#10870);
#3169=VERTEX_POINT('',#10874);
#3170=VERTEX_POINT('',#10876);
#3171=VERTEX_POINT('',#10887);
#3172=VERTEX_POINT('',#10891);
#3173=VERTEX_POINT('',#10902);
#3174=VERTEX_POINT('',#10906);
#3175=VERTEX_POINT('',#10917);
#3176=VERTEX_POINT('',#10921);
#3177=VERTEX_POINT('',#10932);
#3178=VERTEX_POINT('',#10936);
#3179=VERTEX_POINT('',#10947);
#3180=VERTEX_POINT('',#10951);
#3181=VERTEX_POINT('',#10962);
#3182=VERTEX_POINT('',#10966);
#3183=VERTEX_POINT('',#10972);
#3184=VERTEX_POINT('',#10974);
#3185=VERTEX_POINT('',#10983);
#3186=VERTEX_POINT('',#10987);
#3187=VERTEX_POINT('',#10998);
#3188=VERTEX_POINT('',#11002);
#3189=VERTEX_POINT('',#11013);
#3190=VERTEX_POINT('',#11017);
#3191=VERTEX_POINT('',#11028);
#3192=VERTEX_POINT('',#11032);
#3193=VERTEX_POINT('',#11038);
#3194=VERTEX_POINT('',#11040);
#3195=VERTEX_POINT('',#11044);
#3196=VERTEX_POINT('',#11046);
#3197=VERTEX_POINT('',#11055);
#3198=VERTEX_POINT('',#11059);
#3199=VERTEX_POINT('',#11070);
#3200=VERTEX_POINT('',#11074);
#3201=VERTEX_POINT('',#11085);
#3202=VERTEX_POINT('',#11089);
#3203=VERTEX_POINT('',#11113);
#3204=VERTEX_POINT('',#11114);
#3205=VERTEX_POINT('',#11118);
#3206=VERTEX_POINT('',#11120);
#3207=VERTEX_POINT('',#11126);
#3208=VERTEX_POINT('',#11128);
#3209=VERTEX_POINT('',#11132);
#3210=VERTEX_POINT('',#11134);
#3211=VERTEX_POINT('',#11138);
#3212=VERTEX_POINT('',#11140);
#3213=VERTEX_POINT('',#11144);
#3214=VERTEX_POINT('',#11146);
#3215=VERTEX_POINT('',#11150);
#3216=VERTEX_POINT('',#11152);
#3217=VERTEX_POINT('',#11156);
#3218=VERTEX_POINT('',#11158);
#3219=VERTEX_POINT('',#11167);
#3220=VERTEX_POINT('',#11171);
#3221=VERTEX_POINT('',#11182);
#3222=VERTEX_POINT('',#11186);
#3223=VERTEX_POINT('',#11197);
#3224=VERTEX_POINT('',#11201);
#3225=VERTEX_POINT('',#11207);
#3226=VERTEX_POINT('',#11209);
#3227=VERTEX_POINT('',#11213);
#3228=VERTEX_POINT('',#11215);
#3229=VERTEX_POINT('',#11219);
#3230=VERTEX_POINT('',#11221);
#3231=VERTEX_POINT('',#11230);
#3232=VERTEX_POINT('',#11234);
#3233=VERTEX_POINT('',#11245);
#3234=VERTEX_POINT('',#11249);
#3235=VERTEX_POINT('',#11273);
#3236=VERTEX_POINT('',#11274);
#3237=VERTEX_POINT('',#11278);
#3238=VERTEX_POINT('',#11280);
#3239=VERTEX_POINT('',#11286);
#3240=VERTEX_POINT('',#11288);
#3241=VERTEX_POINT('',#11292);
#3242=VERTEX_POINT('',#11294);
#3243=VERTEX_POINT('',#11298);
#3244=VERTEX_POINT('',#11300);
#3245=VERTEX_POINT('',#11304);
#3246=VERTEX_POINT('',#11306);
#3247=VERTEX_POINT('',#11310);
#3248=VERTEX_POINT('',#11312);
#3249=VERTEX_POINT('',#11316);
#3250=VERTEX_POINT('',#11318);
#3251=VERTEX_POINT('',#11322);
#3252=VERTEX_POINT('',#11324);
#3253=VERTEX_POINT('',#11328);
#3254=VERTEX_POINT('',#11330);
#3255=VERTEX_POINT('',#11334);
#3256=VERTEX_POINT('',#11336);
#3257=VERTEX_POINT('',#11340);
#3258=VERTEX_POINT('',#11342);
#3259=VERTEX_POINT('',#11346);
#3260=VERTEX_POINT('',#11348);
#3261=VERTEX_POINT('',#11357);
#3262=VERTEX_POINT('',#11361);
#3263=VERTEX_POINT('',#11372);
#3264=VERTEX_POINT('',#11376);
#3265=VERTEX_POINT('',#11387);
#3266=VERTEX_POINT('',#11391);
#3267=VERTEX_POINT('',#11402);
#3268=VERTEX_POINT('',#11406);
#3269=VERTEX_POINT('',#11417);
#3270=VERTEX_POINT('',#11421);
#3271=VERTEX_POINT('',#11427);
#3272=VERTEX_POINT('',#11429);
#3273=VERTEX_POINT('',#11438);
#3274=VERTEX_POINT('',#11442);
#3275=VERTEX_POINT('',#11453);
#3276=VERTEX_POINT('',#11457);
#3277=VERTEX_POINT('',#11481);
#3278=VERTEX_POINT('',#11482);
#3279=VERTEX_POINT('',#11486);
#3280=VERTEX_POINT('',#11488);
#3281=VERTEX_POINT('',#11499);
#3282=VERTEX_POINT('',#11503);
#3283=VERTEX_POINT('',#11514);
#3284=VERTEX_POINT('',#11518);
#3285=VERTEX_POINT('',#11529);
#3286=VERTEX_POINT('',#11533);
#3287=VERTEX_POINT('',#11544);
#3288=VERTEX_POINT('',#11548);
#3289=VERTEX_POINT('',#11559);
#3290=VERTEX_POINT('',#11563);
#3291=VERTEX_POINT('',#11574);
#3292=VERTEX_POINT('',#11578);
#3293=VERTEX_POINT('',#11589);
#3294=VERTEX_POINT('',#11593);
#3295=VERTEX_POINT('',#11604);
#3296=VERTEX_POINT('',#11608);
#3297=VERTEX_POINT('',#11614);
#3298=VERTEX_POINT('',#11616);
#3299=VERTEX_POINT('',#11625);
#3300=VERTEX_POINT('',#11629);
#3301=VERTEX_POINT('',#11640);
#3302=VERTEX_POINT('',#11644);
#3303=VERTEX_POINT('',#11655);
#3304=VERTEX_POINT('',#11659);
#3305=VERTEX_POINT('',#11670);
#3306=VERTEX_POINT('',#11674);
#3307=VERTEX_POINT('',#11685);
#3308=VERTEX_POINT('',#11689);
#3309=VERTEX_POINT('',#11700);
#3310=VERTEX_POINT('',#11704);
#3311=VERTEX_POINT('',#11715);
#3312=VERTEX_POINT('',#11719);
#3313=VERTEX_POINT('',#11730);
#3314=VERTEX_POINT('',#11734);
#3315=VERTEX_POINT('',#11745);
#3316=VERTEX_POINT('',#11749);
#3317=VERTEX_POINT('',#11760);
#3318=VERTEX_POINT('',#11764);
#3319=VERTEX_POINT('',#11775);
#3320=VERTEX_POINT('',#11779);
#3321=VERTEX_POINT('',#11790);
#3322=VERTEX_POINT('',#11794);
#3323=VERTEX_POINT('',#11805);
#3324=VERTEX_POINT('',#11809);
#3325=VERTEX_POINT('',#11820);
#3326=VERTEX_POINT('',#11824);
#3327=VERTEX_POINT('',#11830);
#3328=VERTEX_POINT('',#11832);
#3329=VERTEX_POINT('',#11841);
#3330=VERTEX_POINT('',#11845);
#3331=VERTEX_POINT('',#11856);
#3332=VERTEX_POINT('',#11860);
#3333=VERTEX_POINT('',#11871);
#3334=VERTEX_POINT('',#11875);
#3335=VERTEX_POINT('',#11886);
#3336=VERTEX_POINT('',#11890);
#3337=VERTEX_POINT('',#11909);
#3338=VERTEX_POINT('',#11910);
#3339=VERTEX_POINT('',#11912);
#3340=VERTEX_POINT('',#11914);
#3341=VERTEX_POINT('',#11918);
#3342=VERTEX_POINT('',#11920);
#3343=VERTEX_POINT('',#11924);
#3344=VERTEX_POINT('',#11926);
#3345=VERTEX_POINT('',#11930);
#3346=VERTEX_POINT('',#11932);
#3347=VERTEX_POINT('',#11936);
#3348=VERTEX_POINT('',#11938);
#3349=VERTEX_POINT('',#11942);
#3350=VERTEX_POINT('',#11944);
#3351=VERTEX_POINT('',#11948);
#3352=VERTEX_POINT('',#11950);
#3353=VERTEX_POINT('',#11954);
#3354=VERTEX_POINT('',#11956);
#3355=VERTEX_POINT('',#11960);
#3356=VERTEX_POINT('',#11962);
#3357=VERTEX_POINT('',#11966);
#3358=VERTEX_POINT('',#11968);
#3359=VERTEX_POINT('',#11972);
#3360=VERTEX_POINT('',#11974);
#3361=VERTEX_POINT('',#11986);
#3362=VERTEX_POINT('',#11988);
#3363=VERTEX_POINT('',#11993);
#3364=VERTEX_POINT('',#12001);
#3365=VERTEX_POINT('',#12022);
#3366=VERTEX_POINT('',#12024);
#3367=VERTEX_POINT('',#12026);
#3368=VERTEX_POINT('',#12028);
#3369=VERTEX_POINT('',#12030);
#3370=VERTEX_POINT('',#12032);
#3371=VERTEX_POINT('',#12034);
#3372=VERTEX_POINT('',#12036);
#3373=VERTEX_POINT('',#12038);
#3374=VERTEX_POINT('',#12040);
#3375=VERTEX_POINT('',#12042);
#3376=VERTEX_POINT('',#12045);
#3377=VERTEX_POINT('',#12047);
#3378=VERTEX_POINT('',#12049);
#3379=VERTEX_POINT('',#12051);
#3380=VERTEX_POINT('',#12053);
#3381=VERTEX_POINT('',#12054);
#3382=VERTEX_POINT('',#12056);
#3383=VERTEX_POINT('',#12059);
#3384=VERTEX_POINT('',#12060);
#3385=VERTEX_POINT('',#12062);
#3386=VERTEX_POINT('',#12066);
#3387=VERTEX_POINT('',#12070);
#3388=VERTEX_POINT('',#12074);
#3389=VERTEX_POINT('',#12080);
#3390=VERTEX_POINT('',#12082);
#3391=VERTEX_POINT('',#12086);
#3392=VERTEX_POINT('',#12088);
#3393=VERTEX_POINT('',#12092);
#3394=VERTEX_POINT('',#12096);
#3395=VERTEX_POINT('',#12097);
#3396=VERTEX_POINT('',#12099);
#3397=VERTEX_POINT('',#12101);
#3398=VERTEX_POINT('',#12103);
#3399=VERTEX_POINT('',#12107);
#3400=VERTEX_POINT('',#12109);
#3401=VERTEX_POINT('',#12111);
#3402=VERTEX_POINT('',#12113);
#3403=VERTEX_POINT('',#12117);
#3404=VERTEX_POINT('',#12121);
#3405=VERTEX_POINT('',#12123);
#3406=VERTEX_POINT('',#12127);
#3407=VERTEX_POINT('',#12133);
#3408=VERTEX_POINT('',#12135);
#3409=VERTEX_POINT('',#12137);
#3410=VERTEX_POINT('',#12140);
#3411=VERTEX_POINT('',#12142);
#3412=VERTEX_POINT('',#12146);
#3413=VERTEX_POINT('',#12148);
#3414=VERTEX_POINT('',#12152);
#3415=VERTEX_POINT('',#12156);
#3416=VERTEX_POINT('',#12157);
#3417=VERTEX_POINT('',#12159);
#3418=VERTEX_POINT('',#12161);
#3419=VERTEX_POINT('',#12165);
#3420=VERTEX_POINT('',#12167);
#3421=VERTEX_POINT('',#12171);
#3422=VERTEX_POINT('',#12173);
#3423=VERTEX_POINT('',#12180);
#3424=VERTEX_POINT('',#12181);
#3425=VERTEX_POINT('',#12183);
#3426=VERTEX_POINT('',#12185);
#3427=VERTEX_POINT('',#12190);
#3428=VERTEX_POINT('',#12200);
#3429=VERTEX_POINT('',#12207);
#3430=VERTEX_POINT('',#12208);
#3431=VERTEX_POINT('',#12210);
#3432=VERTEX_POINT('',#12212);
#3433=VERTEX_POINT('',#12216);
#3434=VERTEX_POINT('',#12218);
#3435=VERTEX_POINT('',#12222);
#3436=VERTEX_POINT('',#12224);
#3437=VERTEX_POINT('',#12231);
#3438=VERTEX_POINT('',#12232);
#3439=VERTEX_POINT('',#12234);
#3440=VERTEX_POINT('',#12236);
#3441=VERTEX_POINT('',#12240);
#3442=VERTEX_POINT('',#12242);
#3443=VERTEX_POINT('',#12246);
#3444=VERTEX_POINT('',#12248);
#3445=VERTEX_POINT('',#12255);
#3446=VERTEX_POINT('',#12256);
#3447=VERTEX_POINT('',#12258);
#3448=VERTEX_POINT('',#12260);
#3449=VERTEX_POINT('',#12264);
#3450=VERTEX_POINT('',#12266);
#3451=VERTEX_POINT('',#12270);
#3452=VERTEX_POINT('',#12272);
#3453=VERTEX_POINT('',#12279);
#3454=VERTEX_POINT('',#12280);
#3455=VERTEX_POINT('',#12282);
#3456=VERTEX_POINT('',#12284);
#3457=VERTEX_POINT('',#12288);
#3458=VERTEX_POINT('',#12290);
#3459=VERTEX_POINT('',#12294);
#3460=VERTEX_POINT('',#12296);
#3461=VERTEX_POINT('',#12303);
#3462=VERTEX_POINT('',#12305);
#3463=VERTEX_POINT('',#12310);
#3464=VERTEX_POINT('',#12315);
#3465=VERTEX_POINT('',#12317);
#3466=VERTEX_POINT('',#12322);
#3467=VERTEX_POINT('',#12327);
#3468=VERTEX_POINT('',#12329);
#3469=VERTEX_POINT('',#12334);
#3470=VERTEX_POINT('',#12339);
#3471=VERTEX_POINT('',#12341);
#3472=VERTEX_POINT('',#12346);
#3473=VERTEX_POINT('',#12351);
#3474=VERTEX_POINT('',#12353);
#3475=VERTEX_POINT('',#12357);
#3476=VERTEX_POINT('',#12359);
#3477=VERTEX_POINT('',#12361);
#3478=VERTEX_POINT('',#12365);
#3479=VERTEX_POINT('',#12367);
#3480=VERTEX_POINT('',#12372);
#3481=VERTEX_POINT('',#12377);
#3482=VERTEX_POINT('',#12379);
#3483=VERTEX_POINT('',#12383);
#3484=VERTEX_POINT('',#12385);
#3485=VERTEX_POINT('',#12391);
#3486=VERTEX_POINT('',#12400);
#3487=VERTEX_POINT('',#12402);
#3488=VERTEX_POINT('',#12413);
#3489=EDGE_CURVE('',#2797,#2798,#1449,.T.);
#3490=EDGE_CURVE('',#2799,#2797,#1427,.T.);
#3491=EDGE_CURVE('',#2800,#2799,#1450,.T.);
#3492=EDGE_CURVE('',#2800,#2801,#1451,.T.);
#3493=EDGE_CURVE('',#2801,#2798,#1452,.T.);
#3494=EDGE_CURVE('',#2802,#2799,#1428,.T.);
#3495=EDGE_CURVE('',#2803,#2802,#1453,.T.);
#3496=EDGE_CURVE('',#2804,#2803,#1454,.T.);
#3497=EDGE_CURVE('',#2804,#2800,#1455,.T.);
#3498=EDGE_CURVE('',#2805,#2803,#1456,.T.);
#3499=EDGE_CURVE('',#2806,#2805,#1457,.T.);
#3500=EDGE_CURVE('',#2806,#2804,#1458,.T.);
#3501=EDGE_CURVE('',#2798,#2805,#1459,.T.);
#3502=EDGE_CURVE('',#2801,#2806,#1460,.T.);
#3503=EDGE_CURVE('',#2807,#2808,#1461,.T.);
#3504=EDGE_CURVE('',#2809,#2807,#1462,.T.);
#3505=EDGE_CURVE('',#2809,#2810,#1463,.T.);
#3506=EDGE_CURVE('',#2810,#2808,#1464,.T.);
#3507=EDGE_CURVE('',#2811,#2807,#1465,.T.);
#3508=EDGE_CURVE('',#2812,#2811,#1466,.T.);
#3509=EDGE_CURVE('',#2812,#2809,#1467,.T.);
#3510=EDGE_CURVE('',#2813,#2811,#1468,.T.);
#3511=EDGE_CURVE('',#2814,#2813,#1469,.T.);
#3512=EDGE_CURVE('',#2814,#2812,#1470,.T.);
#3513=EDGE_CURVE('',#2808,#2813,#1471,.T.);
#3514=EDGE_CURVE('',#2810,#2814,#1472,.T.);
#3515=EDGE_CURVE('',#2815,#2802,#1473,.T.);
#3516=EDGE_CURVE('',#2816,#2815,#1474,.T.);
#3517=EDGE_CURVE('',#2816,#2817,#1475,.T.);
#3518=EDGE_CURVE('',#2818,#2817,#1476,.T.);
#3519=EDGE_CURVE('',#2797,#2818,#1477,.T.);
#3520=EDGE_CURVE('',#2819,#2820,#1478,.T.);
#3521=EDGE_CURVE('',#2820,#2821,#1479,.T.);
#3522=EDGE_CURVE('',#2821,#2822,#1480,.T.);
#3523=EDGE_CURVE('',#2822,#2819,#1481,.T.);
#3524=EDGE_CURVE('',#2823,#2820,#1482,.T.);
#3525=EDGE_CURVE('',#2823,#2824,#1483,.T.);
#3526=EDGE_CURVE('',#2824,#2821,#1484,.T.);
#3527=EDGE_CURVE('',#2825,#2819,#1485,.T.);
#3528=EDGE_CURVE('',#2825,#2823,#1486,.T.);
#3529=EDGE_CURVE('',#2826,#2822,#1487,.T.);
#3530=EDGE_CURVE('',#2826,#2825,#1488,.T.);
#3531=EDGE_CURVE('',#2824,#2826,#1489,.T.);
#3532=EDGE_CURVE('',#2827,#2828,#1490,.T.);
#3533=EDGE_CURVE('',#2829,#2828,#1491,.T.);
#3534=EDGE_CURVE('',#2829,#2830,#1492,.T.);
#3535=EDGE_CURVE('',#2831,#2830,#1493,.T.);
#3536=EDGE_CURVE('',#2827,#2831,#1494,.T.);
#3537=EDGE_CURVE('',#2832,#2833,#1495,.T.);
#3538=EDGE_CURVE('',#2832,#2827,#1496,.T.);
#3539=EDGE_CURVE('',#2834,#2831,#1497,.T.);
#3540=EDGE_CURVE('',#2833,#2834,#1498,.T.);
#3541=EDGE_CURVE('',#2833,#2835,#1499,.T.);
#3542=EDGE_CURVE('',#2836,#2834,#1500,.T.);
#3543=EDGE_CURVE('',#2835,#2836,#1501,.T.);
#3544=EDGE_CURVE('',#2835,#2829,#1502,.T.);
#3545=EDGE_CURVE('',#2830,#2836,#1503,.T.);
#3546=EDGE_CURVE('',#2828,#2832,#1504,.T.);
#3547=EDGE_CURVE('',#2837,#2838,#1505,.T.);
#3548=EDGE_CURVE('',#2837,#2839,#1506,.T.);
#3549=EDGE_CURVE('',#2840,#2839,#1507,.T.);
#3550=EDGE_CURVE('',#2838,#2840,#1508,.T.);
#3551=EDGE_CURVE('',#2838,#2841,#1509,.T.);
#3552=EDGE_CURVE('',#2842,#2840,#1510,.T.);
#3553=EDGE_CURVE('',#2841,#2842,#1511,.T.);
#3554=EDGE_CURVE('',#2841,#2843,#1512,.T.);
#3555=EDGE_CURVE('',#2844,#2842,#1513,.T.);
#3556=EDGE_CURVE('',#2843,#2844,#1514,.T.);
#3557=EDGE_CURVE('',#2843,#2837,#1515,.T.);
#3558=EDGE_CURVE('',#2839,#2844,#1516,.T.);
#3559=EDGE_CURVE('',#2845,#2846,#1517,.T.);
#3560=EDGE_CURVE('',#2845,#2847,#1518,.T.);
#3561=EDGE_CURVE('',#2848,#2847,#1519,.T.);
#3562=EDGE_CURVE('',#2846,#2848,#1520,.T.);
#3563=EDGE_CURVE('',#2846,#2849,#1521,.T.);
#3564=EDGE_CURVE('',#2850,#2848,#1522,.T.);
#3565=EDGE_CURVE('',#2849,#2850,#1523,.T.);
#3566=EDGE_CURVE('',#2849,#2851,#1524,.T.);
#3567=EDGE_CURVE('',#2852,#2850,#1525,.T.);
#3568=EDGE_CURVE('',#2851,#2852,#1526,.T.);
#3569=EDGE_CURVE('',#2851,#2845,#1527,.T.);
#3570=EDGE_CURVE('',#2847,#2852,#1528,.T.);
#3571=EDGE_CURVE('',#2853,#2854,#1429,.F.);
#3572=EDGE_CURVE('',#2853,#2855,#1529,.T.);
#3573=EDGE_CURVE('',#2855,#2856,#1430,.T.);
#3574=EDGE_CURVE('',#2856,#2857,#1530,.T.);
#3575=EDGE_CURVE('',#2854,#2857,#1431,.F.);
#3576=EDGE_CURVE('',#2853,#2858,#1531,.T.);
#3577=EDGE_CURVE('',#2859,#2858,#1532,.T.);
#3578=EDGE_CURVE('',#2859,#2855,#1533,.T.);
#3579=EDGE_CURVE('',#2860,#2861,#1432,.T.);
#3580=EDGE_CURVE('',#2861,#2862,#1534,.T.);
#3581=EDGE_CURVE('',#2862,#2863,#1433,.T.);
#3582=EDGE_CURVE('',#2863,#2864,#226,.T.);
#3583=EDGE_CURVE('',#2864,#2865,#1535,.T.);
#3584=EDGE_CURVE('',#2865,#2860,#1434,.T.);
#3585=EDGE_CURVE('',#2866,#2864,#1536,.T.);
#3586=EDGE_CURVE('',#2867,#2866,#1537,.T.);
#3587=EDGE_CURVE('',#2867,#2865,#1538,.T.);
#3588=EDGE_CURVE('',#2868,#2867,#1435,.T.);
#3589=EDGE_CURVE('',#2869,#2866,#227,.F.);
#3590=EDGE_CURVE('',#2870,#2869,#1436,.F.);
#3591=EDGE_CURVE('',#2870,#2871,#1539,.T.);
#3592=EDGE_CURVE('',#2871,#2868,#1437,.T.);
#3593=EDGE_CURVE('',#2870,#2872,#1540,.T.);
#3594=EDGE_CURVE('',#2873,#2872,#1541,.T.);
#3595=EDGE_CURVE('',#2873,#2871,#1542,.T.);
#3596=EDGE_CURVE('',#2874,#2873,#1438,.T.);
#3597=EDGE_CURVE('',#2872,#2859,#1439,.T.);
#3598=EDGE_CURVE('',#2858,#2874,#1440,.T.);
#3599=EDGE_CURVE('',#2875,#2876,#1441,.T.);
#3600=EDGE_CURVE('',#2876,#2877,#166,.T.);
#3601=EDGE_CURVE('',#2877,#2878,#1543,.T.);
#3602=EDGE_CURVE('',#2878,#2875,#167,.T.);
#3603=EDGE_CURVE('',#2879,#2880,#1544,.T.);
#3604=EDGE_CURVE('',#2880,#2878,#1545,.T.);
#3605=EDGE_CURVE('',#2877,#2879,#1546,.T.);
#3606=EDGE_CURVE('',#2881,#2882,#1442,.T.);
#3607=EDGE_CURVE('',#2882,#2880,#168,.T.);
#3608=EDGE_CURVE('',#2879,#2881,#169,.T.);
#3609=EDGE_CURVE('',#2878,#2883,#170,.T.);
#3610=EDGE_CURVE('',#2883,#2884,#171,.T.);
#3611=EDGE_CURVE('',#2885,#2884,#172,.T.);
#3612=EDGE_CURVE('',#2875,#2885,#228,.T.);
#3613=EDGE_CURVE('',#2880,#2886,#173,.T.);
#3614=EDGE_CURVE('',#2886,#2883,#1547,.T.);
#3615=EDGE_CURVE('',#2887,#2882,#229,.T.);
#3616=EDGE_CURVE('',#2887,#2888,#174,.T.);
#3617=EDGE_CURVE('',#2888,#2886,#175,.T.);
#3618=EDGE_CURVE('',#2881,#2889,#1548,.T.);
#3619=EDGE_CURVE('',#2889,#2818,#1549,.T.);
#3620=EDGE_CURVE('',#2817,#2890,#1443,.T.);
#3621=EDGE_CURVE('',#2890,#2887,#1550,.T.);
#3622=EDGE_CURVE('',#2891,#2892,#1551,.T.);
#3623=EDGE_CURVE('',#2892,#2893,#1552,.T.);
#3624=EDGE_CURVE('',#2893,#2894,#1553,.T.);
#3625=EDGE_CURVE('',#2894,#2891,#1554,.T.);
#3626=EDGE_CURVE('',#2895,#2896,#1555,.T.);
#3627=EDGE_CURVE('',#2896,#2894,#176,.T.);
#3628=EDGE_CURVE('',#2893,#2895,#177,.T.);
#3629=EDGE_CURVE('',#2885,#2897,#1556,.T.);
#3630=EDGE_CURVE('',#2897,#2898,#1444,.T.);
#3631=EDGE_CURVE('',#2898,#2896,#1557,.T.);
#3632=EDGE_CURVE('',#2895,#2876,#1558,.T.);
#3633=EDGE_CURVE('',#2899,#2891,#1559,.T.);
#3634=EDGE_CURVE('',#2900,#2899,#1560,.T.);
#3635=EDGE_CURVE('',#2901,#2900,#1561,.T.);
#3636=EDGE_CURVE('',#2892,#2901,#1562,.T.);
#3637=EDGE_CURVE('',#2902,#2894,#1563,.T.);
#3638=EDGE_CURVE('',#2903,#2902,#1564,.T.);
#3639=EDGE_CURVE('',#2904,#2903,#1565,.T.);
#3640=EDGE_CURVE('',#2905,#2904,#1566,.T.);
#3641=EDGE_CURVE('',#2905,#2906,#1567,.T.);
#3642=EDGE_CURVE('',#2907,#2906,#178,.T.);
#3643=EDGE_CURVE('',#2907,#2908,#1568,.T.);
#3644=EDGE_CURVE('',#2899,#2908,#179,.T.);
#3645=EDGE_CURVE('',#2909,#2910,#1569,.T.);
#3646=EDGE_CURVE('',#2910,#2911,#1570,.T.);
#3647=EDGE_CURVE('',#2911,#2912,#1571,.T.);
#3648=EDGE_CURVE('',#2912,#2909,#1572,.T.);
#3649=EDGE_CURVE('',#2913,#2914,#1573,.T.);
#3650=EDGE_CURVE('',#2914,#2915,#1574,.T.);
#3651=EDGE_CURVE('',#2915,#2916,#1575,.T.);
#3652=EDGE_CURVE('',#2916,#2913,#1576,.T.);
#3653=EDGE_CURVE('',#2917,#2918,#1577,.T.);
#3654=EDGE_CURVE('',#2918,#2919,#1578,.T.);
#3655=EDGE_CURVE('',#2919,#2920,#1579,.T.);
#3656=EDGE_CURVE('',#2920,#2917,#1580,.T.);
#3657=EDGE_CURVE('',#2921,#2922,#1581,.T.);
#3658=EDGE_CURVE('',#2922,#2923,#1582,.T.);
#3659=EDGE_CURVE('',#2923,#2924,#1583,.T.);
#3660=EDGE_CURVE('',#2924,#2921,#1584,.T.);
#3661=EDGE_CURVE('',#2896,#2828,#1585,.T.);
#3662=EDGE_CURVE('',#2832,#2925,#1586,.T.);
#3663=EDGE_CURVE('',#2902,#2925,#180,.T.);
#3664=EDGE_CURVE('',#2898,#2926,#1587,.T.);
#3665=EDGE_CURVE('',#2925,#2926,#1588,.T.);
#3666=EDGE_CURVE('',#2897,#2927,#230,.T.);
#3667=EDGE_CURVE('',#2927,#2928,#1445,.F.);
#3668=EDGE_CURVE('',#2928,#2929,#1589,.T.);
#3669=EDGE_CURVE('',#2926,#2929,#181,.T.);
#3670=EDGE_CURVE('',#2930,#2904,#1590,.T.);
#3671=EDGE_CURVE('',#2904,#2818,#182,.T.);
#3672=EDGE_CURVE('',#2889,#2930,#183,.T.);
#3673=EDGE_CURVE('',#2931,#2905,#1591,.T.);
#3674=EDGE_CURVE('',#2930,#2931,#1592,.T.);
#3675=EDGE_CURVE('',#2890,#2932,#231,.F.);
#3676=EDGE_CURVE('',#2932,#2888,#1593,.T.);
#3677=EDGE_CURVE('',#2933,#2816,#184,.T.);
#3678=EDGE_CURVE('',#2933,#2934,#1594,.T.);
#3679=EDGE_CURVE('',#2934,#2932,#1446,.F.);
#3680=EDGE_CURVE('',#2935,#2936,#1595,.T.);
#3681=EDGE_CURVE('',#2924,#2935,#1596,.T.);
#3682=EDGE_CURVE('',#2923,#2936,#1597,.T.);
#3683=EDGE_CURVE('',#2936,#2937,#1598,.T.);
#3684=EDGE_CURVE('',#2922,#2937,#1599,.T.);
#3685=EDGE_CURVE('',#2937,#2938,#1600,.T.);
#3686=EDGE_CURVE('',#2921,#2938,#1601,.T.);
#3687=EDGE_CURVE('',#2938,#2935,#1602,.T.);
#3688=EDGE_CURVE('',#2939,#2940,#1603,.T.);
#3689=EDGE_CURVE('',#2920,#2939,#1604,.T.);
#3690=EDGE_CURVE('',#2919,#2940,#1605,.T.);
#3691=EDGE_CURVE('',#2940,#2941,#1606,.T.);
#3692=EDGE_CURVE('',#2918,#2941,#1607,.T.);
#3693=EDGE_CURVE('',#2941,#2942,#1608,.T.);
#3694=EDGE_CURVE('',#2917,#2942,#1609,.T.);
#3695=EDGE_CURVE('',#2942,#2939,#1610,.T.);
#3696=EDGE_CURVE('',#2943,#2944,#1611,.T.);
#3697=EDGE_CURVE('',#2916,#2943,#1612,.T.);
#3698=EDGE_CURVE('',#2915,#2944,#1613,.T.);
#3699=EDGE_CURVE('',#2944,#2945,#1614,.T.);
#3700=EDGE_CURVE('',#2914,#2945,#1615,.T.);
#3701=EDGE_CURVE('',#2945,#2946,#1616,.T.);
#3702=EDGE_CURVE('',#2913,#2946,#1617,.T.);
#3703=EDGE_CURVE('',#2946,#2943,#1618,.T.);
#3704=EDGE_CURVE('',#2947,#2948,#1619,.T.);
#3705=EDGE_CURVE('',#2912,#2947,#1620,.T.);
#3706=EDGE_CURVE('',#2911,#2948,#1621,.T.);
#3707=EDGE_CURVE('',#2948,#2949,#1622,.T.);
#3708=EDGE_CURVE('',#2910,#2949,#1623,.T.);
#3709=EDGE_CURVE('',#2949,#2950,#1624,.T.);
#3710=EDGE_CURVE('',#2909,#2950,#1625,.T.);
#3711=EDGE_CURVE('',#2950,#2947,#1626,.T.);
#3712=EDGE_CURVE('',#2951,#2952,#1627,.T.);
#3713=EDGE_CURVE('',#2951,#2953,#1628,.T.);
#3714=EDGE_CURVE('',#2953,#2954,#1629,.T.);
#3715=EDGE_CURVE('',#2952,#2954,#1630,.T.);
#3716=EDGE_CURVE('',#2955,#2951,#1631,.T.);
#3717=EDGE_CURVE('',#2955,#2956,#1632,.T.);
#3718=EDGE_CURVE('',#2956,#2953,#1633,.T.);
#3719=EDGE_CURVE('',#2957,#2955,#1634,.T.);
#3720=EDGE_CURVE('',#2957,#2958,#1635,.T.);
#3721=EDGE_CURVE('',#2958,#2956,#1636,.T.);
#3722=EDGE_CURVE('',#2952,#2957,#1637,.T.);
#3723=EDGE_CURVE('',#2954,#2958,#1638,.T.);
#3724=EDGE_CURVE('',#2959,#2960,#232,.T.);
#3725=EDGE_CURVE('',#2959,#2961,#1639,.T.);
#3726=EDGE_CURVE('',#2961,#2962,#233,.T.);
#3727=EDGE_CURVE('',#2960,#2962,#1640,.T.);
#3728=EDGE_CURVE('',#2963,#2959,#1641,.T.);
#3729=EDGE_CURVE('',#2963,#2964,#1642,.T.);
#3730=EDGE_CURVE('',#2964,#2961,#1643,.T.);
#3731=EDGE_CURVE('',#2965,#2963,#234,.T.);
#3732=EDGE_CURVE('',#2965,#2966,#1644,.T.);
#3733=EDGE_CURVE('',#2966,#2964,#235,.T.);
#3734=EDGE_CURVE('',#2967,#2965,#236,.T.);
#3735=EDGE_CURVE('',#2967,#2968,#1645,.T.);
#3736=EDGE_CURVE('',#2968,#2966,#237,.T.);
#3737=EDGE_CURVE('',#2960,#2967,#238,.T.);
#3738=EDGE_CURVE('',#2962,#2968,#239,.T.);
#3739=EDGE_CURVE('',#2969,#2970,#240,.T.);
#3740=EDGE_CURVE('',#2969,#2971,#1646,.T.);
#3741=EDGE_CURVE('',#2971,#2972,#241,.T.);
#3742=EDGE_CURVE('',#2970,#2972,#1647,.T.);
#3743=EDGE_CURVE('',#2973,#2969,#242,.T.);
#3744=EDGE_CURVE('',#2973,#2974,#1648,.T.);
#3745=EDGE_CURVE('',#2974,#2971,#243,.T.);
#3746=EDGE_CURVE('',#2975,#2973,#244,.T.);
#3747=EDGE_CURVE('',#2975,#2976,#1649,.T.);
#3748=EDGE_CURVE('',#2976,#2974,#245,.T.);
#3749=EDGE_CURVE('',#2977,#2975,#246,.T.);
#3750=EDGE_CURVE('',#2977,#2978,#1650,.T.);
#3751=EDGE_CURVE('',#2978,#2976,#247,.T.);
#3752=EDGE_CURVE('',#2979,#2977,#248,.T.);
#3753=EDGE_CURVE('',#2979,#2980,#1651,.T.);
#3754=EDGE_CURVE('',#2980,#2978,#249,.T.);
#3755=EDGE_CURVE('',#2981,#2979,#250,.T.);
#3756=EDGE_CURVE('',#2981,#2982,#1652,.T.);
#3757=EDGE_CURVE('',#2982,#2980,#251,.T.);
#3758=EDGE_CURVE('',#2983,#2981,#252,.T.);
#3759=EDGE_CURVE('',#2983,#2984,#1653,.T.);
#3760=EDGE_CURVE('',#2984,#2982,#253,.T.);
#3761=EDGE_CURVE('',#2985,#2983,#1654,.T.);
#3762=EDGE_CURVE('',#2985,#2986,#1655,.T.);
#3763=EDGE_CURVE('',#2986,#2984,#1656,.T.);
#3764=EDGE_CURVE('',#2987,#2985,#254,.T.);
#3765=EDGE_CURVE('',#2987,#2988,#1657,.T.);
#3766=EDGE_CURVE('',#2988,#2986,#255,.T.);
#3767=EDGE_CURVE('',#2989,#2987,#256,.T.);
#3768=EDGE_CURVE('',#2989,#2990,#1658,.T.);
#3769=EDGE_CURVE('',#2990,#2988,#257,.T.);
#3770=EDGE_CURVE('',#2991,#2989,#258,.T.);
#3771=EDGE_CURVE('',#2991,#2992,#1659,.T.);
#3772=EDGE_CURVE('',#2992,#2990,#259,.T.);
#3773=EDGE_CURVE('',#2993,#2991,#260,.T.);
#3774=EDGE_CURVE('',#2993,#2994,#1660,.T.);
#3775=EDGE_CURVE('',#2994,#2992,#261,.T.);
#3776=EDGE_CURVE('',#2995,#2993,#1661,.T.);
#3777=EDGE_CURVE('',#2995,#2996,#1662,.T.);
#3778=EDGE_CURVE('',#2996,#2994,#1663,.T.);
#3779=EDGE_CURVE('',#2997,#2995,#1664,.T.);
#3780=EDGE_CURVE('',#2997,#2998,#1665,.T.);
#3781=EDGE_CURVE('',#2998,#2996,#1666,.T.);
#3782=EDGE_CURVE('',#2999,#2997,#262,.T.);
#3783=EDGE_CURVE('',#2999,#3000,#1667,.T.);
#3784=EDGE_CURVE('',#3000,#2998,#263,.T.);
#3785=EDGE_CURVE('',#3001,#2999,#264,.T.);
#3786=EDGE_CURVE('',#3001,#3002,#1668,.T.);
#3787=EDGE_CURVE('',#3002,#3000,#265,.T.);
#3788=EDGE_CURVE('',#3003,#3001,#266,.T.);
#3789=EDGE_CURVE('',#3003,#3004,#1669,.T.);
#3790=EDGE_CURVE('',#3004,#3002,#267,.T.);
#3791=EDGE_CURVE('',#2970,#3003,#268,.T.);
#3792=EDGE_CURVE('',#2972,#3004,#269,.T.);
#3793=EDGE_CURVE('',#3005,#3006,#270,.T.);
#3794=EDGE_CURVE('',#3005,#3007,#1670,.T.);
#3795=EDGE_CURVE('',#3007,#3008,#271,.T.);
#3796=EDGE_CURVE('',#3006,#3008,#1671,.T.);
#3797=EDGE_CURVE('',#3009,#3005,#272,.T.);
#3798=EDGE_CURVE('',#3009,#3010,#1672,.T.);
#3799=EDGE_CURVE('',#3010,#3007,#273,.T.);
#3800=EDGE_CURVE('',#3011,#3009,#274,.T.);
#3801=EDGE_CURVE('',#3011,#3012,#1673,.T.);
#3802=EDGE_CURVE('',#3012,#3010,#275,.T.);
#3803=EDGE_CURVE('',#3013,#3011,#276,.T.);
#3804=EDGE_CURVE('',#3013,#3014,#1674,.T.);
#3805=EDGE_CURVE('',#3014,#3012,#277,.T.);
#3806=EDGE_CURVE('',#3015,#3013,#278,.T.);
#3807=EDGE_CURVE('',#3015,#3016,#1675,.T.);
#3808=EDGE_CURVE('',#3016,#3014,#279,.T.);
#3809=EDGE_CURVE('',#3017,#3015,#280,.T.);
#3810=EDGE_CURVE('',#3017,#3018,#1676,.T.);
#3811=EDGE_CURVE('',#3018,#3016,#281,.T.);
#3812=EDGE_CURVE('',#3019,#3017,#282,.T.);
#3813=EDGE_CURVE('',#3019,#3020,#1677,.T.);
#3814=EDGE_CURVE('',#3020,#3018,#283,.T.);
#3815=EDGE_CURVE('',#3021,#3019,#284,.T.);
#3816=EDGE_CURVE('',#3021,#3022,#1678,.T.);
#3817=EDGE_CURVE('',#3022,#3020,#285,.T.);
#3818=EDGE_CURVE('',#3023,#3021,#286,.T.);
#3819=EDGE_CURVE('',#3023,#3024,#1679,.T.);
#3820=EDGE_CURVE('',#3024,#3022,#287,.T.);
#3821=EDGE_CURVE('',#3025,#3023,#1680,.T.);
#3822=EDGE_CURVE('',#3025,#3026,#1681,.T.);
#3823=EDGE_CURVE('',#3026,#3024,#1682,.T.);
#3824=EDGE_CURVE('',#3027,#3025,#288,.T.);
#3825=EDGE_CURVE('',#3027,#3028,#1683,.T.);
#3826=EDGE_CURVE('',#3028,#3026,#289,.T.);
#3827=EDGE_CURVE('',#3029,#3027,#290,.T.);
#3828=EDGE_CURVE('',#3029,#3030,#1684,.T.);
#3829=EDGE_CURVE('',#3030,#3028,#291,.T.);
#3830=EDGE_CURVE('',#3031,#3029,#292,.T.);
#3831=EDGE_CURVE('',#3031,#3032,#1685,.T.);
#3832=EDGE_CURVE('',#3032,#3030,#293,.T.);
#3833=EDGE_CURVE('',#3033,#3031,#294,.T.);
#3834=EDGE_CURVE('',#3033,#3034,#1686,.T.);
#3835=EDGE_CURVE('',#3034,#3032,#295,.T.);
#3836=EDGE_CURVE('',#3035,#3033,#296,.T.);
#3837=EDGE_CURVE('',#3035,#3036,#1687,.T.);
#3838=EDGE_CURVE('',#3036,#3034,#297,.T.);
#3839=EDGE_CURVE('',#3037,#3035,#298,.T.);
#3840=EDGE_CURVE('',#3037,#3038,#1688,.T.);
#3841=EDGE_CURVE('',#3038,#3036,#299,.T.);
#3842=EDGE_CURVE('',#3039,#3037,#300,.T.);
#3843=EDGE_CURVE('',#3039,#3040,#1689,.T.);
#3844=EDGE_CURVE('',#3040,#3038,#301,.T.);
#3845=EDGE_CURVE('',#3041,#3039,#302,.T.);
#3846=EDGE_CURVE('',#3041,#3042,#1690,.T.);
#3847=EDGE_CURVE('',#3042,#3040,#303,.T.);
#3848=EDGE_CURVE('',#3043,#3041,#304,.T.);
#3849=EDGE_CURVE('',#3043,#3044,#1691,.T.);
#3850=EDGE_CURVE('',#3044,#3042,#305,.T.);
#3851=EDGE_CURVE('',#3045,#3043,#306,.T.);
#3852=EDGE_CURVE('',#3045,#3046,#1692,.T.);
#3853=EDGE_CURVE('',#3046,#3044,#307,.T.);
#3854=EDGE_CURVE('',#3047,#3045,#308,.T.);
#3855=EDGE_CURVE('',#3047,#3048,#1693,.T.);
#3856=EDGE_CURVE('',#3048,#3046,#309,.T.);
#3857=EDGE_CURVE('',#3049,#3047,#310,.T.);
#3858=EDGE_CURVE('',#3049,#3050,#1694,.T.);
#3859=EDGE_CURVE('',#3050,#3048,#311,.T.);
#3860=EDGE_CURVE('',#3051,#3049,#312,.T.);
#3861=EDGE_CURVE('',#3051,#3052,#1695,.T.);
#3862=EDGE_CURVE('',#3052,#3050,#313,.T.);
#3863=EDGE_CURVE('',#3053,#3051,#314,.T.);
#3864=EDGE_CURVE('',#3053,#3054,#1696,.T.);
#3865=EDGE_CURVE('',#3054,#3052,#315,.T.);
#3866=EDGE_CURVE('',#3055,#3053,#1697,.T.);
#3867=EDGE_CURVE('',#3055,#3056,#1698,.T.);
#3868=EDGE_CURVE('',#3056,#3054,#1699,.T.);
#3869=EDGE_CURVE('',#3057,#3055,#316,.T.);
#3870=EDGE_CURVE('',#3057,#3058,#1700,.T.);
#3871=EDGE_CURVE('',#3058,#3056,#317,.T.);
#3872=EDGE_CURVE('',#3059,#3057,#318,.T.);
#3873=EDGE_CURVE('',#3059,#3060,#1701,.T.);
#3874=EDGE_CURVE('',#3060,#3058,#319,.T.);
#3875=EDGE_CURVE('',#3061,#3059,#320,.T.);
#3876=EDGE_CURVE('',#3061,#3062,#1702,.T.);
#3877=EDGE_CURVE('',#3062,#3060,#321,.T.);
#3878=EDGE_CURVE('',#3063,#3061,#322,.T.);
#3879=EDGE_CURVE('',#3063,#3064,#1703,.T.);
#3880=EDGE_CURVE('',#3064,#3062,#323,.T.);
#3881=EDGE_CURVE('',#3006,#3063,#324,.T.);
#3882=EDGE_CURVE('',#3008,#3064,#325,.T.);
#3883=EDGE_CURVE('',#3065,#3066,#326,.T.);
#3884=EDGE_CURVE('',#3065,#3067,#1704,.T.);
#3885=EDGE_CURVE('',#3067,#3068,#327,.T.);
#3886=EDGE_CURVE('',#3066,#3068,#1705,.T.);
#3887=EDGE_CURVE('',#3069,#3065,#328,.T.);
#3888=EDGE_CURVE('',#3069,#3070,#1706,.T.);
#3889=EDGE_CURVE('',#3070,#3067,#329,.T.);
#3890=EDGE_CURVE('',#3071,#3069,#330,.T.);
#3891=EDGE_CURVE('',#3071,#3072,#1707,.T.);
#3892=EDGE_CURVE('',#3072,#3070,#331,.T.);
#3893=EDGE_CURVE('',#3073,#3071,#332,.T.);
#3894=EDGE_CURVE('',#3073,#3074,#1708,.T.);
#3895=EDGE_CURVE('',#3074,#3072,#333,.T.);
#3896=EDGE_CURVE('',#3075,#3073,#334,.T.);
#3897=EDGE_CURVE('',#3075,#3076,#1709,.T.);
#3898=EDGE_CURVE('',#3076,#3074,#335,.T.);
#3899=EDGE_CURVE('',#3077,#3075,#336,.T.);
#3900=EDGE_CURVE('',#3077,#3078,#1710,.T.);
#3901=EDGE_CURVE('',#3078,#3076,#337,.T.);
#3902=EDGE_CURVE('',#3079,#3077,#338,.T.);
#3903=EDGE_CURVE('',#3079,#3080,#1711,.T.);
#3904=EDGE_CURVE('',#3080,#3078,#339,.T.);
#3905=EDGE_CURVE('',#3066,#3079,#340,.T.);
#3906=EDGE_CURVE('',#3068,#3080,#341,.T.);
#3907=EDGE_CURVE('',#3081,#3082,#342,.T.);
#3908=EDGE_CURVE('',#3081,#3083,#1712,.T.);
#3909=EDGE_CURVE('',#3083,#3084,#343,.T.);
#3910=EDGE_CURVE('',#3082,#3084,#1713,.T.);
#3911=EDGE_CURVE('',#3085,#3081,#344,.T.);
#3912=EDGE_CURVE('',#3085,#3086,#1714,.T.);
#3913=EDGE_CURVE('',#3086,#3083,#345,.T.);
#3914=EDGE_CURVE('',#3087,#3085,#346,.T.);
#3915=EDGE_CURVE('',#3087,#3088,#1715,.T.);
#3916=EDGE_CURVE('',#3088,#3086,#347,.T.);
#3917=EDGE_CURVE('',#3089,#3087,#348,.T.);
#3918=EDGE_CURVE('',#3089,#3090,#1716,.T.);
#3919=EDGE_CURVE('',#3090,#3088,#349,.T.);
#3920=EDGE_CURVE('',#3091,#3089,#350,.T.);
#3921=EDGE_CURVE('',#3091,#3092,#1717,.T.);
#3922=EDGE_CURVE('',#3092,#3090,#351,.T.);
#3923=EDGE_CURVE('',#3093,#3091,#352,.T.);
#3924=EDGE_CURVE('',#3093,#3094,#1718,.T.);
#3925=EDGE_CURVE('',#3094,#3092,#353,.T.);
#3926=EDGE_CURVE('',#3095,#3093,#354,.T.);
#3927=EDGE_CURVE('',#3095,#3096,#1719,.T.);
#3928=EDGE_CURVE('',#3096,#3094,#355,.T.);
#3929=EDGE_CURVE('',#3097,#3095,#356,.T.);
#3930=EDGE_CURVE('',#3097,#3098,#1720,.T.);
#3931=EDGE_CURVE('',#3098,#3096,#357,.T.);
#3932=EDGE_CURVE('',#3099,#3097,#358,.T.);
#3933=EDGE_CURVE('',#3099,#3100,#1721,.T.);
#3934=EDGE_CURVE('',#3100,#3098,#359,.T.);
#3935=EDGE_CURVE('',#3082,#3099,#360,.T.);
#3936=EDGE_CURVE('',#3084,#3100,#361,.T.);
#3937=EDGE_CURVE('',#3101,#3102,#362,.T.);
#3938=EDGE_CURVE('',#3101,#3103,#1722,.T.);
#3939=EDGE_CURVE('',#3103,#3104,#363,.T.);
#3940=EDGE_CURVE('',#3102,#3104,#1723,.T.);
#3941=EDGE_CURVE('',#3105,#3101,#364,.T.);
#3942=EDGE_CURVE('',#3105,#3106,#1724,.T.);
#3943=EDGE_CURVE('',#3106,#3103,#365,.T.);
#3944=EDGE_CURVE('',#3107,#3105,#366,.T.);
#3945=EDGE_CURVE('',#3107,#3108,#1725,.T.);
#3946=EDGE_CURVE('',#3108,#3106,#367,.T.);
#3947=EDGE_CURVE('',#3109,#3107,#368,.T.);
#3948=EDGE_CURVE('',#3109,#3110,#1726,.T.);
#3949=EDGE_CURVE('',#3110,#3108,#369,.T.);
#3950=EDGE_CURVE('',#3111,#3109,#370,.T.);
#3951=EDGE_CURVE('',#3111,#3112,#1727,.T.);
#3952=EDGE_CURVE('',#3112,#3110,#371,.T.);
#3953=EDGE_CURVE('',#3113,#3111,#372,.T.);
#3954=EDGE_CURVE('',#3113,#3114,#1728,.T.);
#3955=EDGE_CURVE('',#3114,#3112,#373,.T.);
#3956=EDGE_CURVE('',#3115,#3113,#374,.T.);
#3957=EDGE_CURVE('',#3115,#3116,#1729,.T.);
#3958=EDGE_CURVE('',#3116,#3114,#375,.T.);
#3959=EDGE_CURVE('',#3102,#3115,#376,.T.);
#3960=EDGE_CURVE('',#3104,#3116,#377,.T.);
#3961=EDGE_CURVE('',#3117,#3118,#378,.T.);
#3962=EDGE_CURVE('',#3117,#3119,#1730,.T.);
#3963=EDGE_CURVE('',#3119,#3120,#379,.T.);
#3964=EDGE_CURVE('',#3118,#3120,#1731,.T.);
#3965=EDGE_CURVE('',#3121,#3117,#380,.T.);
#3966=EDGE_CURVE('',#3121,#3122,#1732,.T.);
#3967=EDGE_CURVE('',#3122,#3119,#381,.T.);
#3968=EDGE_CURVE('',#3123,#3121,#382,.T.);
#3969=EDGE_CURVE('',#3123,#3124,#1733,.T.);
#3970=EDGE_CURVE('',#3124,#3122,#383,.T.);
#3971=EDGE_CURVE('',#3125,#3123,#384,.T.);
#3972=EDGE_CURVE('',#3125,#3126,#1734,.T.);
#3973=EDGE_CURVE('',#3126,#3124,#385,.T.);
#3974=EDGE_CURVE('',#3127,#3125,#386,.T.);
#3975=EDGE_CURVE('',#3127,#3128,#1735,.T.);
#3976=EDGE_CURVE('',#3128,#3126,#387,.T.);
#3977=EDGE_CURVE('',#3129,#3127,#388,.T.);
#3978=EDGE_CURVE('',#3129,#3130,#1736,.T.);
#3979=EDGE_CURVE('',#3130,#3128,#389,.T.);
#3980=EDGE_CURVE('',#3131,#3129,#390,.T.);
#3981=EDGE_CURVE('',#3131,#3132,#1737,.T.);
#3982=EDGE_CURVE('',#3132,#3130,#391,.T.);
#3983=EDGE_CURVE('',#3133,#3131,#392,.T.);
#3984=EDGE_CURVE('',#3133,#3134,#1738,.T.);
#3985=EDGE_CURVE('',#3134,#3132,#393,.T.);
#3986=EDGE_CURVE('',#3135,#3133,#394,.T.);
#3987=EDGE_CURVE('',#3135,#3136,#1739,.T.);
#3988=EDGE_CURVE('',#3136,#3134,#395,.T.);
#3989=EDGE_CURVE('',#3118,#3135,#396,.T.);
#3990=EDGE_CURVE('',#3120,#3136,#397,.T.);
#3991=EDGE_CURVE('',#3137,#3138,#1740,.T.);
#3992=EDGE_CURVE('',#3137,#3139,#1741,.T.);
#3993=EDGE_CURVE('',#3139,#3140,#1742,.T.);
#3994=EDGE_CURVE('',#3138,#3140,#1743,.T.);
#3995=EDGE_CURVE('',#3141,#3137,#1744,.T.);
#3996=EDGE_CURVE('',#3141,#3142,#1745,.T.);
#3997=EDGE_CURVE('',#3142,#3139,#1746,.T.);
#3998=EDGE_CURVE('',#3143,#3141,#1747,.T.);
#3999=EDGE_CURVE('',#3143,#3144,#1748,.T.);
#4000=EDGE_CURVE('',#3144,#3142,#1749,.T.);
#4001=EDGE_CURVE('',#3145,#3143,#1750,.T.);
#4002=EDGE_CURVE('',#3145,#3146,#1751,.T.);
#4003=EDGE_CURVE('',#3146,#3144,#1752,.T.);
#4004=EDGE_CURVE('',#3147,#3145,#1753,.T.);
#4005=EDGE_CURVE('',#3147,#3148,#1754,.T.);
#4006=EDGE_CURVE('',#3148,#3146,#1755,.T.);
#4007=EDGE_CURVE('',#3149,#3147,#1756,.T.);
#4008=EDGE_CURVE('',#3149,#3150,#1757,.T.);
#4009=EDGE_CURVE('',#3150,#3148,#1758,.T.);
#4010=EDGE_CURVE('',#3151,#3149,#1759,.T.);
#4011=EDGE_CURVE('',#3151,#3152,#1760,.T.);
#4012=EDGE_CURVE('',#3152,#3150,#1761,.T.);
#4013=EDGE_CURVE('',#3153,#3151,#1762,.T.);
#4014=EDGE_CURVE('',#3153,#3154,#1763,.T.);
#4015=EDGE_CURVE('',#3154,#3152,#1764,.T.);
#4016=EDGE_CURVE('',#3155,#3153,#1765,.T.);
#4017=EDGE_CURVE('',#3155,#3156,#1766,.T.);
#4018=EDGE_CURVE('',#3156,#3154,#1767,.T.);
#4019=EDGE_CURVE('',#3138,#3155,#1768,.T.);
#4020=EDGE_CURVE('',#3140,#3156,#1769,.T.);
#4021=EDGE_CURVE('',#3157,#3158,#398,.T.);
#4022=EDGE_CURVE('',#3157,#3159,#1770,.T.);
#4023=EDGE_CURVE('',#3159,#3160,#399,.T.);
#4024=EDGE_CURVE('',#3158,#3160,#1771,.T.);
#4025=EDGE_CURVE('',#3161,#3157,#1772,.T.);
#4026=EDGE_CURVE('',#3161,#3162,#1773,.T.);
#4027=EDGE_CURVE('',#3162,#3159,#1774,.T.);
#4028=EDGE_CURVE('',#3163,#3161,#400,.T.);
#4029=EDGE_CURVE('',#3163,#3164,#1775,.T.);
#4030=EDGE_CURVE('',#3164,#3162,#401,.T.);
#4031=EDGE_CURVE('',#3165,#3163,#402,.T.);
#4032=EDGE_CURVE('',#3165,#3166,#1776,.T.);
#4033=EDGE_CURVE('',#3166,#3164,#403,.T.);
#4034=EDGE_CURVE('',#3158,#3165,#404,.T.);
#4035=EDGE_CURVE('',#3160,#3166,#405,.T.);
#4036=EDGE_CURVE('',#3167,#3168,#406,.T.);
#4037=EDGE_CURVE('',#3167,#3169,#1777,.T.);
#4038=EDGE_CURVE('',#3169,#3170,#407,.T.);
#4039=EDGE_CURVE('',#3168,#3170,#1778,.T.);
#4040=EDGE_CURVE('',#3171,#3167,#408,.T.);
#4041=EDGE_CURVE('',#3171,#3172,#1779,.T.);
#4042=EDGE_CURVE('',#3172,#3169,#409,.T.);
#4043=EDGE_CURVE('',#3173,#3171,#410,.T.);
#4044=EDGE_CURVE('',#3173,#3174,#1780,.T.);
#4045=EDGE_CURVE('',#3174,#3172,#411,.T.);
#4046=EDGE_CURVE('',#3175,#3173,#412,.T.);
#4047=EDGE_CURVE('',#3175,#3176,#1781,.T.);
#4048=EDGE_CURVE('',#3176,#3174,#413,.T.);
#4049=EDGE_CURVE('',#3177,#3175,#414,.T.);
#4050=EDGE_CURVE('',#3177,#3178,#1782,.T.);
#4051=EDGE_CURVE('',#3178,#3176,#415,.T.);
#4052=EDGE_CURVE('',#3179,#3177,#416,.T.);
#4053=EDGE_CURVE('',#3179,#3180,#1783,.T.);
#4054=EDGE_CURVE('',#3180,#3178,#417,.T.);
#4055=EDGE_CURVE('',#3181,#3179,#418,.T.);
#4056=EDGE_CURVE('',#3181,#3182,#1784,.T.);
#4057=EDGE_CURVE('',#3182,#3180,#419,.T.);
#4058=EDGE_CURVE('',#3183,#3181,#1785,.T.);
#4059=EDGE_CURVE('',#3183,#3184,#1786,.T.);
#4060=EDGE_CURVE('',#3184,#3182,#1787,.T.);
#4061=EDGE_CURVE('',#3185,#3183,#420,.T.);
#4062=EDGE_CURVE('',#3185,#3186,#1788,.T.);
#4063=EDGE_CURVE('',#3186,#3184,#421,.T.);
#4064=EDGE_CURVE('',#3187,#3185,#422,.T.);
#4065=EDGE_CURVE('',#3187,#3188,#1789,.T.);
#4066=EDGE_CURVE('',#3188,#3186,#423,.T.);
#4067=EDGE_CURVE('',#3189,#3187,#424,.T.);
#4068=EDGE_CURVE('',#3189,#3190,#1790,.T.);
#4069=EDGE_CURVE('',#3190,#3188,#425,.T.);
#4070=EDGE_CURVE('',#3191,#3189,#426,.T.);
#4071=EDGE_CURVE('',#3191,#3192,#1791,.T.);
#4072=EDGE_CURVE('',#3192,#3190,#427,.T.);
#4073=EDGE_CURVE('',#3193,#3191,#1792,.T.);
#4074=EDGE_CURVE('',#3193,#3194,#1793,.T.);
#4075=EDGE_CURVE('',#3194,#3192,#1794,.T.);
#4076=EDGE_CURVE('',#3195,#3193,#1795,.T.);
#4077=EDGE_CURVE('',#3195,#3196,#1796,.T.);
#4078=EDGE_CURVE('',#3196,#3194,#1797,.T.);
#4079=EDGE_CURVE('',#3197,#3195,#428,.T.);
#4080=EDGE_CURVE('',#3197,#3198,#1798,.T.);
#4081=EDGE_CURVE('',#3198,#3196,#429,.T.);
#4082=EDGE_CURVE('',#3199,#3197,#430,.T.);
#4083=EDGE_CURVE('',#3199,#3200,#1799,.T.);
#4084=EDGE_CURVE('',#3200,#3198,#431,.T.);
#4085=EDGE_CURVE('',#3201,#3199,#432,.T.);
#4086=EDGE_CURVE('',#3201,#3202,#1800,.T.);
#4087=EDGE_CURVE('',#3202,#3200,#433,.T.);
#4088=EDGE_CURVE('',#3168,#3201,#434,.T.);
#4089=EDGE_CURVE('',#3170,#3202,#435,.T.);
#4090=EDGE_CURVE('',#3203,#3204,#436,.T.);
#4091=EDGE_CURVE('',#3203,#3205,#1801,.T.);
#4092=EDGE_CURVE('',#3205,#3206,#437,.T.);
#4093=EDGE_CURVE('',#3204,#3206,#1802,.T.);
#4094=EDGE_CURVE('',#3207,#3203,#1803,.T.);
#4095=EDGE_CURVE('',#3207,#3208,#1804,.T.);
#4096=EDGE_CURVE('',#3208,#3205,#1805,.T.);
#4097=EDGE_CURVE('',#3209,#3207,#1806,.T.);
#4098=EDGE_CURVE('',#3209,#3210,#1807,.T.);
#4099=EDGE_CURVE('',#3210,#3208,#1808,.T.);
#4100=EDGE_CURVE('',#3211,#3209,#1809,.T.);
#4101=EDGE_CURVE('',#3211,#3212,#1810,.T.);
#4102=EDGE_CURVE('',#3212,#3210,#1811,.T.);
#4103=EDGE_CURVE('',#3213,#3211,#1812,.T.);
#4104=EDGE_CURVE('',#3213,#3214,#1813,.T.);
#4105=EDGE_CURVE('',#3214,#3212,#1814,.T.);
#4106=EDGE_CURVE('',#3215,#3213,#1815,.T.);
#4107=EDGE_CURVE('',#3215,#3216,#1816,.T.);
#4108=EDGE_CURVE('',#3216,#3214,#1817,.T.);
#4109=EDGE_CURVE('',#3217,#3215,#1818,.T.);
#4110=EDGE_CURVE('',#3217,#3218,#1819,.T.);
#4111=EDGE_CURVE('',#3218,#3216,#1820,.T.);
#4112=EDGE_CURVE('',#3219,#3217,#438,.T.);
#4113=EDGE_CURVE('',#3219,#3220,#1821,.T.);
#4114=EDGE_CURVE('',#3220,#3218,#439,.T.);
#4115=EDGE_CURVE('',#3221,#3219,#440,.T.);
#4116=EDGE_CURVE('',#3221,#3222,#1822,.T.);
#4117=EDGE_CURVE('',#3222,#3220,#441,.T.);
#4118=EDGE_CURVE('',#3223,#3221,#442,.T.);
#4119=EDGE_CURVE('',#3223,#3224,#1823,.T.);
#4120=EDGE_CURVE('',#3224,#3222,#443,.T.);
#4121=EDGE_CURVE('',#3225,#3223,#1824,.T.);
#4122=EDGE_CURVE('',#3225,#3226,#1825,.T.);
#4123=EDGE_CURVE('',#3226,#3224,#1826,.T.);
#4124=EDGE_CURVE('',#3227,#3225,#1827,.T.);
#4125=EDGE_CURVE('',#3227,#3228,#1828,.T.);
#4126=EDGE_CURVE('',#3228,#3226,#1829,.T.);
#4127=EDGE_CURVE('',#3229,#3227,#1830,.T.);
#4128=EDGE_CURVE('',#3229,#3230,#1831,.T.);
#4129=EDGE_CURVE('',#3230,#3228,#1832,.T.);
#4130=EDGE_CURVE('',#3231,#3229,#444,.T.);
#4131=EDGE_CURVE('',#3231,#3232,#1833,.T.);
#4132=EDGE_CURVE('',#3232,#3230,#445,.T.);
#4133=EDGE_CURVE('',#3233,#3231,#446,.T.);
#4134=EDGE_CURVE('',#3233,#3234,#1834,.T.);
#4135=EDGE_CURVE('',#3234,#3232,#447,.T.);
#4136=EDGE_CURVE('',#3204,#3233,#448,.T.);
#4137=EDGE_CURVE('',#3206,#3234,#449,.T.);
#4138=EDGE_CURVE('',#3235,#3236,#450,.T.);
#4139=EDGE_CURVE('',#3235,#3237,#1835,.T.);
#4140=EDGE_CURVE('',#3237,#3238,#451,.T.);
#4141=EDGE_CURVE('',#3236,#3238,#1836,.T.);
#4142=EDGE_CURVE('',#3239,#3235,#1837,.T.);
#4143=EDGE_CURVE('',#3239,#3240,#1838,.T.);
#4144=EDGE_CURVE('',#3240,#3237,#1839,.T.);
#4145=EDGE_CURVE('',#3241,#3239,#1840,.T.);
#4146=EDGE_CURVE('',#3241,#3242,#1841,.T.);
#4147=EDGE_CURVE('',#3242,#3240,#1842,.T.);
#4148=EDGE_CURVE('',#3243,#3241,#1843,.T.);
#4149=EDGE_CURVE('',#3243,#3244,#1844,.T.);
#4150=EDGE_CURVE('',#3244,#3242,#1845,.T.);
#4151=EDGE_CURVE('',#3245,#3243,#1846,.T.);
#4152=EDGE_CURVE('',#3245,#3246,#1847,.T.);
#4153=EDGE_CURVE('',#3246,#3244,#1848,.T.);
#4154=EDGE_CURVE('',#3247,#3245,#1849,.T.);
#4155=EDGE_CURVE('',#3247,#3248,#1850,.T.);
#4156=EDGE_CURVE('',#3248,#3246,#1851,.T.);
#4157=EDGE_CURVE('',#3249,#3247,#1852,.T.);
#4158=EDGE_CURVE('',#3249,#3250,#1853,.T.);
#4159=EDGE_CURVE('',#3250,#3248,#1854,.T.);
#4160=EDGE_CURVE('',#3251,#3249,#1855,.T.);
#4161=EDGE_CURVE('',#3251,#3252,#1856,.T.);
#4162=EDGE_CURVE('',#3252,#3250,#1857,.T.);
#4163=EDGE_CURVE('',#3253,#3251,#1858,.T.);
#4164=EDGE_CURVE('',#3253,#3254,#1859,.T.);
#4165=EDGE_CURVE('',#3254,#3252,#1860,.T.);
#4166=EDGE_CURVE('',#3255,#3253,#1861,.T.);
#4167=EDGE_CURVE('',#3255,#3256,#1862,.T.);
#4168=EDGE_CURVE('',#3256,#3254,#1863,.T.);
#4169=EDGE_CURVE('',#3257,#3255,#1864,.T.);
#4170=EDGE_CURVE('',#3257,#3258,#1865,.T.);
#4171=EDGE_CURVE('',#3258,#3256,#1866,.T.);
#4172=EDGE_CURVE('',#3259,#3257,#1867,.T.);
#4173=EDGE_CURVE('',#3259,#3260,#1868,.T.);
#4174=EDGE_CURVE('',#3260,#3258,#1869,.T.);
#4175=EDGE_CURVE('',#3261,#3259,#452,.T.);
#4176=EDGE_CURVE('',#3261,#3262,#1870,.T.);
#4177=EDGE_CURVE('',#3262,#3260,#453,.T.);
#4178=EDGE_CURVE('',#3263,#3261,#454,.T.);
#4179=EDGE_CURVE('',#3263,#3264,#1871,.T.);
#4180=EDGE_CURVE('',#3264,#3262,#455,.T.);
#4181=EDGE_CURVE('',#3265,#3263,#456,.T.);
#4182=EDGE_CURVE('',#3265,#3266,#1872,.T.);
#4183=EDGE_CURVE('',#3266,#3264,#457,.T.);
#4184=EDGE_CURVE('',#3267,#3265,#458,.T.);
#4185=EDGE_CURVE('',#3267,#3268,#1873,.T.);
#4186=EDGE_CURVE('',#3268,#3266,#459,.T.);
#4187=EDGE_CURVE('',#3269,#3267,#460,.T.);
#4188=EDGE_CURVE('',#3269,#3270,#1874,.T.);
#4189=EDGE_CURVE('',#3270,#3268,#461,.T.);
#4190=EDGE_CURVE('',#3271,#3269,#1875,.T.);
#4191=EDGE_CURVE('',#3271,#3272,#1876,.T.);
#4192=EDGE_CURVE('',#3272,#3270,#1877,.T.);
#4193=EDGE_CURVE('',#3273,#3271,#462,.T.);
#4194=EDGE_CURVE('',#3273,#3274,#1878,.T.);
#4195=EDGE_CURVE('',#3274,#3272,#463,.T.);
#4196=EDGE_CURVE('',#3275,#3273,#464,.T.);
#4197=EDGE_CURVE('',#3275,#3276,#1879,.T.);
#4198=EDGE_CURVE('',#3276,#3274,#465,.T.);
#4199=EDGE_CURVE('',#3236,#3275,#466,.T.);
#4200=EDGE_CURVE('',#3238,#3276,#467,.T.);
#4201=EDGE_CURVE('',#3277,#3278,#468,.T.);
#4202=EDGE_CURVE('',#3277,#3279,#1880,.T.);
#4203=EDGE_CURVE('',#3279,#3280,#469,.T.);
#4204=EDGE_CURVE('',#3278,#3280,#1881,.T.);
#4205=EDGE_CURVE('',#3281,#3277,#470,.T.);
#4206=EDGE_CURVE('',#3281,#3282,#1882,.T.);
#4207=EDGE_CURVE('',#3282,#3279,#471,.T.);
#4208=EDGE_CURVE('',#3283,#3281,#472,.T.);
#4209=EDGE_CURVE('',#3283,#3284,#1883,.T.);
#4210=EDGE_CURVE('',#3284,#3282,#473,.T.);
#4211=EDGE_CURVE('',#3285,#3283,#474,.T.);
#4212=EDGE_CURVE('',#3285,#3286,#1884,.T.);
#4213=EDGE_CURVE('',#3286,#3284,#475,.T.);
#4214=EDGE_CURVE('',#3287,#3285,#476,.T.);
#4215=EDGE_CURVE('',#3287,#3288,#1885,.T.);
#4216=EDGE_CURVE('',#3288,#3286,#477,.T.);
#4217=EDGE_CURVE('',#3289,#3287,#478,.T.);
#4218=EDGE_CURVE('',#3289,#3290,#1886,.T.);
#4219=EDGE_CURVE('',#3290,#3288,#479,.T.);
#4220=EDGE_CURVE('',#3291,#3289,#480,.T.);
#4221=EDGE_CURVE('',#3291,#3292,#1887,.T.);
#4222=EDGE_CURVE('',#3292,#3290,#481,.T.);
#4223=EDGE_CURVE('',#3293,#3291,#482,.T.);
#4224=EDGE_CURVE('',#3293,#3294,#1888,.T.);
#4225=EDGE_CURVE('',#3294,#3292,#483,.T.);
#4226=EDGE_CURVE('',#3295,#3293,#484,.T.);
#4227=EDGE_CURVE('',#3295,#3296,#1889,.T.);
#4228=EDGE_CURVE('',#3296,#3294,#485,.T.);
#4229=EDGE_CURVE('',#3297,#3295,#1890,.T.);
#4230=EDGE_CURVE('',#3297,#3298,#1891,.T.);
#4231=EDGE_CURVE('',#3298,#3296,#1892,.T.);
#4232=EDGE_CURVE('',#3299,#3297,#486,.T.);
#4233=EDGE_CURVE('',#3299,#3300,#1893,.T.);
#4234=EDGE_CURVE('',#3300,#3298,#487,.T.);
#4235=EDGE_CURVE('',#3301,#3299,#488,.T.);
#4236=EDGE_CURVE('',#3301,#3302,#1894,.T.);
#4237=EDGE_CURVE('',#3302,#3300,#489,.T.);
#4238=EDGE_CURVE('',#3303,#3301,#490,.T.);
#4239=EDGE_CURVE('',#3303,#3304,#1895,.T.);
#4240=EDGE_CURVE('',#3304,#3302,#491,.T.);
#4241=EDGE_CURVE('',#3305,#3303,#492,.T.);
#4242=EDGE_CURVE('',#3305,#3306,#1896,.T.);
#4243=EDGE_CURVE('',#3306,#3304,#493,.T.);
#4244=EDGE_CURVE('',#3307,#3305,#494,.T.);
#4245=EDGE_CURVE('',#3307,#3308,#1897,.T.);
#4246=EDGE_CURVE('',#3308,#3306,#495,.T.);
#4247=EDGE_CURVE('',#3309,#3307,#496,.T.);
#4248=EDGE_CURVE('',#3309,#3310,#1898,.T.);
#4249=EDGE_CURVE('',#3310,#3308,#497,.T.);
#4250=EDGE_CURVE('',#3311,#3309,#498,.T.);
#4251=EDGE_CURVE('',#3311,#3312,#1899,.T.);
#4252=EDGE_CURVE('',#3312,#3310,#499,.T.);
#4253=EDGE_CURVE('',#3313,#3311,#500,.T.);
#4254=EDGE_CURVE('',#3313,#3314,#1900,.T.);
#4255=EDGE_CURVE('',#3314,#3312,#501,.T.);
#4256=EDGE_CURVE('',#3315,#3313,#502,.T.);
#4257=EDGE_CURVE('',#3315,#3316,#1901,.T.);
#4258=EDGE_CURVE('',#3316,#3314,#503,.T.);
#4259=EDGE_CURVE('',#3317,#3315,#504,.T.);
#4260=EDGE_CURVE('',#3317,#3318,#1902,.T.);
#4261=EDGE_CURVE('',#3318,#3316,#505,.T.);
#4262=EDGE_CURVE('',#3319,#3317,#506,.T.);
#4263=EDGE_CURVE('',#3319,#3320,#1903,.T.);
#4264=EDGE_CURVE('',#3320,#3318,#507,.T.);
#4265=EDGE_CURVE('',#3321,#3319,#508,.T.);
#4266=EDGE_CURVE('',#3321,#3322,#1904,.T.);
#4267=EDGE_CURVE('',#3322,#3320,#509,.T.);
#4268=EDGE_CURVE('',#3323,#3321,#510,.T.);
#4269=EDGE_CURVE('',#3323,#3324,#1905,.T.);
#4270=EDGE_CURVE('',#3324,#3322,#511,.T.);
#4271=EDGE_CURVE('',#3325,#3323,#512,.T.);
#4272=EDGE_CURVE('',#3325,#3326,#1906,.T.);
#4273=EDGE_CURVE('',#3326,#3324,#513,.T.);
#4274=EDGE_CURVE('',#3327,#3325,#1907,.T.);
#4275=EDGE_CURVE('',#3327,#3328,#1908,.T.);
#4276=EDGE_CURVE('',#3328,#3326,#1909,.T.);
#4277=EDGE_CURVE('',#3329,#3327,#514,.T.);
#4278=EDGE_CURVE('',#3329,#3330,#1910,.T.);
#4279=EDGE_CURVE('',#3330,#3328,#515,.T.);
#4280=EDGE_CURVE('',#3331,#3329,#516,.T.);
#4281=EDGE_CURVE('',#3331,#3332,#1911,.T.);
#4282=EDGE_CURVE('',#3332,#3330,#517,.T.);
#4283=EDGE_CURVE('',#3333,#3331,#518,.T.);
#4284=EDGE_CURVE('',#3333,#3334,#1912,.T.);
#4285=EDGE_CURVE('',#3334,#3332,#519,.T.);
#4286=EDGE_CURVE('',#3335,#3333,#520,.T.);
#4287=EDGE_CURVE('',#3335,#3336,#1913,.T.);
#4288=EDGE_CURVE('',#3336,#3334,#521,.T.);
#4289=EDGE_CURVE('',#3278,#3335,#522,.T.);
#4290=EDGE_CURVE('',#3280,#3336,#523,.T.);
#4291=EDGE_CURVE('',#3337,#3338,#1914,.T.);
#4292=EDGE_CURVE('',#3337,#3339,#1915,.T.);
#4293=EDGE_CURVE('',#3339,#3340,#1916,.T.);
#4294=EDGE_CURVE('',#3338,#3340,#1917,.T.);
#4295=EDGE_CURVE('',#3341,#3337,#1918,.T.);
#4296=EDGE_CURVE('',#3341,#3342,#1919,.T.);
#4297=EDGE_CURVE('',#3342,#3339,#1920,.T.);
#4298=EDGE_CURVE('',#3343,#3341,#1921,.T.);
#4299=EDGE_CURVE('',#3343,#3344,#1922,.T.);
#4300=EDGE_CURVE('',#3344,#3342,#1923,.T.);
#4301=EDGE_CURVE('',#3345,#3343,#1924,.T.);
#4302=EDGE_CURVE('',#3345,#3346,#1925,.T.);
#4303=EDGE_CURVE('',#3346,#3344,#1926,.T.);
#4304=EDGE_CURVE('',#3347,#3345,#1927,.T.);
#4305=EDGE_CURVE('',#3347,#3348,#1928,.T.);
#4306=EDGE_CURVE('',#3348,#3346,#1929,.T.);
#4307=EDGE_CURVE('',#3349,#3347,#1930,.T.);
#4308=EDGE_CURVE('',#3349,#3350,#1931,.T.);
#4309=EDGE_CURVE('',#3350,#3348,#1932,.T.);
#4310=EDGE_CURVE('',#3351,#3349,#1933,.T.);
#4311=EDGE_CURVE('',#3351,#3352,#1934,.T.);
#4312=EDGE_CURVE('',#3352,#3350,#1935,.T.);
#4313=EDGE_CURVE('',#3353,#3351,#1936,.T.);
#4314=EDGE_CURVE('',#3353,#3354,#1937,.T.);
#4315=EDGE_CURVE('',#3354,#3352,#1938,.T.);
#4316=EDGE_CURVE('',#3355,#3353,#1939,.T.);
#4317=EDGE_CURVE('',#3355,#3356,#1940,.T.);
#4318=EDGE_CURVE('',#3356,#3354,#1941,.T.);
#4319=EDGE_CURVE('',#3357,#3355,#1942,.T.);
#4320=EDGE_CURVE('',#3357,#3358,#1943,.T.);
#4321=EDGE_CURVE('',#3358,#3356,#1944,.T.);
#4322=EDGE_CURVE('',#3359,#3357,#1945,.T.);
#4323=EDGE_CURVE('',#3359,#3360,#1946,.T.);
#4324=EDGE_CURVE('',#3360,#3358,#1947,.T.);
#4325=EDGE_CURVE('',#3338,#3359,#1948,.T.);
#4326=EDGE_CURVE('',#3340,#3360,#1949,.T.);
#4327=EDGE_CURVE('',#2902,#3361,#185,.T.);
#4328=EDGE_CURVE('',#3361,#3362,#1950,.T.);
#4329=EDGE_CURVE('',#3362,#2903,#186,.T.);
#4330=EDGE_CURVE('',#2815,#3362,#187,.T.);
#4331=EDGE_CURVE('',#3362,#3363,#1951,.T.);
#4332=EDGE_CURVE('',#3363,#2816,#188,.T.);
#4333=EDGE_CURVE('',#2815,#2903,#189,.T.);
#4334=EDGE_CURVE('',#2863,#2933,#1952,.T.);
#4335=EDGE_CURVE('',#2933,#3363,#190,.T.);
#4336=EDGE_CURVE('',#3363,#3364,#1953,.T.);
#4337=EDGE_CURVE('',#3364,#2929,#191,.T.);
#4338=EDGE_CURVE('',#2929,#2869,#1954,.T.);
#4339=EDGE_CURVE('',#2926,#3364,#192,.T.);
#4340=EDGE_CURVE('',#3364,#3361,#1955,.T.);
#4341=EDGE_CURVE('',#3361,#2925,#193,.T.);
#4342=EDGE_CURVE('',#2856,#2862,#1956,.T.);
#4343=EDGE_CURVE('',#2861,#2857,#1957,.T.);
#4344=EDGE_CURVE('',#2884,#2927,#1958,.T.);
#4345=EDGE_CURVE('',#2928,#2934,#1959,.T.);
#4346=EDGE_CURVE('',#3365,#2901,#1960,.T.);
#4347=EDGE_CURVE('',#3366,#3365,#194,.T.);
#4348=EDGE_CURVE('',#3367,#3366,#1961,.T.);
#4349=EDGE_CURVE('',#3368,#3367,#195,.T.);
#4350=EDGE_CURVE('',#3369,#3368,#1962,.T.);
#4351=EDGE_CURVE('',#3370,#3369,#1963,.T.);
#4352=EDGE_CURVE('',#3371,#3370,#1964,.T.);
#4353=EDGE_CURVE('',#3372,#3371,#196,.T.);
#4354=EDGE_CURVE('',#3373,#3372,#1965,.T.);
#4355=EDGE_CURVE('',#3374,#3373,#197,.T.);
#4356=EDGE_CURVE('',#3375,#3374,#1966,.T.);
#4357=EDGE_CURVE('',#3375,#2931,#1967,.T.);
#4358=EDGE_CURVE('',#3376,#3376,#198,.T.);
#4359=EDGE_CURVE('',#3377,#3377,#199,.T.);
#4360=EDGE_CURVE('',#3378,#3378,#200,.T.);
#4361=EDGE_CURVE('',#3379,#3379,#201,.T.);
#4362=EDGE_CURVE('',#3380,#3381,#202,.T.);
#4363=EDGE_CURVE('',#3382,#3380,#1968,.T.);
#4364=EDGE_CURVE('',#3381,#3382,#1969,.T.);
#4365=EDGE_CURVE('',#3383,#3384,#203,.T.);
#4366=EDGE_CURVE('',#3385,#3383,#1970,.T.);
#4367=EDGE_CURVE('',#3384,#3385,#1971,.T.);
#4368=EDGE_CURVE('',#2908,#3386,#1972,.T.);
#4369=EDGE_CURVE('',#3386,#2900,#204,.T.);
#4370=EDGE_CURVE('',#3387,#2907,#1973,.T.);
#4371=EDGE_CURVE('',#3386,#3387,#1974,.T.);
#4372=EDGE_CURVE('',#2906,#3388,#1975,.T.);
#4373=EDGE_CURVE('',#3388,#3387,#205,.T.);
#4374=EDGE_CURVE('',#3388,#3375,#1976,.T.);
#4375=EDGE_CURVE('',#3374,#3389,#1977,.T.);
#4376=EDGE_CURVE('',#3390,#3389,#1978,.F.);
#4377=EDGE_CURVE('',#3390,#3365,#1979,.T.);
#4378=EDGE_CURVE('',#2860,#3391,#1980,.T.);
#4379=EDGE_CURVE('',#3392,#3391,#1981,.T.);
#4380=EDGE_CURVE('',#2854,#3392,#1982,.T.);
#4381=EDGE_CURVE('',#2868,#3393,#1983,.T.);
#4382=EDGE_CURVE('',#3391,#3393,#1984,.T.);
#4383=EDGE_CURVE('',#3394,#3395,#1985,.T.);
#4384=EDGE_CURVE('',#3396,#3394,#1986,.T.);
#4385=EDGE_CURVE('',#3397,#3396,#1987,.T.);
#4386=EDGE_CURVE('',#3397,#3398,#1988,.T.);
#4387=EDGE_CURVE('',#3395,#3398,#1989,.T.);
#4388=EDGE_CURVE('',#3398,#3399,#1990,.T.);
#4389=EDGE_CURVE('',#3400,#3397,#1991,.T.);
#4390=EDGE_CURVE('',#3400,#3401,#1992,.T.);
#4391=EDGE_CURVE('',#3402,#3401,#1993,.T.);
#4392=EDGE_CURVE('',#3402,#3399,#1994,.T.);
#4393=EDGE_CURVE('',#3399,#3403,#1995,.T.);
#4394=EDGE_CURVE('',#3402,#3403,#1996,.T.);
#4395=EDGE_CURVE('',#3404,#3401,#1997,.T.);
#4396=EDGE_CURVE('',#3405,#3400,#1998,.T.);
#4397=EDGE_CURVE('',#3405,#3404,#1999,.T.);
#4398=EDGE_CURVE('',#3406,#3394,#2000,.T.);
#4399=EDGE_CURVE('',#3404,#3406,#2001,.T.);
#4400=EDGE_CURVE('',#3396,#3405,#2002,.T.);
#4401=EDGE_CURVE('',#3407,#3403,#2003,.F.);
#4402=EDGE_CURVE('',#3408,#3407,#2004,.F.);
#4403=EDGE_CURVE('',#3408,#3409,#2005,.T.);
#4404=EDGE_CURVE('',#3409,#3390,#206,.T.);
#4405=EDGE_CURVE('',#3389,#3410,#207,.T.);
#4406=EDGE_CURVE('',#3410,#3411,#2006,.F.);
#4407=EDGE_CURVE('',#3395,#3411,#2007,.F.);
#4408=EDGE_CURVE('',#3401,#3412,#2008,.T.);
#4409=EDGE_CURVE('',#3413,#3412,#2009,.T.);
#4410=EDGE_CURVE('',#3413,#3402,#2010,.T.);
#4411=EDGE_CURVE('',#3414,#3413,#2011,.T.);
#4412=EDGE_CURVE('',#3407,#3414,#2012,.T.);
#4413=EDGE_CURVE('',#3415,#3416,#2013,.T.);
#4414=EDGE_CURVE('',#3415,#3417,#2014,.T.);
#4415=EDGE_CURVE('',#3417,#3418,#2015,.T.);
#4416=EDGE_CURVE('',#3416,#3418,#2016,.T.);
#4417=EDGE_CURVE('',#3419,#3415,#2017,.T.);
#4418=EDGE_CURVE('',#3419,#3420,#2018,.T.);
#4419=EDGE_CURVE('',#3420,#3417,#2019,.T.);
#4420=EDGE_CURVE('',#3421,#3419,#2020,.T.);
#4421=EDGE_CURVE('',#3421,#3422,#2021,.T.);
#4422=EDGE_CURVE('',#3422,#3420,#2022,.T.);
#4423=EDGE_CURVE('',#3416,#3421,#2023,.T.);
#4424=EDGE_CURVE('',#3418,#3422,#2024,.T.);
#4425=EDGE_CURVE('',#3423,#3424,#2025,.T.);
#4426=EDGE_CURVE('',#3423,#3425,#2026,.T.);
#4427=EDGE_CURVE('',#3425,#3426,#2027,.T.);
#4428=EDGE_CURVE('',#3424,#3426,#2028,.T.);
#4429=EDGE_CURVE('',#3407,#3423,#2029,.T.);
#4430=EDGE_CURVE('',#3414,#3427,#2030,.T.);
#4431=EDGE_CURVE('',#3427,#3425,#2031,.T.);
#4432=EDGE_CURVE('',#3412,#3427,#2032,.T.);
#4433=EDGE_CURVE('',#3424,#3406,#2033,.T.);
#4434=EDGE_CURVE('',#3426,#3404,#2034,.T.);
#4435=EDGE_CURVE('',#3393,#3428,#2035,.T.);
#4436=EDGE_CURVE('',#3428,#3392,#2036,.T.);
#4437=EDGE_CURVE('',#2874,#3428,#2037,.T.);
#4438=EDGE_CURVE('',#3429,#3430,#2038,.T.);
#4439=EDGE_CURVE('',#3431,#3429,#2039,.T.);
#4440=EDGE_CURVE('',#3432,#3431,#2040,.T.);
#4441=EDGE_CURVE('',#3432,#3430,#2041,.T.);
#4442=EDGE_CURVE('',#3430,#3433,#2042,.T.);
#4443=EDGE_CURVE('',#3434,#3432,#2043,.T.);
#4444=EDGE_CURVE('',#3434,#3433,#2044,.T.);
#4445=EDGE_CURVE('',#3433,#3435,#2045,.T.);
#4446=EDGE_CURVE('',#3436,#3434,#2046,.T.);
#4447=EDGE_CURVE('',#3436,#3435,#2047,.T.);
#4448=EDGE_CURVE('',#3435,#3429,#2048,.T.);
#4449=EDGE_CURVE('',#3431,#3436,#2049,.T.);
#4450=EDGE_CURVE('',#3437,#3438,#2050,.T.);
#4451=EDGE_CURVE('',#3439,#3437,#2051,.T.);
#4452=EDGE_CURVE('',#3440,#3439,#2052,.T.);
#4453=EDGE_CURVE('',#3440,#3438,#2053,.T.);
#4454=EDGE_CURVE('',#3438,#3441,#2054,.T.);
#4455=EDGE_CURVE('',#3442,#3440,#2055,.T.);
#4456=EDGE_CURVE('',#3442,#3441,#2056,.T.);
#4457=EDGE_CURVE('',#3441,#3443,#2057,.T.);
#4458=EDGE_CURVE('',#3444,#3442,#2058,.T.);
#4459=EDGE_CURVE('',#3444,#3443,#2059,.T.);
#4460=EDGE_CURVE('',#3443,#3437,#2060,.T.);
#4461=EDGE_CURVE('',#3439,#3444,#2061,.T.);
#4462=EDGE_CURVE('',#3445,#3446,#2062,.T.);
#4463=EDGE_CURVE('',#3447,#3445,#2063,.T.);
#4464=EDGE_CURVE('',#3448,#3447,#2064,.T.);
#4465=EDGE_CURVE('',#3448,#3446,#2065,.T.);
#4466=EDGE_CURVE('',#3446,#3449,#2066,.T.);
#4467=EDGE_CURVE('',#3450,#3448,#2067,.T.);
#4468=EDGE_CURVE('',#3450,#3449,#2068,.T.);
#4469=EDGE_CURVE('',#3449,#3451,#2069,.T.);
#4470=EDGE_CURVE('',#3452,#3450,#2070,.T.);
#4471=EDGE_CURVE('',#3452,#3451,#2071,.T.);
#4472=EDGE_CURVE('',#3451,#3445,#2072,.T.);
#4473=EDGE_CURVE('',#3447,#3452,#2073,.T.);
#4474=EDGE_CURVE('',#3453,#3454,#2074,.T.);
#4475=EDGE_CURVE('',#3455,#3453,#2075,.T.);
#4476=EDGE_CURVE('',#3456,#3455,#2076,.T.);
#4477=EDGE_CURVE('',#3456,#3454,#2077,.T.);
#4478=EDGE_CURVE('',#3454,#3457,#2078,.T.);
#4479=EDGE_CURVE('',#3458,#3456,#2079,.T.);
#4480=EDGE_CURVE('',#3458,#3457,#2080,.T.);
#4481=EDGE_CURVE('',#3457,#3459,#2081,.T.);
#4482=EDGE_CURVE('',#3460,#3458,#2082,.T.);
#4483=EDGE_CURVE('',#3460,#3459,#2083,.T.);
#4484=EDGE_CURVE('',#3459,#3453,#2084,.T.);
#4485=EDGE_CURVE('',#3455,#3460,#2085,.T.);
#4486=EDGE_CURVE('',#3461,#3461,#208,.T.);
#4487=EDGE_CURVE('',#3462,#3462,#209,.T.);
#4488=EDGE_CURVE('',#3376,#3461,#2086,.T.);
#4489=EDGE_CURVE('',#3462,#3463,#2087,.T.);
#4490=EDGE_CURVE('',#3463,#3463,#210,.T.);
#4491=EDGE_CURVE('',#3464,#3464,#211,.T.);
#4492=EDGE_CURVE('',#3465,#3465,#212,.T.);
#4493=EDGE_CURVE('',#3377,#3464,#2088,.T.);
#4494=EDGE_CURVE('',#3465,#3466,#2089,.T.);
#4495=EDGE_CURVE('',#3466,#3466,#213,.T.);
#4496=EDGE_CURVE('',#3467,#3467,#214,.T.);
#4497=EDGE_CURVE('',#3468,#3468,#215,.T.);
#4498=EDGE_CURVE('',#3378,#3467,#2090,.T.);
#4499=EDGE_CURVE('',#3468,#3469,#2091,.T.);
#4500=EDGE_CURVE('',#3469,#3469,#216,.T.);
#4501=EDGE_CURVE('',#3470,#3470,#217,.T.);
#4502=EDGE_CURVE('',#3471,#3471,#218,.T.);
#4503=EDGE_CURVE('',#3379,#3470,#2092,.T.);
#4504=EDGE_CURVE('',#3471,#3472,#2093,.T.);
#4505=EDGE_CURVE('',#3472,#3472,#219,.T.);
#4506=EDGE_CURVE('',#3473,#3367,#2094,.T.);
#4507=EDGE_CURVE('',#3474,#3473,#1447,.T.);
#4508=EDGE_CURVE('',#3368,#3474,#2095,.T.);
#4509=EDGE_CURVE('',#3475,#3474,#2096,.T.);
#4510=EDGE_CURVE('',#3475,#3476,#2097,.T.);
#4511=EDGE_CURVE('',#3476,#3477,#2098,.T.);
#4512=EDGE_CURVE('',#3369,#3477,#2099,.T.);
#4513=EDGE_CURVE('',#3372,#3478,#2100,.T.);
#4514=EDGE_CURVE('',#3479,#3371,#2101,.T.);
#4515=EDGE_CURVE('',#3478,#3479,#1448,.T.);
#4516=EDGE_CURVE('',#3411,#3478,#2102,.F.);
#4517=EDGE_CURVE('',#3479,#3480,#2103,.F.);
#4518=EDGE_CURVE('',#3475,#3480,#2104,.T.);
#4519=EDGE_CURVE('',#3473,#3408,#2105,.T.);
#4520=EDGE_CURVE('',#3481,#3370,#2106,.F.);
#4521=EDGE_CURVE('',#3481,#3482,#2107,.T.);
#4522=EDGE_CURVE('',#3480,#3482,#2108,.T.);
#4523=EDGE_CURVE('',#3483,#3384,#2109,.T.);
#4524=EDGE_CURVE('',#3484,#3483,#220,.T.);
#4525=EDGE_CURVE('',#3383,#3484,#2110,.T.);
#4526=EDGE_CURVE('',#3410,#3373,#2111,.T.);
#4527=EDGE_CURVE('',#3385,#3485,#2112,.F.);
#4528=EDGE_CURVE('',#3483,#3485,#2113,.F.);
#4529=EDGE_CURVE('',#3485,#3484,#2114,.F.);
#4530=EDGE_CURVE('',#3366,#3409,#2115,.T.);
#4531=EDGE_CURVE('',#3486,#3381,#2116,.T.);
#4532=EDGE_CURVE('',#3487,#3486,#221,.T.);
#4533=EDGE_CURVE('',#3380,#3487,#2117,.T.);
#4534=EDGE_CURVE('',#3477,#3481,#2118,.T.);
#4535=EDGE_CURVE('',#3482,#3476,#2119,.T.);
#4536=EDGE_CURVE('',#3488,#3382,#2120,.T.);
#4537=EDGE_CURVE('',#3486,#3488,#2121,.T.);
#4538=EDGE_CURVE('',#3488,#3487,#2122,.F.);
#4539=ORIENTED_EDGE('',*,*,#3489,.F.);
#4540=ORIENTED_EDGE('',*,*,#3490,.F.);
#4541=ORIENTED_EDGE('',*,*,#3491,.F.);
#4542=ORIENTED_EDGE('',*,*,#3492,.T.);
#4543=ORIENTED_EDGE('',*,*,#3493,.T.);
#4544=ORIENTED_EDGE('',*,*,#3494,.F.);
#4545=ORIENTED_EDGE('',*,*,#3495,.F.);
#4546=ORIENTED_EDGE('',*,*,#3496,.F.);
#4547=ORIENTED_EDGE('',*,*,#3497,.T.);
#4548=ORIENTED_EDGE('',*,*,#3491,.T.);
#4549=ORIENTED_EDGE('',*,*,#3498,.F.);
#4550=ORIENTED_EDGE('',*,*,#3499,.F.);
#4551=ORIENTED_EDGE('',*,*,#3500,.T.);
#4552=ORIENTED_EDGE('',*,*,#3496,.T.);
#4553=ORIENTED_EDGE('',*,*,#3501,.F.);
#4554=ORIENTED_EDGE('',*,*,#3493,.F.);
#4555=ORIENTED_EDGE('',*,*,#3502,.T.);
#4556=ORIENTED_EDGE('',*,*,#3499,.T.);
#4557=ORIENTED_EDGE('',*,*,#3502,.F.);
#4558=ORIENTED_EDGE('',*,*,#3492,.F.);
#4559=ORIENTED_EDGE('',*,*,#3497,.F.);
#4560=ORIENTED_EDGE('',*,*,#3500,.F.);
#4561=ORIENTED_EDGE('',*,*,#3503,.F.);
#4562=ORIENTED_EDGE('',*,*,#3504,.F.);
#4563=ORIENTED_EDGE('',*,*,#3505,.T.);
#4564=ORIENTED_EDGE('',*,*,#3506,.T.);
#4565=ORIENTED_EDGE('',*,*,#3507,.F.);
#4566=ORIENTED_EDGE('',*,*,#3508,.F.);
#4567=ORIENTED_EDGE('',*,*,#3509,.T.);
#4568=ORIENTED_EDGE('',*,*,#3504,.T.);
#4569=ORIENTED_EDGE('',*,*,#3510,.F.);
#4570=ORIENTED_EDGE('',*,*,#3511,.F.);
#4571=ORIENTED_EDGE('',*,*,#3512,.T.);
#4572=ORIENTED_EDGE('',*,*,#3508,.T.);
#4573=ORIENTED_EDGE('',*,*,#3513,.F.);
#4574=ORIENTED_EDGE('',*,*,#3506,.F.);
#4575=ORIENTED_EDGE('',*,*,#3514,.T.);
#4576=ORIENTED_EDGE('',*,*,#3511,.T.);
#4577=ORIENTED_EDGE('',*,*,#3505,.F.);
#4578=ORIENTED_EDGE('',*,*,#3509,.F.);
#4579=ORIENTED_EDGE('',*,*,#3512,.F.);
#4580=ORIENTED_EDGE('',*,*,#3514,.F.);
#4581=ORIENTED_EDGE('',*,*,#3489,.T.);
#4582=ORIENTED_EDGE('',*,*,#3501,.T.);
#4583=ORIENTED_EDGE('',*,*,#3498,.T.);
#4584=ORIENTED_EDGE('',*,*,#3495,.T.);
#4585=ORIENTED_EDGE('',*,*,#3515,.F.);
#4586=ORIENTED_EDGE('',*,*,#3516,.F.);
#4587=ORIENTED_EDGE('',*,*,#3517,.T.);
#4588=ORIENTED_EDGE('',*,*,#3518,.F.);
#4589=ORIENTED_EDGE('',*,*,#3519,.F.);
#4590=ORIENTED_EDGE('',*,*,#3520,.T.);
#4591=ORIENTED_EDGE('',*,*,#3521,.T.);
#4592=ORIENTED_EDGE('',*,*,#3522,.T.);
#4593=ORIENTED_EDGE('',*,*,#3523,.T.);
#4594=ORIENTED_EDGE('',*,*,#3507,.T.);
#4595=ORIENTED_EDGE('',*,*,#3503,.T.);
#4596=ORIENTED_EDGE('',*,*,#3513,.T.);
#4597=ORIENTED_EDGE('',*,*,#3510,.T.);
#4598=ORIENTED_EDGE('',*,*,#3521,.F.);
#4599=ORIENTED_EDGE('',*,*,#3524,.F.);
#4600=ORIENTED_EDGE('',*,*,#3525,.T.);
#4601=ORIENTED_EDGE('',*,*,#3526,.T.);
#4602=ORIENTED_EDGE('',*,*,#3520,.F.);
#4603=ORIENTED_EDGE('',*,*,#3527,.F.);
#4604=ORIENTED_EDGE('',*,*,#3528,.T.);
#4605=ORIENTED_EDGE('',*,*,#3524,.T.);
#4606=ORIENTED_EDGE('',*,*,#3523,.F.);
#4607=ORIENTED_EDGE('',*,*,#3529,.F.);
#4608=ORIENTED_EDGE('',*,*,#3530,.T.);
#4609=ORIENTED_EDGE('',*,*,#3527,.T.);
#4610=ORIENTED_EDGE('',*,*,#3522,.F.);
#4611=ORIENTED_EDGE('',*,*,#3526,.F.);
#4612=ORIENTED_EDGE('',*,*,#3531,.T.);
#4613=ORIENTED_EDGE('',*,*,#3529,.T.);
#4614=ORIENTED_EDGE('',*,*,#3525,.F.);
#4615=ORIENTED_EDGE('',*,*,#3528,.F.);
#4616=ORIENTED_EDGE('',*,*,#3530,.F.);
#4617=ORIENTED_EDGE('',*,*,#3531,.F.);
#4618=ORIENTED_EDGE('',*,*,#3532,.T.);
#4619=ORIENTED_EDGE('',*,*,#3533,.F.);
#4620=ORIENTED_EDGE('',*,*,#3534,.T.);
#4621=ORIENTED_EDGE('',*,*,#3535,.F.);
#4622=ORIENTED_EDGE('',*,*,#3536,.F.);
#4623=ORIENTED_EDGE('',*,*,#3537,.F.);
#4624=ORIENTED_EDGE('',*,*,#3538,.T.);
#4625=ORIENTED_EDGE('',*,*,#3536,.T.);
#4626=ORIENTED_EDGE('',*,*,#3539,.F.);
#4627=ORIENTED_EDGE('',*,*,#3540,.F.);
#4628=ORIENTED_EDGE('',*,*,#3541,.F.);
#4629=ORIENTED_EDGE('',*,*,#3540,.T.);
#4630=ORIENTED_EDGE('',*,*,#3542,.F.);
#4631=ORIENTED_EDGE('',*,*,#3543,.F.);
#4632=ORIENTED_EDGE('',*,*,#3544,.F.);
#4633=ORIENTED_EDGE('',*,*,#3543,.T.);
#4634=ORIENTED_EDGE('',*,*,#3545,.F.);
#4635=ORIENTED_EDGE('',*,*,#3534,.F.);
#4636=ORIENTED_EDGE('',*,*,#3545,.T.);
#4637=ORIENTED_EDGE('',*,*,#3542,.T.);
#4638=ORIENTED_EDGE('',*,*,#3539,.T.);
#4639=ORIENTED_EDGE('',*,*,#3535,.T.);
#4640=ORIENTED_EDGE('',*,*,#3546,.F.);
#4641=ORIENTED_EDGE('',*,*,#3532,.F.);
#4642=ORIENTED_EDGE('',*,*,#3538,.F.);
#4643=ORIENTED_EDGE('',*,*,#3547,.F.);
#4644=ORIENTED_EDGE('',*,*,#3548,.T.);
#4645=ORIENTED_EDGE('',*,*,#3549,.F.);
#4646=ORIENTED_EDGE('',*,*,#3550,.F.);
#4647=ORIENTED_EDGE('',*,*,#3551,.F.);
#4648=ORIENTED_EDGE('',*,*,#3550,.T.);
#4649=ORIENTED_EDGE('',*,*,#3552,.F.);
#4650=ORIENTED_EDGE('',*,*,#3553,.F.);
#4651=ORIENTED_EDGE('',*,*,#3554,.F.);
#4652=ORIENTED_EDGE('',*,*,#3553,.T.);
#4653=ORIENTED_EDGE('',*,*,#3555,.F.);
#4654=ORIENTED_EDGE('',*,*,#3556,.F.);
#4655=ORIENTED_EDGE('',*,*,#3557,.F.);
#4656=ORIENTED_EDGE('',*,*,#3556,.T.);
#4657=ORIENTED_EDGE('',*,*,#3558,.F.);
#4658=ORIENTED_EDGE('',*,*,#3548,.F.);
#4659=ORIENTED_EDGE('',*,*,#3558,.T.);
#4660=ORIENTED_EDGE('',*,*,#3555,.T.);
#4661=ORIENTED_EDGE('',*,*,#3552,.T.);
#4662=ORIENTED_EDGE('',*,*,#3549,.T.);
#4663=ORIENTED_EDGE('',*,*,#3559,.F.);
#4664=ORIENTED_EDGE('',*,*,#3560,.T.);
#4665=ORIENTED_EDGE('',*,*,#3561,.F.);
#4666=ORIENTED_EDGE('',*,*,#3562,.F.);
#4667=ORIENTED_EDGE('',*,*,#3563,.F.);
#4668=ORIENTED_EDGE('',*,*,#3562,.T.);
#4669=ORIENTED_EDGE('',*,*,#3564,.F.);
#4670=ORIENTED_EDGE('',*,*,#3565,.F.);
#4671=ORIENTED_EDGE('',*,*,#3566,.F.);
#4672=ORIENTED_EDGE('',*,*,#3565,.T.);
#4673=ORIENTED_EDGE('',*,*,#3567,.F.);
#4674=ORIENTED_EDGE('',*,*,#3568,.F.);
#4675=ORIENTED_EDGE('',*,*,#3569,.F.);
#4676=ORIENTED_EDGE('',*,*,#3568,.T.);
#4677=ORIENTED_EDGE('',*,*,#3570,.F.);
#4678=ORIENTED_EDGE('',*,*,#3560,.F.);
#4679=ORIENTED_EDGE('',*,*,#3570,.T.);
#4680=ORIENTED_EDGE('',*,*,#3567,.T.);
#4681=ORIENTED_EDGE('',*,*,#3564,.T.);
#4682=ORIENTED_EDGE('',*,*,#3561,.T.);
#4683=ORIENTED_EDGE('',*,*,#3571,.F.);
#4684=ORIENTED_EDGE('',*,*,#3572,.T.);
#4685=ORIENTED_EDGE('',*,*,#3573,.T.);
#4686=ORIENTED_EDGE('',*,*,#3574,.T.);
#4687=ORIENTED_EDGE('',*,*,#3575,.F.);
#4688=ORIENTED_EDGE('',*,*,#3572,.F.);
#4689=ORIENTED_EDGE('',*,*,#3576,.T.);
#4690=ORIENTED_EDGE('',*,*,#3577,.F.);
#4691=ORIENTED_EDGE('',*,*,#3578,.T.);
#4692=ORIENTED_EDGE('',*,*,#3579,.T.);
#4693=ORIENTED_EDGE('',*,*,#3580,.T.);
#4694=ORIENTED_EDGE('',*,*,#3581,.T.);
#4695=ORIENTED_EDGE('',*,*,#3582,.T.);
#4696=ORIENTED_EDGE('',*,*,#3583,.T.);
#4697=ORIENTED_EDGE('',*,*,#3584,.T.);
#4698=ORIENTED_EDGE('',*,*,#3583,.F.);
#4699=ORIENTED_EDGE('',*,*,#3585,.F.);
#4700=ORIENTED_EDGE('',*,*,#3586,.F.);
#4701=ORIENTED_EDGE('',*,*,#3587,.T.);
#4702=ORIENTED_EDGE('',*,*,#3588,.T.);
#4703=ORIENTED_EDGE('',*,*,#3586,.T.);
#4704=ORIENTED_EDGE('',*,*,#3589,.F.);
#4705=ORIENTED_EDGE('',*,*,#3590,.F.);
#4706=ORIENTED_EDGE('',*,*,#3591,.T.);
#4707=ORIENTED_EDGE('',*,*,#3592,.T.);
#4708=ORIENTED_EDGE('',*,*,#3591,.F.);
#4709=ORIENTED_EDGE('',*,*,#3593,.T.);
#4710=ORIENTED_EDGE('',*,*,#3594,.F.);
#4711=ORIENTED_EDGE('',*,*,#3595,.T.);
#4712=ORIENTED_EDGE('',*,*,#3596,.T.);
#4713=ORIENTED_EDGE('',*,*,#3594,.T.);
#4714=ORIENTED_EDGE('',*,*,#3597,.T.);
#4715=ORIENTED_EDGE('',*,*,#3577,.T.);
#4716=ORIENTED_EDGE('',*,*,#3598,.T.);
#4717=ORIENTED_EDGE('',*,*,#3599,.T.);
#4718=ORIENTED_EDGE('',*,*,#3600,.T.);
#4719=ORIENTED_EDGE('',*,*,#3601,.T.);
#4720=ORIENTED_EDGE('',*,*,#3602,.T.);
#4721=ORIENTED_EDGE('',*,*,#3603,.T.);
#4722=ORIENTED_EDGE('',*,*,#3604,.T.);
#4723=ORIENTED_EDGE('',*,*,#3601,.F.);
#4724=ORIENTED_EDGE('',*,*,#3605,.T.);
#4725=ORIENTED_EDGE('',*,*,#3606,.T.);
#4726=ORIENTED_EDGE('',*,*,#3607,.T.);
#4727=ORIENTED_EDGE('',*,*,#3603,.F.);
#4728=ORIENTED_EDGE('',*,*,#3608,.T.);
#4729=ORIENTED_EDGE('',*,*,#3602,.F.);
#4730=ORIENTED_EDGE('',*,*,#3609,.T.);
#4731=ORIENTED_EDGE('',*,*,#3610,.T.);
#4732=ORIENTED_EDGE('',*,*,#3611,.F.);
#4733=ORIENTED_EDGE('',*,*,#3612,.F.);
#4734=ORIENTED_EDGE('',*,*,#3604,.F.);
#4735=ORIENTED_EDGE('',*,*,#3613,.T.);
#4736=ORIENTED_EDGE('',*,*,#3614,.T.);
#4737=ORIENTED_EDGE('',*,*,#3609,.F.);
#4738=ORIENTED_EDGE('',*,*,#3607,.F.);
#4739=ORIENTED_EDGE('',*,*,#3615,.F.);
#4740=ORIENTED_EDGE('',*,*,#3616,.T.);
#4741=ORIENTED_EDGE('',*,*,#3617,.T.);
#4742=ORIENTED_EDGE('',*,*,#3613,.F.);
#4743=ORIENTED_EDGE('',*,*,#3606,.F.);
#4744=ORIENTED_EDGE('',*,*,#3618,.T.);
#4745=ORIENTED_EDGE('',*,*,#3619,.T.);
#4746=ORIENTED_EDGE('',*,*,#3518,.T.);
#4747=ORIENTED_EDGE('',*,*,#3620,.T.);
#4748=ORIENTED_EDGE('',*,*,#3621,.T.);
#4749=ORIENTED_EDGE('',*,*,#3615,.T.);
#4750=ORIENTED_EDGE('',*,*,#3622,.T.);
#4751=ORIENTED_EDGE('',*,*,#3623,.T.);
#4752=ORIENTED_EDGE('',*,*,#3624,.T.);
#4753=ORIENTED_EDGE('',*,*,#3625,.T.);
#4754=ORIENTED_EDGE('',*,*,#3626,.T.);
#4755=ORIENTED_EDGE('',*,*,#3627,.T.);
#4756=ORIENTED_EDGE('',*,*,#3624,.F.);
#4757=ORIENTED_EDGE('',*,*,#3628,.T.);
#4758=ORIENTED_EDGE('',*,*,#3599,.F.);
#4759=ORIENTED_EDGE('',*,*,#3612,.T.);
#4760=ORIENTED_EDGE('',*,*,#3629,.T.);
#4761=ORIENTED_EDGE('',*,*,#3630,.T.);
#4762=ORIENTED_EDGE('',*,*,#3631,.T.);
#4763=ORIENTED_EDGE('',*,*,#3626,.F.);
#4764=ORIENTED_EDGE('',*,*,#3632,.T.);
#4765=ORIENTED_EDGE('',*,*,#3622,.F.);
#4766=ORIENTED_EDGE('',*,*,#3633,.F.);
#4767=ORIENTED_EDGE('',*,*,#3634,.F.);
#4768=ORIENTED_EDGE('',*,*,#3635,.F.);
#4769=ORIENTED_EDGE('',*,*,#3636,.F.);
#4770=ORIENTED_EDGE('',*,*,#3625,.F.);
#4771=ORIENTED_EDGE('',*,*,#3637,.F.);
#4772=ORIENTED_EDGE('',*,*,#3638,.F.);
#4773=ORIENTED_EDGE('',*,*,#3639,.F.);
#4774=ORIENTED_EDGE('',*,*,#3640,.F.);
#4775=ORIENTED_EDGE('',*,*,#3641,.T.);
#4776=ORIENTED_EDGE('',*,*,#3642,.F.);
#4777=ORIENTED_EDGE('',*,*,#3643,.T.);
#4778=ORIENTED_EDGE('',*,*,#3644,.F.);
#4779=ORIENTED_EDGE('',*,*,#3633,.T.);
#4780=ORIENTED_EDGE('',*,*,#3645,.T.);
#4781=ORIENTED_EDGE('',*,*,#3646,.T.);
#4782=ORIENTED_EDGE('',*,*,#3647,.T.);
#4783=ORIENTED_EDGE('',*,*,#3648,.T.);
#4784=ORIENTED_EDGE('',*,*,#3649,.T.);
#4785=ORIENTED_EDGE('',*,*,#3650,.T.);
#4786=ORIENTED_EDGE('',*,*,#3651,.T.);
#4787=ORIENTED_EDGE('',*,*,#3652,.T.);
#4788=ORIENTED_EDGE('',*,*,#3653,.T.);
#4789=ORIENTED_EDGE('',*,*,#3654,.T.);
#4790=ORIENTED_EDGE('',*,*,#3655,.T.);
#4791=ORIENTED_EDGE('',*,*,#3656,.T.);
#4792=ORIENTED_EDGE('',*,*,#3657,.T.);
#4793=ORIENTED_EDGE('',*,*,#3658,.T.);
#4794=ORIENTED_EDGE('',*,*,#3659,.T.);
#4795=ORIENTED_EDGE('',*,*,#3660,.T.);
#4796=ORIENTED_EDGE('',*,*,#3627,.F.);
#4797=ORIENTED_EDGE('',*,*,#3661,.T.);
#4798=ORIENTED_EDGE('',*,*,#3546,.T.);
#4799=ORIENTED_EDGE('',*,*,#3662,.T.);
#4800=ORIENTED_EDGE('',*,*,#3663,.F.);
#4801=ORIENTED_EDGE('',*,*,#3637,.T.);
#4802=ORIENTED_EDGE('',*,*,#3533,.T.);
#4803=ORIENTED_EDGE('',*,*,#3661,.F.);
#4804=ORIENTED_EDGE('',*,*,#3631,.F.);
#4805=ORIENTED_EDGE('',*,*,#3664,.T.);
#4806=ORIENTED_EDGE('',*,*,#3665,.F.);
#4807=ORIENTED_EDGE('',*,*,#3662,.F.);
#4808=ORIENTED_EDGE('',*,*,#3537,.T.);
#4809=ORIENTED_EDGE('',*,*,#3541,.T.);
#4810=ORIENTED_EDGE('',*,*,#3544,.T.);
#4811=ORIENTED_EDGE('',*,*,#3547,.T.);
#4812=ORIENTED_EDGE('',*,*,#3551,.T.);
#4813=ORIENTED_EDGE('',*,*,#3554,.T.);
#4814=ORIENTED_EDGE('',*,*,#3557,.T.);
#4815=ORIENTED_EDGE('',*,*,#3559,.T.);
#4816=ORIENTED_EDGE('',*,*,#3563,.T.);
#4817=ORIENTED_EDGE('',*,*,#3566,.T.);
#4818=ORIENTED_EDGE('',*,*,#3569,.T.);
#4819=ORIENTED_EDGE('',*,*,#3630,.F.);
#4820=ORIENTED_EDGE('',*,*,#3666,.T.);
#4821=ORIENTED_EDGE('',*,*,#3667,.T.);
#4822=ORIENTED_EDGE('',*,*,#3668,.T.);
#4823=ORIENTED_EDGE('',*,*,#3669,.F.);
#4824=ORIENTED_EDGE('',*,*,#3664,.F.);
#4825=ORIENTED_EDGE('',*,*,#3670,.T.);
#4826=ORIENTED_EDGE('',*,*,#3671,.T.);
#4827=ORIENTED_EDGE('',*,*,#3619,.F.);
#4828=ORIENTED_EDGE('',*,*,#3672,.T.);
#4829=ORIENTED_EDGE('',*,*,#3673,.T.);
#4830=ORIENTED_EDGE('',*,*,#3640,.T.);
#4831=ORIENTED_EDGE('',*,*,#3670,.F.);
#4832=ORIENTED_EDGE('',*,*,#3674,.T.);
#4833=ORIENTED_EDGE('',*,*,#3621,.F.);
#4834=ORIENTED_EDGE('',*,*,#3675,.T.);
#4835=ORIENTED_EDGE('',*,*,#3676,.T.);
#4836=ORIENTED_EDGE('',*,*,#3616,.F.);
#4837=ORIENTED_EDGE('',*,*,#3620,.F.);
#4838=ORIENTED_EDGE('',*,*,#3517,.F.);
#4839=ORIENTED_EDGE('',*,*,#3677,.F.);
#4840=ORIENTED_EDGE('',*,*,#3678,.T.);
#4841=ORIENTED_EDGE('',*,*,#3679,.T.);
#4842=ORIENTED_EDGE('',*,*,#3675,.F.);
#4843=ORIENTED_EDGE('',*,*,#3680,.F.);
#4844=ORIENTED_EDGE('',*,*,#3681,.F.);
#4845=ORIENTED_EDGE('',*,*,#3659,.F.);
#4846=ORIENTED_EDGE('',*,*,#3682,.T.);
#4847=ORIENTED_EDGE('',*,*,#3683,.F.);
#4848=ORIENTED_EDGE('',*,*,#3682,.F.);
#4849=ORIENTED_EDGE('',*,*,#3658,.F.);
#4850=ORIENTED_EDGE('',*,*,#3684,.T.);
#4851=ORIENTED_EDGE('',*,*,#3685,.F.);
#4852=ORIENTED_EDGE('',*,*,#3684,.F.);
#4853=ORIENTED_EDGE('',*,*,#3657,.F.);
#4854=ORIENTED_EDGE('',*,*,#3686,.T.);
#4855=ORIENTED_EDGE('',*,*,#3687,.F.);
#4856=ORIENTED_EDGE('',*,*,#3686,.F.);
#4857=ORIENTED_EDGE('',*,*,#3660,.F.);
#4858=ORIENTED_EDGE('',*,*,#3681,.T.);
#4859=ORIENTED_EDGE('',*,*,#3688,.F.);
#4860=ORIENTED_EDGE('',*,*,#3689,.F.);
#4861=ORIENTED_EDGE('',*,*,#3655,.F.);
#4862=ORIENTED_EDGE('',*,*,#3690,.T.);
#4863=ORIENTED_EDGE('',*,*,#3691,.F.);
#4864=ORIENTED_EDGE('',*,*,#3690,.F.);
#4865=ORIENTED_EDGE('',*,*,#3654,.F.);
#4866=ORIENTED_EDGE('',*,*,#3692,.T.);
#4867=ORIENTED_EDGE('',*,*,#3693,.F.);
#4868=ORIENTED_EDGE('',*,*,#3692,.F.);
#4869=ORIENTED_EDGE('',*,*,#3653,.F.);
#4870=ORIENTED_EDGE('',*,*,#3694,.T.);
#4871=ORIENTED_EDGE('',*,*,#3695,.F.);
#4872=ORIENTED_EDGE('',*,*,#3694,.F.);
#4873=ORIENTED_EDGE('',*,*,#3656,.F.);
#4874=ORIENTED_EDGE('',*,*,#3689,.T.);
#4875=ORIENTED_EDGE('',*,*,#3696,.F.);
#4876=ORIENTED_EDGE('',*,*,#3697,.F.);
#4877=ORIENTED_EDGE('',*,*,#3651,.F.);
#4878=ORIENTED_EDGE('',*,*,#3698,.T.);
#4879=ORIENTED_EDGE('',*,*,#3699,.F.);
#4880=ORIENTED_EDGE('',*,*,#3698,.F.);
#4881=ORIENTED_EDGE('',*,*,#3650,.F.);
#4882=ORIENTED_EDGE('',*,*,#3700,.T.);
#4883=ORIENTED_EDGE('',*,*,#3701,.F.);
#4884=ORIENTED_EDGE('',*,*,#3700,.F.);
#4885=ORIENTED_EDGE('',*,*,#3649,.F.);
#4886=ORIENTED_EDGE('',*,*,#3702,.T.);
#4887=ORIENTED_EDGE('',*,*,#3703,.F.);
#4888=ORIENTED_EDGE('',*,*,#3702,.F.);
#4889=ORIENTED_EDGE('',*,*,#3652,.F.);
#4890=ORIENTED_EDGE('',*,*,#3697,.T.);
#4891=ORIENTED_EDGE('',*,*,#3704,.F.);
#4892=ORIENTED_EDGE('',*,*,#3705,.F.);
#4893=ORIENTED_EDGE('',*,*,#3647,.F.);
#4894=ORIENTED_EDGE('',*,*,#3706,.T.);
#4895=ORIENTED_EDGE('',*,*,#3707,.F.);
#4896=ORIENTED_EDGE('',*,*,#3706,.F.);
#4897=ORIENTED_EDGE('',*,*,#3646,.F.);
#4898=ORIENTED_EDGE('',*,*,#3708,.T.);
#4899=ORIENTED_EDGE('',*,*,#3709,.F.);
#4900=ORIENTED_EDGE('',*,*,#3708,.F.);
#4901=ORIENTED_EDGE('',*,*,#3645,.F.);
#4902=ORIENTED_EDGE('',*,*,#3710,.T.);
#4903=ORIENTED_EDGE('',*,*,#3711,.F.);
#4904=ORIENTED_EDGE('',*,*,#3710,.F.);
#4905=ORIENTED_EDGE('',*,*,#3648,.F.);
#4906=ORIENTED_EDGE('',*,*,#3705,.T.);
#4907=ORIENTED_EDGE('',*,*,#3712,.F.);
#4908=ORIENTED_EDGE('',*,*,#3713,.T.);
#4909=ORIENTED_EDGE('',*,*,#3714,.T.);
#4910=ORIENTED_EDGE('',*,*,#3715,.F.);
#4911=ORIENTED_EDGE('',*,*,#3716,.F.);
#4912=ORIENTED_EDGE('',*,*,#3717,.T.);
#4913=ORIENTED_EDGE('',*,*,#3718,.T.);
#4914=ORIENTED_EDGE('',*,*,#3713,.F.);
#4915=ORIENTED_EDGE('',*,*,#3719,.F.);
#4916=ORIENTED_EDGE('',*,*,#3720,.T.);
#4917=ORIENTED_EDGE('',*,*,#3721,.T.);
#4918=ORIENTED_EDGE('',*,*,#3717,.F.);
#4919=ORIENTED_EDGE('',*,*,#3722,.F.);
#4920=ORIENTED_EDGE('',*,*,#3715,.T.);
#4921=ORIENTED_EDGE('',*,*,#3723,.T.);
#4922=ORIENTED_EDGE('',*,*,#3720,.F.);
#4923=ORIENTED_EDGE('',*,*,#3723,.F.);
#4924=ORIENTED_EDGE('',*,*,#3714,.F.);
#4925=ORIENTED_EDGE('',*,*,#3718,.F.);
#4926=ORIENTED_EDGE('',*,*,#3721,.F.);
#4927=ORIENTED_EDGE('',*,*,#3724,.F.);
#4928=ORIENTED_EDGE('',*,*,#3725,.T.);
#4929=ORIENTED_EDGE('',*,*,#3726,.T.);
#4930=ORIENTED_EDGE('',*,*,#3727,.F.);
#4931=ORIENTED_EDGE('',*,*,#3728,.F.);
#4932=ORIENTED_EDGE('',*,*,#3729,.T.);
#4933=ORIENTED_EDGE('',*,*,#3730,.T.);
#4934=ORIENTED_EDGE('',*,*,#3725,.F.);
#4935=ORIENTED_EDGE('',*,*,#3731,.F.);
#4936=ORIENTED_EDGE('',*,*,#3732,.T.);
#4937=ORIENTED_EDGE('',*,*,#3733,.T.);
#4938=ORIENTED_EDGE('',*,*,#3729,.F.);
#4939=ORIENTED_EDGE('',*,*,#3734,.F.);
#4940=ORIENTED_EDGE('',*,*,#3735,.T.);
#4941=ORIENTED_EDGE('',*,*,#3736,.T.);
#4942=ORIENTED_EDGE('',*,*,#3732,.F.);
#4943=ORIENTED_EDGE('',*,*,#3737,.F.);
#4944=ORIENTED_EDGE('',*,*,#3727,.T.);
#4945=ORIENTED_EDGE('',*,*,#3738,.T.);
#4946=ORIENTED_EDGE('',*,*,#3735,.F.);
#4947=ORIENTED_EDGE('',*,*,#3739,.F.);
#4948=ORIENTED_EDGE('',*,*,#3740,.T.);
#4949=ORIENTED_EDGE('',*,*,#3741,.T.);
#4950=ORIENTED_EDGE('',*,*,#3742,.F.);
#4951=ORIENTED_EDGE('',*,*,#3743,.F.);
#4952=ORIENTED_EDGE('',*,*,#3744,.T.);
#4953=ORIENTED_EDGE('',*,*,#3745,.T.);
#4954=ORIENTED_EDGE('',*,*,#3740,.F.);
#4955=ORIENTED_EDGE('',*,*,#3746,.F.);
#4956=ORIENTED_EDGE('',*,*,#3747,.T.);
#4957=ORIENTED_EDGE('',*,*,#3748,.T.);
#4958=ORIENTED_EDGE('',*,*,#3744,.F.);
#4959=ORIENTED_EDGE('',*,*,#3749,.F.);
#4960=ORIENTED_EDGE('',*,*,#3750,.T.);
#4961=ORIENTED_EDGE('',*,*,#3751,.T.);
#4962=ORIENTED_EDGE('',*,*,#3747,.F.);
#4963=ORIENTED_EDGE('',*,*,#3752,.F.);
#4964=ORIENTED_EDGE('',*,*,#3753,.T.);
#4965=ORIENTED_EDGE('',*,*,#3754,.T.);
#4966=ORIENTED_EDGE('',*,*,#3750,.F.);
#4967=ORIENTED_EDGE('',*,*,#3755,.F.);
#4968=ORIENTED_EDGE('',*,*,#3756,.T.);
#4969=ORIENTED_EDGE('',*,*,#3757,.T.);
#4970=ORIENTED_EDGE('',*,*,#3753,.F.);
#4971=ORIENTED_EDGE('',*,*,#3758,.F.);
#4972=ORIENTED_EDGE('',*,*,#3759,.T.);
#4973=ORIENTED_EDGE('',*,*,#3760,.T.);
#4974=ORIENTED_EDGE('',*,*,#3756,.F.);
#4975=ORIENTED_EDGE('',*,*,#3761,.F.);
#4976=ORIENTED_EDGE('',*,*,#3762,.T.);
#4977=ORIENTED_EDGE('',*,*,#3763,.T.);
#4978=ORIENTED_EDGE('',*,*,#3759,.F.);
#4979=ORIENTED_EDGE('',*,*,#3764,.F.);
#4980=ORIENTED_EDGE('',*,*,#3765,.T.);
#4981=ORIENTED_EDGE('',*,*,#3766,.T.);
#4982=ORIENTED_EDGE('',*,*,#3762,.F.);
#4983=ORIENTED_EDGE('',*,*,#3767,.F.);
#4984=ORIENTED_EDGE('',*,*,#3768,.T.);
#4985=ORIENTED_EDGE('',*,*,#3769,.T.);
#4986=ORIENTED_EDGE('',*,*,#3765,.F.);
#4987=ORIENTED_EDGE('',*,*,#3770,.F.);
#4988=ORIENTED_EDGE('',*,*,#3771,.T.);
#4989=ORIENTED_EDGE('',*,*,#3772,.T.);
#4990=ORIENTED_EDGE('',*,*,#3768,.F.);
#4991=ORIENTED_EDGE('',*,*,#3773,.F.);
#4992=ORIENTED_EDGE('',*,*,#3774,.T.);
#4993=ORIENTED_EDGE('',*,*,#3775,.T.);
#4994=ORIENTED_EDGE('',*,*,#3771,.F.);
#4995=ORIENTED_EDGE('',*,*,#3776,.F.);
#4996=ORIENTED_EDGE('',*,*,#3777,.T.);
#4997=ORIENTED_EDGE('',*,*,#3778,.T.);
#4998=ORIENTED_EDGE('',*,*,#3774,.F.);
#4999=ORIENTED_EDGE('',*,*,#3779,.F.);
#5000=ORIENTED_EDGE('',*,*,#3780,.T.);
#5001=ORIENTED_EDGE('',*,*,#3781,.T.);
#5002=ORIENTED_EDGE('',*,*,#3777,.F.);
#5003=ORIENTED_EDGE('',*,*,#3782,.F.);
#5004=ORIENTED_EDGE('',*,*,#3783,.T.);
#5005=ORIENTED_EDGE('',*,*,#3784,.T.);
#5006=ORIENTED_EDGE('',*,*,#3780,.F.);
#5007=ORIENTED_EDGE('',*,*,#3785,.F.);
#5008=ORIENTED_EDGE('',*,*,#3786,.T.);
#5009=ORIENTED_EDGE('',*,*,#3787,.T.);
#5010=ORIENTED_EDGE('',*,*,#3783,.F.);
#5011=ORIENTED_EDGE('',*,*,#3788,.F.);
#5012=ORIENTED_EDGE('',*,*,#3789,.T.);
#5013=ORIENTED_EDGE('',*,*,#3790,.T.);
#5014=ORIENTED_EDGE('',*,*,#3786,.F.);
#5015=ORIENTED_EDGE('',*,*,#3791,.F.);
#5016=ORIENTED_EDGE('',*,*,#3742,.T.);
#5017=ORIENTED_EDGE('',*,*,#3792,.T.);
#5018=ORIENTED_EDGE('',*,*,#3789,.F.);
#5019=ORIENTED_EDGE('',*,*,#3792,.F.);
#5020=ORIENTED_EDGE('',*,*,#3741,.F.);
#5021=ORIENTED_EDGE('',*,*,#3745,.F.);
#5022=ORIENTED_EDGE('',*,*,#3748,.F.);
#5023=ORIENTED_EDGE('',*,*,#3751,.F.);
#5024=ORIENTED_EDGE('',*,*,#3754,.F.);
#5025=ORIENTED_EDGE('',*,*,#3757,.F.);
#5026=ORIENTED_EDGE('',*,*,#3760,.F.);
#5027=ORIENTED_EDGE('',*,*,#3763,.F.);
#5028=ORIENTED_EDGE('',*,*,#3766,.F.);
#5029=ORIENTED_EDGE('',*,*,#3769,.F.);
#5030=ORIENTED_EDGE('',*,*,#3772,.F.);
#5031=ORIENTED_EDGE('',*,*,#3775,.F.);
#5032=ORIENTED_EDGE('',*,*,#3778,.F.);
#5033=ORIENTED_EDGE('',*,*,#3781,.F.);
#5034=ORIENTED_EDGE('',*,*,#3784,.F.);
#5035=ORIENTED_EDGE('',*,*,#3787,.F.);
#5036=ORIENTED_EDGE('',*,*,#3790,.F.);
#5037=ORIENTED_EDGE('',*,*,#3738,.F.);
#5038=ORIENTED_EDGE('',*,*,#3726,.F.);
#5039=ORIENTED_EDGE('',*,*,#3730,.F.);
#5040=ORIENTED_EDGE('',*,*,#3733,.F.);
#5041=ORIENTED_EDGE('',*,*,#3736,.F.);
#5042=ORIENTED_EDGE('',*,*,#3793,.F.);
#5043=ORIENTED_EDGE('',*,*,#3794,.T.);
#5044=ORIENTED_EDGE('',*,*,#3795,.T.);
#5045=ORIENTED_EDGE('',*,*,#3796,.F.);
#5046=ORIENTED_EDGE('',*,*,#3797,.F.);
#5047=ORIENTED_EDGE('',*,*,#3798,.T.);
#5048=ORIENTED_EDGE('',*,*,#3799,.T.);
#5049=ORIENTED_EDGE('',*,*,#3794,.F.);
#5050=ORIENTED_EDGE('',*,*,#3800,.F.);
#5051=ORIENTED_EDGE('',*,*,#3801,.T.);
#5052=ORIENTED_EDGE('',*,*,#3802,.T.);
#5053=ORIENTED_EDGE('',*,*,#3798,.F.);
#5054=ORIENTED_EDGE('',*,*,#3803,.F.);
#5055=ORIENTED_EDGE('',*,*,#3804,.T.);
#5056=ORIENTED_EDGE('',*,*,#3805,.T.);
#5057=ORIENTED_EDGE('',*,*,#3801,.F.);
#5058=ORIENTED_EDGE('',*,*,#3806,.F.);
#5059=ORIENTED_EDGE('',*,*,#3807,.T.);
#5060=ORIENTED_EDGE('',*,*,#3808,.T.);
#5061=ORIENTED_EDGE('',*,*,#3804,.F.);
#5062=ORIENTED_EDGE('',*,*,#3809,.F.);
#5063=ORIENTED_EDGE('',*,*,#3810,.T.);
#5064=ORIENTED_EDGE('',*,*,#3811,.T.);
#5065=ORIENTED_EDGE('',*,*,#3807,.F.);
#5066=ORIENTED_EDGE('',*,*,#3812,.F.);
#5067=ORIENTED_EDGE('',*,*,#3813,.T.);
#5068=ORIENTED_EDGE('',*,*,#3814,.T.);
#5069=ORIENTED_EDGE('',*,*,#3810,.F.);
#5070=ORIENTED_EDGE('',*,*,#3815,.F.);
#5071=ORIENTED_EDGE('',*,*,#3816,.T.);
#5072=ORIENTED_EDGE('',*,*,#3817,.T.);
#5073=ORIENTED_EDGE('',*,*,#3813,.F.);
#5074=ORIENTED_EDGE('',*,*,#3818,.F.);
#5075=ORIENTED_EDGE('',*,*,#3819,.T.);
#5076=ORIENTED_EDGE('',*,*,#3820,.T.);
#5077=ORIENTED_EDGE('',*,*,#3816,.F.);
#5078=ORIENTED_EDGE('',*,*,#3821,.F.);
#5079=ORIENTED_EDGE('',*,*,#3822,.T.);
#5080=ORIENTED_EDGE('',*,*,#3823,.T.);
#5081=ORIENTED_EDGE('',*,*,#3819,.F.);
#5082=ORIENTED_EDGE('',*,*,#3824,.F.);
#5083=ORIENTED_EDGE('',*,*,#3825,.T.);
#5084=ORIENTED_EDGE('',*,*,#3826,.T.);
#5085=ORIENTED_EDGE('',*,*,#3822,.F.);
#5086=ORIENTED_EDGE('',*,*,#3827,.F.);
#5087=ORIENTED_EDGE('',*,*,#3828,.T.);
#5088=ORIENTED_EDGE('',*,*,#3829,.T.);
#5089=ORIENTED_EDGE('',*,*,#3825,.F.);
#5090=ORIENTED_EDGE('',*,*,#3830,.F.);
#5091=ORIENTED_EDGE('',*,*,#3831,.T.);
#5092=ORIENTED_EDGE('',*,*,#3832,.T.);
#5093=ORIENTED_EDGE('',*,*,#3828,.F.);
#5094=ORIENTED_EDGE('',*,*,#3833,.F.);
#5095=ORIENTED_EDGE('',*,*,#3834,.T.);
#5096=ORIENTED_EDGE('',*,*,#3835,.T.);
#5097=ORIENTED_EDGE('',*,*,#3831,.F.);
#5098=ORIENTED_EDGE('',*,*,#3836,.F.);
#5099=ORIENTED_EDGE('',*,*,#3837,.T.);
#5100=ORIENTED_EDGE('',*,*,#3838,.T.);
#5101=ORIENTED_EDGE('',*,*,#3834,.F.);
#5102=ORIENTED_EDGE('',*,*,#3839,.F.);
#5103=ORIENTED_EDGE('',*,*,#3840,.T.);
#5104=ORIENTED_EDGE('',*,*,#3841,.T.);
#5105=ORIENTED_EDGE('',*,*,#3837,.F.);
#5106=ORIENTED_EDGE('',*,*,#3842,.F.);
#5107=ORIENTED_EDGE('',*,*,#3843,.T.);
#5108=ORIENTED_EDGE('',*,*,#3844,.T.);
#5109=ORIENTED_EDGE('',*,*,#3840,.F.);
#5110=ORIENTED_EDGE('',*,*,#3845,.F.);
#5111=ORIENTED_EDGE('',*,*,#3846,.T.);
#5112=ORIENTED_EDGE('',*,*,#3847,.T.);
#5113=ORIENTED_EDGE('',*,*,#3843,.F.);
#5114=ORIENTED_EDGE('',*,*,#3848,.F.);
#5115=ORIENTED_EDGE('',*,*,#3849,.T.);
#5116=ORIENTED_EDGE('',*,*,#3850,.T.);
#5117=ORIENTED_EDGE('',*,*,#3846,.F.);
#5118=ORIENTED_EDGE('',*,*,#3851,.F.);
#5119=ORIENTED_EDGE('',*,*,#3852,.T.);
#5120=ORIENTED_EDGE('',*,*,#3853,.T.);
#5121=ORIENTED_EDGE('',*,*,#3849,.F.);
#5122=ORIENTED_EDGE('',*,*,#3854,.F.);
#5123=ORIENTED_EDGE('',*,*,#3855,.T.);
#5124=ORIENTED_EDGE('',*,*,#3856,.T.);
#5125=ORIENTED_EDGE('',*,*,#3852,.F.);
#5126=ORIENTED_EDGE('',*,*,#3857,.F.);
#5127=ORIENTED_EDGE('',*,*,#3858,.T.);
#5128=ORIENTED_EDGE('',*,*,#3859,.T.);
#5129=ORIENTED_EDGE('',*,*,#3855,.F.);
#5130=ORIENTED_EDGE('',*,*,#3860,.F.);
#5131=ORIENTED_EDGE('',*,*,#3861,.T.);
#5132=ORIENTED_EDGE('',*,*,#3862,.T.);
#5133=ORIENTED_EDGE('',*,*,#3858,.F.);
#5134=ORIENTED_EDGE('',*,*,#3863,.F.);
#5135=ORIENTED_EDGE('',*,*,#3864,.T.);
#5136=ORIENTED_EDGE('',*,*,#3865,.T.);
#5137=ORIENTED_EDGE('',*,*,#3861,.F.);
#5138=ORIENTED_EDGE('',*,*,#3866,.F.);
#5139=ORIENTED_EDGE('',*,*,#3867,.T.);
#5140=ORIENTED_EDGE('',*,*,#3868,.T.);
#5141=ORIENTED_EDGE('',*,*,#3864,.F.);
#5142=ORIENTED_EDGE('',*,*,#3869,.F.);
#5143=ORIENTED_EDGE('',*,*,#3870,.T.);
#5144=ORIENTED_EDGE('',*,*,#3871,.T.);
#5145=ORIENTED_EDGE('',*,*,#3867,.F.);
#5146=ORIENTED_EDGE('',*,*,#3872,.F.);
#5147=ORIENTED_EDGE('',*,*,#3873,.T.);
#5148=ORIENTED_EDGE('',*,*,#3874,.T.);
#5149=ORIENTED_EDGE('',*,*,#3870,.F.);
#5150=ORIENTED_EDGE('',*,*,#3875,.F.);
#5151=ORIENTED_EDGE('',*,*,#3876,.T.);
#5152=ORIENTED_EDGE('',*,*,#3877,.T.);
#5153=ORIENTED_EDGE('',*,*,#3873,.F.);
#5154=ORIENTED_EDGE('',*,*,#3878,.F.);
#5155=ORIENTED_EDGE('',*,*,#3879,.T.);
#5156=ORIENTED_EDGE('',*,*,#3880,.T.);
#5157=ORIENTED_EDGE('',*,*,#3876,.F.);
#5158=ORIENTED_EDGE('',*,*,#3881,.F.);
#5159=ORIENTED_EDGE('',*,*,#3796,.T.);
#5160=ORIENTED_EDGE('',*,*,#3882,.T.);
#5161=ORIENTED_EDGE('',*,*,#3879,.F.);
#5162=ORIENTED_EDGE('',*,*,#3882,.F.);
#5163=ORIENTED_EDGE('',*,*,#3795,.F.);
#5164=ORIENTED_EDGE('',*,*,#3799,.F.);
#5165=ORIENTED_EDGE('',*,*,#3802,.F.);
#5166=ORIENTED_EDGE('',*,*,#3805,.F.);
#5167=ORIENTED_EDGE('',*,*,#3808,.F.);
#5168=ORIENTED_EDGE('',*,*,#3811,.F.);
#5169=ORIENTED_EDGE('',*,*,#3814,.F.);
#5170=ORIENTED_EDGE('',*,*,#3817,.F.);
#5171=ORIENTED_EDGE('',*,*,#3820,.F.);
#5172=ORIENTED_EDGE('',*,*,#3823,.F.);
#5173=ORIENTED_EDGE('',*,*,#3826,.F.);
#5174=ORIENTED_EDGE('',*,*,#3829,.F.);
#5175=ORIENTED_EDGE('',*,*,#3832,.F.);
#5176=ORIENTED_EDGE('',*,*,#3835,.F.);
#5177=ORIENTED_EDGE('',*,*,#3838,.F.);
#5178=ORIENTED_EDGE('',*,*,#3841,.F.);
#5179=ORIENTED_EDGE('',*,*,#3844,.F.);
#5180=ORIENTED_EDGE('',*,*,#3847,.F.);
#5181=ORIENTED_EDGE('',*,*,#3850,.F.);
#5182=ORIENTED_EDGE('',*,*,#3853,.F.);
#5183=ORIENTED_EDGE('',*,*,#3856,.F.);
#5184=ORIENTED_EDGE('',*,*,#3859,.F.);
#5185=ORIENTED_EDGE('',*,*,#3862,.F.);
#5186=ORIENTED_EDGE('',*,*,#3865,.F.);
#5187=ORIENTED_EDGE('',*,*,#3868,.F.);
#5188=ORIENTED_EDGE('',*,*,#3871,.F.);
#5189=ORIENTED_EDGE('',*,*,#3874,.F.);
#5190=ORIENTED_EDGE('',*,*,#3877,.F.);
#5191=ORIENTED_EDGE('',*,*,#3880,.F.);
#5192=ORIENTED_EDGE('',*,*,#3883,.F.);
#5193=ORIENTED_EDGE('',*,*,#3884,.T.);
#5194=ORIENTED_EDGE('',*,*,#3885,.T.);
#5195=ORIENTED_EDGE('',*,*,#3886,.F.);
#5196=ORIENTED_EDGE('',*,*,#3887,.F.);
#5197=ORIENTED_EDGE('',*,*,#3888,.T.);
#5198=ORIENTED_EDGE('',*,*,#3889,.T.);
#5199=ORIENTED_EDGE('',*,*,#3884,.F.);
#5200=ORIENTED_EDGE('',*,*,#3890,.F.);
#5201=ORIENTED_EDGE('',*,*,#3891,.T.);
#5202=ORIENTED_EDGE('',*,*,#3892,.T.);
#5203=ORIENTED_EDGE('',*,*,#3888,.F.);
#5204=ORIENTED_EDGE('',*,*,#3893,.F.);
#5205=ORIENTED_EDGE('',*,*,#3894,.T.);
#5206=ORIENTED_EDGE('',*,*,#3895,.T.);
#5207=ORIENTED_EDGE('',*,*,#3891,.F.);
#5208=ORIENTED_EDGE('',*,*,#3896,.F.);
#5209=ORIENTED_EDGE('',*,*,#3897,.T.);
#5210=ORIENTED_EDGE('',*,*,#3898,.T.);
#5211=ORIENTED_EDGE('',*,*,#3894,.F.);
#5212=ORIENTED_EDGE('',*,*,#3899,.F.);
#5213=ORIENTED_EDGE('',*,*,#3900,.T.);
#5214=ORIENTED_EDGE('',*,*,#3901,.T.);
#5215=ORIENTED_EDGE('',*,*,#3897,.F.);
#5216=ORIENTED_EDGE('',*,*,#3902,.F.);
#5217=ORIENTED_EDGE('',*,*,#3903,.T.);
#5218=ORIENTED_EDGE('',*,*,#3904,.T.);
#5219=ORIENTED_EDGE('',*,*,#3900,.F.);
#5220=ORIENTED_EDGE('',*,*,#3905,.F.);
#5221=ORIENTED_EDGE('',*,*,#3886,.T.);
#5222=ORIENTED_EDGE('',*,*,#3906,.T.);
#5223=ORIENTED_EDGE('',*,*,#3903,.F.);
#5224=ORIENTED_EDGE('',*,*,#3907,.F.);
#5225=ORIENTED_EDGE('',*,*,#3908,.T.);
#5226=ORIENTED_EDGE('',*,*,#3909,.T.);
#5227=ORIENTED_EDGE('',*,*,#3910,.F.);
#5228=ORIENTED_EDGE('',*,*,#3911,.F.);
#5229=ORIENTED_EDGE('',*,*,#3912,.T.);
#5230=ORIENTED_EDGE('',*,*,#3913,.T.);
#5231=ORIENTED_EDGE('',*,*,#3908,.F.);
#5232=ORIENTED_EDGE('',*,*,#3914,.F.);
#5233=ORIENTED_EDGE('',*,*,#3915,.T.);
#5234=ORIENTED_EDGE('',*,*,#3916,.T.);
#5235=ORIENTED_EDGE('',*,*,#3912,.F.);
#5236=ORIENTED_EDGE('',*,*,#3917,.F.);
#5237=ORIENTED_EDGE('',*,*,#3918,.T.);
#5238=ORIENTED_EDGE('',*,*,#3919,.T.);
#5239=ORIENTED_EDGE('',*,*,#3915,.F.);
#5240=ORIENTED_EDGE('',*,*,#3920,.F.);
#5241=ORIENTED_EDGE('',*,*,#3921,.T.);
#5242=ORIENTED_EDGE('',*,*,#3922,.T.);
#5243=ORIENTED_EDGE('',*,*,#3918,.F.);
#5244=ORIENTED_EDGE('',*,*,#3923,.F.);
#5245=ORIENTED_EDGE('',*,*,#3924,.T.);
#5246=ORIENTED_EDGE('',*,*,#3925,.T.);
#5247=ORIENTED_EDGE('',*,*,#3921,.F.);
#5248=ORIENTED_EDGE('',*,*,#3926,.F.);
#5249=ORIENTED_EDGE('',*,*,#3927,.T.);
#5250=ORIENTED_EDGE('',*,*,#3928,.T.);
#5251=ORIENTED_EDGE('',*,*,#3924,.F.);
#5252=ORIENTED_EDGE('',*,*,#3929,.F.);
#5253=ORIENTED_EDGE('',*,*,#3930,.T.);
#5254=ORIENTED_EDGE('',*,*,#3931,.T.);
#5255=ORIENTED_EDGE('',*,*,#3927,.F.);
#5256=ORIENTED_EDGE('',*,*,#3932,.F.);
#5257=ORIENTED_EDGE('',*,*,#3933,.T.);
#5258=ORIENTED_EDGE('',*,*,#3934,.T.);
#5259=ORIENTED_EDGE('',*,*,#3930,.F.);
#5260=ORIENTED_EDGE('',*,*,#3935,.F.);
#5261=ORIENTED_EDGE('',*,*,#3910,.T.);
#5262=ORIENTED_EDGE('',*,*,#3936,.T.);
#5263=ORIENTED_EDGE('',*,*,#3933,.F.);
#5264=ORIENTED_EDGE('',*,*,#3936,.F.);
#5265=ORIENTED_EDGE('',*,*,#3909,.F.);
#5266=ORIENTED_EDGE('',*,*,#3913,.F.);
#5267=ORIENTED_EDGE('',*,*,#3916,.F.);
#5268=ORIENTED_EDGE('',*,*,#3919,.F.);
#5269=ORIENTED_EDGE('',*,*,#3922,.F.);
#5270=ORIENTED_EDGE('',*,*,#3925,.F.);
#5271=ORIENTED_EDGE('',*,*,#3928,.F.);
#5272=ORIENTED_EDGE('',*,*,#3931,.F.);
#5273=ORIENTED_EDGE('',*,*,#3934,.F.);
#5274=ORIENTED_EDGE('',*,*,#3906,.F.);
#5275=ORIENTED_EDGE('',*,*,#3885,.F.);
#5276=ORIENTED_EDGE('',*,*,#3889,.F.);
#5277=ORIENTED_EDGE('',*,*,#3892,.F.);
#5278=ORIENTED_EDGE('',*,*,#3895,.F.);
#5279=ORIENTED_EDGE('',*,*,#3898,.F.);
#5280=ORIENTED_EDGE('',*,*,#3901,.F.);
#5281=ORIENTED_EDGE('',*,*,#3904,.F.);
#5282=ORIENTED_EDGE('',*,*,#3937,.F.);
#5283=ORIENTED_EDGE('',*,*,#3938,.T.);
#5284=ORIENTED_EDGE('',*,*,#3939,.T.);
#5285=ORIENTED_EDGE('',*,*,#3940,.F.);
#5286=ORIENTED_EDGE('',*,*,#3941,.F.);
#5287=ORIENTED_EDGE('',*,*,#3942,.T.);
#5288=ORIENTED_EDGE('',*,*,#3943,.T.);
#5289=ORIENTED_EDGE('',*,*,#3938,.F.);
#5290=ORIENTED_EDGE('',*,*,#3944,.F.);
#5291=ORIENTED_EDGE('',*,*,#3945,.T.);
#5292=ORIENTED_EDGE('',*,*,#3946,.T.);
#5293=ORIENTED_EDGE('',*,*,#3942,.F.);
#5294=ORIENTED_EDGE('',*,*,#3947,.F.);
#5295=ORIENTED_EDGE('',*,*,#3948,.T.);
#5296=ORIENTED_EDGE('',*,*,#3949,.T.);
#5297=ORIENTED_EDGE('',*,*,#3945,.F.);
#5298=ORIENTED_EDGE('',*,*,#3950,.F.);
#5299=ORIENTED_EDGE('',*,*,#3951,.T.);
#5300=ORIENTED_EDGE('',*,*,#3952,.T.);
#5301=ORIENTED_EDGE('',*,*,#3948,.F.);
#5302=ORIENTED_EDGE('',*,*,#3953,.F.);
#5303=ORIENTED_EDGE('',*,*,#3954,.T.);
#5304=ORIENTED_EDGE('',*,*,#3955,.T.);
#5305=ORIENTED_EDGE('',*,*,#3951,.F.);
#5306=ORIENTED_EDGE('',*,*,#3956,.F.);
#5307=ORIENTED_EDGE('',*,*,#3957,.T.);
#5308=ORIENTED_EDGE('',*,*,#3958,.T.);
#5309=ORIENTED_EDGE('',*,*,#3954,.F.);
#5310=ORIENTED_EDGE('',*,*,#3959,.F.);
#5311=ORIENTED_EDGE('',*,*,#3940,.T.);
#5312=ORIENTED_EDGE('',*,*,#3960,.T.);
#5313=ORIENTED_EDGE('',*,*,#3957,.F.);
#5314=ORIENTED_EDGE('',*,*,#3961,.F.);
#5315=ORIENTED_EDGE('',*,*,#3962,.T.);
#5316=ORIENTED_EDGE('',*,*,#3963,.T.);
#5317=ORIENTED_EDGE('',*,*,#3964,.F.);
#5318=ORIENTED_EDGE('',*,*,#3965,.F.);
#5319=ORIENTED_EDGE('',*,*,#3966,.T.);
#5320=ORIENTED_EDGE('',*,*,#3967,.T.);
#5321=ORIENTED_EDGE('',*,*,#3962,.F.);
#5322=ORIENTED_EDGE('',*,*,#3968,.F.);
#5323=ORIENTED_EDGE('',*,*,#3969,.T.);
#5324=ORIENTED_EDGE('',*,*,#3970,.T.);
#5325=ORIENTED_EDGE('',*,*,#3966,.F.);
#5326=ORIENTED_EDGE('',*,*,#3971,.F.);
#5327=ORIENTED_EDGE('',*,*,#3972,.T.);
#5328=ORIENTED_EDGE('',*,*,#3973,.T.);
#5329=ORIENTED_EDGE('',*,*,#3969,.F.);
#5330=ORIENTED_EDGE('',*,*,#3974,.F.);
#5331=ORIENTED_EDGE('',*,*,#3975,.T.);
#5332=ORIENTED_EDGE('',*,*,#3976,.T.);
#5333=ORIENTED_EDGE('',*,*,#3972,.F.);
#5334=ORIENTED_EDGE('',*,*,#3977,.F.);
#5335=ORIENTED_EDGE('',*,*,#3978,.T.);
#5336=ORIENTED_EDGE('',*,*,#3979,.T.);
#5337=ORIENTED_EDGE('',*,*,#3975,.F.);
#5338=ORIENTED_EDGE('',*,*,#3980,.F.);
#5339=ORIENTED_EDGE('',*,*,#3981,.T.);
#5340=ORIENTED_EDGE('',*,*,#3982,.T.);
#5341=ORIENTED_EDGE('',*,*,#3978,.F.);
#5342=ORIENTED_EDGE('',*,*,#3983,.F.);
#5343=ORIENTED_EDGE('',*,*,#3984,.T.);
#5344=ORIENTED_EDGE('',*,*,#3985,.T.);
#5345=ORIENTED_EDGE('',*,*,#3981,.F.);
#5346=ORIENTED_EDGE('',*,*,#3986,.F.);
#5347=ORIENTED_EDGE('',*,*,#3987,.T.);
#5348=ORIENTED_EDGE('',*,*,#3988,.T.);
#5349=ORIENTED_EDGE('',*,*,#3984,.F.);
#5350=ORIENTED_EDGE('',*,*,#3989,.F.);
#5351=ORIENTED_EDGE('',*,*,#3964,.T.);
#5352=ORIENTED_EDGE('',*,*,#3990,.T.);
#5353=ORIENTED_EDGE('',*,*,#3987,.F.);
#5354=ORIENTED_EDGE('',*,*,#3990,.F.);
#5355=ORIENTED_EDGE('',*,*,#3963,.F.);
#5356=ORIENTED_EDGE('',*,*,#3967,.F.);
#5357=ORIENTED_EDGE('',*,*,#3970,.F.);
#5358=ORIENTED_EDGE('',*,*,#3973,.F.);
#5359=ORIENTED_EDGE('',*,*,#3976,.F.);
#5360=ORIENTED_EDGE('',*,*,#3979,.F.);
#5361=ORIENTED_EDGE('',*,*,#3982,.F.);
#5362=ORIENTED_EDGE('',*,*,#3985,.F.);
#5363=ORIENTED_EDGE('',*,*,#3988,.F.);
#5364=ORIENTED_EDGE('',*,*,#3960,.F.);
#5365=ORIENTED_EDGE('',*,*,#3939,.F.);
#5366=ORIENTED_EDGE('',*,*,#3943,.F.);
#5367=ORIENTED_EDGE('',*,*,#3946,.F.);
#5368=ORIENTED_EDGE('',*,*,#3949,.F.);
#5369=ORIENTED_EDGE('',*,*,#3952,.F.);
#5370=ORIENTED_EDGE('',*,*,#3955,.F.);
#5371=ORIENTED_EDGE('',*,*,#3958,.F.);
#5372=ORIENTED_EDGE('',*,*,#3991,.F.);
#5373=ORIENTED_EDGE('',*,*,#3992,.T.);
#5374=ORIENTED_EDGE('',*,*,#3993,.T.);
#5375=ORIENTED_EDGE('',*,*,#3994,.F.);
#5376=ORIENTED_EDGE('',*,*,#3995,.F.);
#5377=ORIENTED_EDGE('',*,*,#3996,.T.);
#5378=ORIENTED_EDGE('',*,*,#3997,.T.);
#5379=ORIENTED_EDGE('',*,*,#3992,.F.);
#5380=ORIENTED_EDGE('',*,*,#3998,.F.);
#5381=ORIENTED_EDGE('',*,*,#3999,.T.);
#5382=ORIENTED_EDGE('',*,*,#4000,.T.);
#5383=ORIENTED_EDGE('',*,*,#3996,.F.);
#5384=ORIENTED_EDGE('',*,*,#4001,.F.);
#5385=ORIENTED_EDGE('',*,*,#4002,.T.);
#5386=ORIENTED_EDGE('',*,*,#4003,.T.);
#5387=ORIENTED_EDGE('',*,*,#3999,.F.);
#5388=ORIENTED_EDGE('',*,*,#4004,.F.);
#5389=ORIENTED_EDGE('',*,*,#4005,.T.);
#5390=ORIENTED_EDGE('',*,*,#4006,.T.);
#5391=ORIENTED_EDGE('',*,*,#4002,.F.);
#5392=ORIENTED_EDGE('',*,*,#4007,.F.);
#5393=ORIENTED_EDGE('',*,*,#4008,.T.);
#5394=ORIENTED_EDGE('',*,*,#4009,.T.);
#5395=ORIENTED_EDGE('',*,*,#4005,.F.);
#5396=ORIENTED_EDGE('',*,*,#4010,.F.);
#5397=ORIENTED_EDGE('',*,*,#4011,.T.);
#5398=ORIENTED_EDGE('',*,*,#4012,.T.);
#5399=ORIENTED_EDGE('',*,*,#4008,.F.);
#5400=ORIENTED_EDGE('',*,*,#4013,.F.);
#5401=ORIENTED_EDGE('',*,*,#4014,.T.);
#5402=ORIENTED_EDGE('',*,*,#4015,.T.);
#5403=ORIENTED_EDGE('',*,*,#4011,.F.);
#5404=ORIENTED_EDGE('',*,*,#4016,.F.);
#5405=ORIENTED_EDGE('',*,*,#4017,.T.);
#5406=ORIENTED_EDGE('',*,*,#4018,.T.);
#5407=ORIENTED_EDGE('',*,*,#4014,.F.);
#5408=ORIENTED_EDGE('',*,*,#4019,.F.);
#5409=ORIENTED_EDGE('',*,*,#3994,.T.);
#5410=ORIENTED_EDGE('',*,*,#4020,.T.);
#5411=ORIENTED_EDGE('',*,*,#4017,.F.);
#5412=ORIENTED_EDGE('',*,*,#4020,.F.);
#5413=ORIENTED_EDGE('',*,*,#3993,.F.);
#5414=ORIENTED_EDGE('',*,*,#3997,.F.);
#5415=ORIENTED_EDGE('',*,*,#4000,.F.);
#5416=ORIENTED_EDGE('',*,*,#4003,.F.);
#5417=ORIENTED_EDGE('',*,*,#4006,.F.);
#5418=ORIENTED_EDGE('',*,*,#4009,.F.);
#5419=ORIENTED_EDGE('',*,*,#4012,.F.);
#5420=ORIENTED_EDGE('',*,*,#4015,.F.);
#5421=ORIENTED_EDGE('',*,*,#4018,.F.);
#5422=ORIENTED_EDGE('',*,*,#4021,.F.);
#5423=ORIENTED_EDGE('',*,*,#4022,.T.);
#5424=ORIENTED_EDGE('',*,*,#4023,.T.);
#5425=ORIENTED_EDGE('',*,*,#4024,.F.);
#5426=ORIENTED_EDGE('',*,*,#4025,.F.);
#5427=ORIENTED_EDGE('',*,*,#4026,.T.);
#5428=ORIENTED_EDGE('',*,*,#4027,.T.);
#5429=ORIENTED_EDGE('',*,*,#4022,.F.);
#5430=ORIENTED_EDGE('',*,*,#4028,.F.);
#5431=ORIENTED_EDGE('',*,*,#4029,.T.);
#5432=ORIENTED_EDGE('',*,*,#4030,.T.);
#5433=ORIENTED_EDGE('',*,*,#4026,.F.);
#5434=ORIENTED_EDGE('',*,*,#4031,.F.);
#5435=ORIENTED_EDGE('',*,*,#4032,.T.);
#5436=ORIENTED_EDGE('',*,*,#4033,.T.);
#5437=ORIENTED_EDGE('',*,*,#4029,.F.);
#5438=ORIENTED_EDGE('',*,*,#4034,.F.);
#5439=ORIENTED_EDGE('',*,*,#4024,.T.);
#5440=ORIENTED_EDGE('',*,*,#4035,.T.);
#5441=ORIENTED_EDGE('',*,*,#4032,.F.);
#5442=ORIENTED_EDGE('',*,*,#4036,.F.);
#5443=ORIENTED_EDGE('',*,*,#4037,.T.);
#5444=ORIENTED_EDGE('',*,*,#4038,.T.);
#5445=ORIENTED_EDGE('',*,*,#4039,.F.);
#5446=ORIENTED_EDGE('',*,*,#4040,.F.);
#5447=ORIENTED_EDGE('',*,*,#4041,.T.);
#5448=ORIENTED_EDGE('',*,*,#4042,.T.);
#5449=ORIENTED_EDGE('',*,*,#4037,.F.);
#5450=ORIENTED_EDGE('',*,*,#4043,.F.);
#5451=ORIENTED_EDGE('',*,*,#4044,.T.);
#5452=ORIENTED_EDGE('',*,*,#4045,.T.);
#5453=ORIENTED_EDGE('',*,*,#4041,.F.);
#5454=ORIENTED_EDGE('',*,*,#4046,.F.);
#5455=ORIENTED_EDGE('',*,*,#4047,.T.);
#5456=ORIENTED_EDGE('',*,*,#4048,.T.);
#5457=ORIENTED_EDGE('',*,*,#4044,.F.);
#5458=ORIENTED_EDGE('',*,*,#4049,.F.);
#5459=ORIENTED_EDGE('',*,*,#4050,.T.);
#5460=ORIENTED_EDGE('',*,*,#4051,.T.);
#5461=ORIENTED_EDGE('',*,*,#4047,.F.);
#5462=ORIENTED_EDGE('',*,*,#4052,.F.);
#5463=ORIENTED_EDGE('',*,*,#4053,.T.);
#5464=ORIENTED_EDGE('',*,*,#4054,.T.);
#5465=ORIENTED_EDGE('',*,*,#4050,.F.);
#5466=ORIENTED_EDGE('',*,*,#4055,.F.);
#5467=ORIENTED_EDGE('',*,*,#4056,.T.);
#5468=ORIENTED_EDGE('',*,*,#4057,.T.);
#5469=ORIENTED_EDGE('',*,*,#4053,.F.);
#5470=ORIENTED_EDGE('',*,*,#4058,.F.);
#5471=ORIENTED_EDGE('',*,*,#4059,.T.);
#5472=ORIENTED_EDGE('',*,*,#4060,.T.);
#5473=ORIENTED_EDGE('',*,*,#4056,.F.);
#5474=ORIENTED_EDGE('',*,*,#4061,.F.);
#5475=ORIENTED_EDGE('',*,*,#4062,.T.);
#5476=ORIENTED_EDGE('',*,*,#4063,.T.);
#5477=ORIENTED_EDGE('',*,*,#4059,.F.);
#5478=ORIENTED_EDGE('',*,*,#4064,.F.);
#5479=ORIENTED_EDGE('',*,*,#4065,.T.);
#5480=ORIENTED_EDGE('',*,*,#4066,.T.);
#5481=ORIENTED_EDGE('',*,*,#4062,.F.);
#5482=ORIENTED_EDGE('',*,*,#4067,.F.);
#5483=ORIENTED_EDGE('',*,*,#4068,.T.);
#5484=ORIENTED_EDGE('',*,*,#4069,.T.);
#5485=ORIENTED_EDGE('',*,*,#4065,.F.);
#5486=ORIENTED_EDGE('',*,*,#4070,.F.);
#5487=ORIENTED_EDGE('',*,*,#4071,.T.);
#5488=ORIENTED_EDGE('',*,*,#4072,.T.);
#5489=ORIENTED_EDGE('',*,*,#4068,.F.);
#5490=ORIENTED_EDGE('',*,*,#4073,.F.);
#5491=ORIENTED_EDGE('',*,*,#4074,.T.);
#5492=ORIENTED_EDGE('',*,*,#4075,.T.);
#5493=ORIENTED_EDGE('',*,*,#4071,.F.);
#5494=ORIENTED_EDGE('',*,*,#4076,.F.);
#5495=ORIENTED_EDGE('',*,*,#4077,.T.);
#5496=ORIENTED_EDGE('',*,*,#4078,.T.);
#5497=ORIENTED_EDGE('',*,*,#4074,.F.);
#5498=ORIENTED_EDGE('',*,*,#4079,.F.);
#5499=ORIENTED_EDGE('',*,*,#4080,.T.);
#5500=ORIENTED_EDGE('',*,*,#4081,.T.);
#5501=ORIENTED_EDGE('',*,*,#4077,.F.);
#5502=ORIENTED_EDGE('',*,*,#4082,.F.);
#5503=ORIENTED_EDGE('',*,*,#4083,.T.);
#5504=ORIENTED_EDGE('',*,*,#4084,.T.);
#5505=ORIENTED_EDGE('',*,*,#4080,.F.);
#5506=ORIENTED_EDGE('',*,*,#4085,.F.);
#5507=ORIENTED_EDGE('',*,*,#4086,.T.);
#5508=ORIENTED_EDGE('',*,*,#4087,.T.);
#5509=ORIENTED_EDGE('',*,*,#4083,.F.);
#5510=ORIENTED_EDGE('',*,*,#4088,.F.);
#5511=ORIENTED_EDGE('',*,*,#4039,.T.);
#5512=ORIENTED_EDGE('',*,*,#4089,.T.);
#5513=ORIENTED_EDGE('',*,*,#4086,.F.);
#5514=ORIENTED_EDGE('',*,*,#4089,.F.);
#5515=ORIENTED_EDGE('',*,*,#4038,.F.);
#5516=ORIENTED_EDGE('',*,*,#4042,.F.);
#5517=ORIENTED_EDGE('',*,*,#4045,.F.);
#5518=ORIENTED_EDGE('',*,*,#4048,.F.);
#5519=ORIENTED_EDGE('',*,*,#4051,.F.);
#5520=ORIENTED_EDGE('',*,*,#4054,.F.);
#5521=ORIENTED_EDGE('',*,*,#4057,.F.);
#5522=ORIENTED_EDGE('',*,*,#4060,.F.);
#5523=ORIENTED_EDGE('',*,*,#4063,.F.);
#5524=ORIENTED_EDGE('',*,*,#4066,.F.);
#5525=ORIENTED_EDGE('',*,*,#4069,.F.);
#5526=ORIENTED_EDGE('',*,*,#4072,.F.);
#5527=ORIENTED_EDGE('',*,*,#4075,.F.);
#5528=ORIENTED_EDGE('',*,*,#4078,.F.);
#5529=ORIENTED_EDGE('',*,*,#4081,.F.);
#5530=ORIENTED_EDGE('',*,*,#4084,.F.);
#5531=ORIENTED_EDGE('',*,*,#4087,.F.);
#5532=ORIENTED_EDGE('',*,*,#4035,.F.);
#5533=ORIENTED_EDGE('',*,*,#4023,.F.);
#5534=ORIENTED_EDGE('',*,*,#4027,.F.);
#5535=ORIENTED_EDGE('',*,*,#4030,.F.);
#5536=ORIENTED_EDGE('',*,*,#4033,.F.);
#5537=ORIENTED_EDGE('',*,*,#4090,.F.);
#5538=ORIENTED_EDGE('',*,*,#4091,.T.);
#5539=ORIENTED_EDGE('',*,*,#4092,.T.);
#5540=ORIENTED_EDGE('',*,*,#4093,.F.);
#5541=ORIENTED_EDGE('',*,*,#4094,.F.);
#5542=ORIENTED_EDGE('',*,*,#4095,.T.);
#5543=ORIENTED_EDGE('',*,*,#4096,.T.);
#5544=ORIENTED_EDGE('',*,*,#4091,.F.);
#5545=ORIENTED_EDGE('',*,*,#4097,.F.);
#5546=ORIENTED_EDGE('',*,*,#4098,.T.);
#5547=ORIENTED_EDGE('',*,*,#4099,.T.);
#5548=ORIENTED_EDGE('',*,*,#4095,.F.);
#5549=ORIENTED_EDGE('',*,*,#4100,.F.);
#5550=ORIENTED_EDGE('',*,*,#4101,.T.);
#5551=ORIENTED_EDGE('',*,*,#4102,.T.);
#5552=ORIENTED_EDGE('',*,*,#4098,.F.);
#5553=ORIENTED_EDGE('',*,*,#4103,.F.);
#5554=ORIENTED_EDGE('',*,*,#4104,.T.);
#5555=ORIENTED_EDGE('',*,*,#4105,.T.);
#5556=ORIENTED_EDGE('',*,*,#4101,.F.);
#5557=ORIENTED_EDGE('',*,*,#4106,.F.);
#5558=ORIENTED_EDGE('',*,*,#4107,.T.);
#5559=ORIENTED_EDGE('',*,*,#4108,.T.);
#5560=ORIENTED_EDGE('',*,*,#4104,.F.);
#5561=ORIENTED_EDGE('',*,*,#4109,.F.);
#5562=ORIENTED_EDGE('',*,*,#4110,.T.);
#5563=ORIENTED_EDGE('',*,*,#4111,.T.);
#5564=ORIENTED_EDGE('',*,*,#4107,.F.);
#5565=ORIENTED_EDGE('',*,*,#4112,.F.);
#5566=ORIENTED_EDGE('',*,*,#4113,.T.);
#5567=ORIENTED_EDGE('',*,*,#4114,.T.);
#5568=ORIENTED_EDGE('',*,*,#4110,.F.);
#5569=ORIENTED_EDGE('',*,*,#4115,.F.);
#5570=ORIENTED_EDGE('',*,*,#4116,.T.);
#5571=ORIENTED_EDGE('',*,*,#4117,.T.);
#5572=ORIENTED_EDGE('',*,*,#4113,.F.);
#5573=ORIENTED_EDGE('',*,*,#4118,.F.);
#5574=ORIENTED_EDGE('',*,*,#4119,.T.);
#5575=ORIENTED_EDGE('',*,*,#4120,.T.);
#5576=ORIENTED_EDGE('',*,*,#4116,.F.);
#5577=ORIENTED_EDGE('',*,*,#4121,.F.);
#5578=ORIENTED_EDGE('',*,*,#4122,.T.);
#5579=ORIENTED_EDGE('',*,*,#4123,.T.);
#5580=ORIENTED_EDGE('',*,*,#4119,.F.);
#5581=ORIENTED_EDGE('',*,*,#4124,.F.);
#5582=ORIENTED_EDGE('',*,*,#4125,.T.);
#5583=ORIENTED_EDGE('',*,*,#4126,.T.);
#5584=ORIENTED_EDGE('',*,*,#4122,.F.);
#5585=ORIENTED_EDGE('',*,*,#4127,.F.);
#5586=ORIENTED_EDGE('',*,*,#4128,.T.);
#5587=ORIENTED_EDGE('',*,*,#4129,.T.);
#5588=ORIENTED_EDGE('',*,*,#4125,.F.);
#5589=ORIENTED_EDGE('',*,*,#4130,.F.);
#5590=ORIENTED_EDGE('',*,*,#4131,.T.);
#5591=ORIENTED_EDGE('',*,*,#4132,.T.);
#5592=ORIENTED_EDGE('',*,*,#4128,.F.);
#5593=ORIENTED_EDGE('',*,*,#4133,.F.);
#5594=ORIENTED_EDGE('',*,*,#4134,.T.);
#5595=ORIENTED_EDGE('',*,*,#4135,.T.);
#5596=ORIENTED_EDGE('',*,*,#4131,.F.);
#5597=ORIENTED_EDGE('',*,*,#4136,.F.);
#5598=ORIENTED_EDGE('',*,*,#4093,.T.);
#5599=ORIENTED_EDGE('',*,*,#4137,.T.);
#5600=ORIENTED_EDGE('',*,*,#4134,.F.);
#5601=ORIENTED_EDGE('',*,*,#4137,.F.);
#5602=ORIENTED_EDGE('',*,*,#4092,.F.);
#5603=ORIENTED_EDGE('',*,*,#4096,.F.);
#5604=ORIENTED_EDGE('',*,*,#4099,.F.);
#5605=ORIENTED_EDGE('',*,*,#4102,.F.);
#5606=ORIENTED_EDGE('',*,*,#4105,.F.);
#5607=ORIENTED_EDGE('',*,*,#4108,.F.);
#5608=ORIENTED_EDGE('',*,*,#4111,.F.);
#5609=ORIENTED_EDGE('',*,*,#4114,.F.);
#5610=ORIENTED_EDGE('',*,*,#4117,.F.);
#5611=ORIENTED_EDGE('',*,*,#4120,.F.);
#5612=ORIENTED_EDGE('',*,*,#4123,.F.);
#5613=ORIENTED_EDGE('',*,*,#4126,.F.);
#5614=ORIENTED_EDGE('',*,*,#4129,.F.);
#5615=ORIENTED_EDGE('',*,*,#4132,.F.);
#5616=ORIENTED_EDGE('',*,*,#4135,.F.);
#5617=ORIENTED_EDGE('',*,*,#4138,.F.);
#5618=ORIENTED_EDGE('',*,*,#4139,.T.);
#5619=ORIENTED_EDGE('',*,*,#4140,.T.);
#5620=ORIENTED_EDGE('',*,*,#4141,.F.);
#5621=ORIENTED_EDGE('',*,*,#4142,.F.);
#5622=ORIENTED_EDGE('',*,*,#4143,.T.);
#5623=ORIENTED_EDGE('',*,*,#4144,.T.);
#5624=ORIENTED_EDGE('',*,*,#4139,.F.);
#5625=ORIENTED_EDGE('',*,*,#4145,.F.);
#5626=ORIENTED_EDGE('',*,*,#4146,.T.);
#5627=ORIENTED_EDGE('',*,*,#4147,.T.);
#5628=ORIENTED_EDGE('',*,*,#4143,.F.);
#5629=ORIENTED_EDGE('',*,*,#4148,.F.);
#5630=ORIENTED_EDGE('',*,*,#4149,.T.);
#5631=ORIENTED_EDGE('',*,*,#4150,.T.);
#5632=ORIENTED_EDGE('',*,*,#4146,.F.);
#5633=ORIENTED_EDGE('',*,*,#4151,.F.);
#5634=ORIENTED_EDGE('',*,*,#4152,.T.);
#5635=ORIENTED_EDGE('',*,*,#4153,.T.);
#5636=ORIENTED_EDGE('',*,*,#4149,.F.);
#5637=ORIENTED_EDGE('',*,*,#4154,.F.);
#5638=ORIENTED_EDGE('',*,*,#4155,.T.);
#5639=ORIENTED_EDGE('',*,*,#4156,.T.);
#5640=ORIENTED_EDGE('',*,*,#4152,.F.);
#5641=ORIENTED_EDGE('',*,*,#4157,.F.);
#5642=ORIENTED_EDGE('',*,*,#4158,.T.);
#5643=ORIENTED_EDGE('',*,*,#4159,.T.);
#5644=ORIENTED_EDGE('',*,*,#4155,.F.);
#5645=ORIENTED_EDGE('',*,*,#4160,.F.);
#5646=ORIENTED_EDGE('',*,*,#4161,.T.);
#5647=ORIENTED_EDGE('',*,*,#4162,.T.);
#5648=ORIENTED_EDGE('',*,*,#4158,.F.);
#5649=ORIENTED_EDGE('',*,*,#4163,.F.);
#5650=ORIENTED_EDGE('',*,*,#4164,.T.);
#5651=ORIENTED_EDGE('',*,*,#4165,.T.);
#5652=ORIENTED_EDGE('',*,*,#4161,.F.);
#5653=ORIENTED_EDGE('',*,*,#4166,.F.);
#5654=ORIENTED_EDGE('',*,*,#4167,.T.);
#5655=ORIENTED_EDGE('',*,*,#4168,.T.);
#5656=ORIENTED_EDGE('',*,*,#4164,.F.);
#5657=ORIENTED_EDGE('',*,*,#4169,.F.);
#5658=ORIENTED_EDGE('',*,*,#4170,.T.);
#5659=ORIENTED_EDGE('',*,*,#4171,.T.);
#5660=ORIENTED_EDGE('',*,*,#4167,.F.);
#5661=ORIENTED_EDGE('',*,*,#4172,.F.);
#5662=ORIENTED_EDGE('',*,*,#4173,.T.);
#5663=ORIENTED_EDGE('',*,*,#4174,.T.);
#5664=ORIENTED_EDGE('',*,*,#4170,.F.);
#5665=ORIENTED_EDGE('',*,*,#4175,.F.);
#5666=ORIENTED_EDGE('',*,*,#4176,.T.);
#5667=ORIENTED_EDGE('',*,*,#4177,.T.);
#5668=ORIENTED_EDGE('',*,*,#4173,.F.);
#5669=ORIENTED_EDGE('',*,*,#4178,.F.);
#5670=ORIENTED_EDGE('',*,*,#4179,.T.);
#5671=ORIENTED_EDGE('',*,*,#4180,.T.);
#5672=ORIENTED_EDGE('',*,*,#4176,.F.);
#5673=ORIENTED_EDGE('',*,*,#4181,.F.);
#5674=ORIENTED_EDGE('',*,*,#4182,.T.);
#5675=ORIENTED_EDGE('',*,*,#4183,.T.);
#5676=ORIENTED_EDGE('',*,*,#4179,.F.);
#5677=ORIENTED_EDGE('',*,*,#4184,.F.);
#5678=ORIENTED_EDGE('',*,*,#4185,.T.);
#5679=ORIENTED_EDGE('',*,*,#4186,.T.);
#5680=ORIENTED_EDGE('',*,*,#4182,.F.);
#5681=ORIENTED_EDGE('',*,*,#4187,.F.);
#5682=ORIENTED_EDGE('',*,*,#4188,.T.);
#5683=ORIENTED_EDGE('',*,*,#4189,.T.);
#5684=ORIENTED_EDGE('',*,*,#4185,.F.);
#5685=ORIENTED_EDGE('',*,*,#4190,.F.);
#5686=ORIENTED_EDGE('',*,*,#4191,.T.);
#5687=ORIENTED_EDGE('',*,*,#4192,.T.);
#5688=ORIENTED_EDGE('',*,*,#4188,.F.);
#5689=ORIENTED_EDGE('',*,*,#4193,.F.);
#5690=ORIENTED_EDGE('',*,*,#4194,.T.);
#5691=ORIENTED_EDGE('',*,*,#4195,.T.);
#5692=ORIENTED_EDGE('',*,*,#4191,.F.);
#5693=ORIENTED_EDGE('',*,*,#4196,.F.);
#5694=ORIENTED_EDGE('',*,*,#4197,.T.);
#5695=ORIENTED_EDGE('',*,*,#4198,.T.);
#5696=ORIENTED_EDGE('',*,*,#4194,.F.);
#5697=ORIENTED_EDGE('',*,*,#4199,.F.);
#5698=ORIENTED_EDGE('',*,*,#4141,.T.);
#5699=ORIENTED_EDGE('',*,*,#4200,.T.);
#5700=ORIENTED_EDGE('',*,*,#4197,.F.);
#5701=ORIENTED_EDGE('',*,*,#4200,.F.);
#5702=ORIENTED_EDGE('',*,*,#4140,.F.);
#5703=ORIENTED_EDGE('',*,*,#4144,.F.);
#5704=ORIENTED_EDGE('',*,*,#4147,.F.);
#5705=ORIENTED_EDGE('',*,*,#4150,.F.);
#5706=ORIENTED_EDGE('',*,*,#4153,.F.);
#5707=ORIENTED_EDGE('',*,*,#4156,.F.);
#5708=ORIENTED_EDGE('',*,*,#4159,.F.);
#5709=ORIENTED_EDGE('',*,*,#4162,.F.);
#5710=ORIENTED_EDGE('',*,*,#4165,.F.);
#5711=ORIENTED_EDGE('',*,*,#4168,.F.);
#5712=ORIENTED_EDGE('',*,*,#4171,.F.);
#5713=ORIENTED_EDGE('',*,*,#4174,.F.);
#5714=ORIENTED_EDGE('',*,*,#4177,.F.);
#5715=ORIENTED_EDGE('',*,*,#4180,.F.);
#5716=ORIENTED_EDGE('',*,*,#4183,.F.);
#5717=ORIENTED_EDGE('',*,*,#4186,.F.);
#5718=ORIENTED_EDGE('',*,*,#4189,.F.);
#5719=ORIENTED_EDGE('',*,*,#4192,.F.);
#5720=ORIENTED_EDGE('',*,*,#4195,.F.);
#5721=ORIENTED_EDGE('',*,*,#4198,.F.);
#5722=ORIENTED_EDGE('',*,*,#4201,.F.);
#5723=ORIENTED_EDGE('',*,*,#4202,.T.);
#5724=ORIENTED_EDGE('',*,*,#4203,.T.);
#5725=ORIENTED_EDGE('',*,*,#4204,.F.);
#5726=ORIENTED_EDGE('',*,*,#4205,.F.);
#5727=ORIENTED_EDGE('',*,*,#4206,.T.);
#5728=ORIENTED_EDGE('',*,*,#4207,.T.);
#5729=ORIENTED_EDGE('',*,*,#4202,.F.);
#5730=ORIENTED_EDGE('',*,*,#4208,.F.);
#5731=ORIENTED_EDGE('',*,*,#4209,.T.);
#5732=ORIENTED_EDGE('',*,*,#4210,.T.);
#5733=ORIENTED_EDGE('',*,*,#4206,.F.);
#5734=ORIENTED_EDGE('',*,*,#4211,.F.);
#5735=ORIENTED_EDGE('',*,*,#4212,.T.);
#5736=ORIENTED_EDGE('',*,*,#4213,.T.);
#5737=ORIENTED_EDGE('',*,*,#4209,.F.);
#5738=ORIENTED_EDGE('',*,*,#4214,.F.);
#5739=ORIENTED_EDGE('',*,*,#4215,.T.);
#5740=ORIENTED_EDGE('',*,*,#4216,.T.);
#5741=ORIENTED_EDGE('',*,*,#4212,.F.);
#5742=ORIENTED_EDGE('',*,*,#4217,.F.);
#5743=ORIENTED_EDGE('',*,*,#4218,.T.);
#5744=ORIENTED_EDGE('',*,*,#4219,.T.);
#5745=ORIENTED_EDGE('',*,*,#4215,.F.);
#5746=ORIENTED_EDGE('',*,*,#4220,.F.);
#5747=ORIENTED_EDGE('',*,*,#4221,.T.);
#5748=ORIENTED_EDGE('',*,*,#4222,.T.);
#5749=ORIENTED_EDGE('',*,*,#4218,.F.);
#5750=ORIENTED_EDGE('',*,*,#4223,.F.);
#5751=ORIENTED_EDGE('',*,*,#4224,.T.);
#5752=ORIENTED_EDGE('',*,*,#4225,.T.);
#5753=ORIENTED_EDGE('',*,*,#4221,.F.);
#5754=ORIENTED_EDGE('',*,*,#4226,.F.);
#5755=ORIENTED_EDGE('',*,*,#4227,.T.);
#5756=ORIENTED_EDGE('',*,*,#4228,.T.);
#5757=ORIENTED_EDGE('',*,*,#4224,.F.);
#5758=ORIENTED_EDGE('',*,*,#4229,.F.);
#5759=ORIENTED_EDGE('',*,*,#4230,.T.);
#5760=ORIENTED_EDGE('',*,*,#4231,.T.);
#5761=ORIENTED_EDGE('',*,*,#4227,.F.);
#5762=ORIENTED_EDGE('',*,*,#4232,.F.);
#5763=ORIENTED_EDGE('',*,*,#4233,.T.);
#5764=ORIENTED_EDGE('',*,*,#4234,.T.);
#5765=ORIENTED_EDGE('',*,*,#4230,.F.);
#5766=ORIENTED_EDGE('',*,*,#4235,.F.);
#5767=ORIENTED_EDGE('',*,*,#4236,.T.);
#5768=ORIENTED_EDGE('',*,*,#4237,.T.);
#5769=ORIENTED_EDGE('',*,*,#4233,.F.);
#5770=ORIENTED_EDGE('',*,*,#4238,.F.);
#5771=ORIENTED_EDGE('',*,*,#4239,.T.);
#5772=ORIENTED_EDGE('',*,*,#4240,.T.);
#5773=ORIENTED_EDGE('',*,*,#4236,.F.);
#5774=ORIENTED_EDGE('',*,*,#4241,.F.);
#5775=ORIENTED_EDGE('',*,*,#4242,.T.);
#5776=ORIENTED_EDGE('',*,*,#4243,.T.);
#5777=ORIENTED_EDGE('',*,*,#4239,.F.);
#5778=ORIENTED_EDGE('',*,*,#4244,.F.);
#5779=ORIENTED_EDGE('',*,*,#4245,.T.);
#5780=ORIENTED_EDGE('',*,*,#4246,.T.);
#5781=ORIENTED_EDGE('',*,*,#4242,.F.);
#5782=ORIENTED_EDGE('',*,*,#4247,.F.);
#5783=ORIENTED_EDGE('',*,*,#4248,.T.);
#5784=ORIENTED_EDGE('',*,*,#4249,.T.);
#5785=ORIENTED_EDGE('',*,*,#4245,.F.);
#5786=ORIENTED_EDGE('',*,*,#4250,.F.);
#5787=ORIENTED_EDGE('',*,*,#4251,.T.);
#5788=ORIENTED_EDGE('',*,*,#4252,.T.);
#5789=ORIENTED_EDGE('',*,*,#4248,.F.);
#5790=ORIENTED_EDGE('',*,*,#4253,.F.);
#5791=ORIENTED_EDGE('',*,*,#4254,.T.);
#5792=ORIENTED_EDGE('',*,*,#4255,.T.);
#5793=ORIENTED_EDGE('',*,*,#4251,.F.);
#5794=ORIENTED_EDGE('',*,*,#4256,.F.);
#5795=ORIENTED_EDGE('',*,*,#4257,.T.);
#5796=ORIENTED_EDGE('',*,*,#4258,.T.);
#5797=ORIENTED_EDGE('',*,*,#4254,.F.);
#5798=ORIENTED_EDGE('',*,*,#4259,.F.);
#5799=ORIENTED_EDGE('',*,*,#4260,.T.);
#5800=ORIENTED_EDGE('',*,*,#4261,.T.);
#5801=ORIENTED_EDGE('',*,*,#4257,.F.);
#5802=ORIENTED_EDGE('',*,*,#4262,.F.);
#5803=ORIENTED_EDGE('',*,*,#4263,.T.);
#5804=ORIENTED_EDGE('',*,*,#4264,.T.);
#5805=ORIENTED_EDGE('',*,*,#4260,.F.);
#5806=ORIENTED_EDGE('',*,*,#4265,.F.);
#5807=ORIENTED_EDGE('',*,*,#4266,.T.);
#5808=ORIENTED_EDGE('',*,*,#4267,.T.);
#5809=ORIENTED_EDGE('',*,*,#4263,.F.);
#5810=ORIENTED_EDGE('',*,*,#4268,.F.);
#5811=ORIENTED_EDGE('',*,*,#4269,.T.);
#5812=ORIENTED_EDGE('',*,*,#4270,.T.);
#5813=ORIENTED_EDGE('',*,*,#4266,.F.);
#5814=ORIENTED_EDGE('',*,*,#4271,.F.);
#5815=ORIENTED_EDGE('',*,*,#4272,.T.);
#5816=ORIENTED_EDGE('',*,*,#4273,.T.);
#5817=ORIENTED_EDGE('',*,*,#4269,.F.);
#5818=ORIENTED_EDGE('',*,*,#4274,.F.);
#5819=ORIENTED_EDGE('',*,*,#4275,.T.);
#5820=ORIENTED_EDGE('',*,*,#4276,.T.);
#5821=ORIENTED_EDGE('',*,*,#4272,.F.);
#5822=ORIENTED_EDGE('',*,*,#4277,.F.);
#5823=ORIENTED_EDGE('',*,*,#4278,.T.);
#5824=ORIENTED_EDGE('',*,*,#4279,.T.);
#5825=ORIENTED_EDGE('',*,*,#4275,.F.);
#5826=ORIENTED_EDGE('',*,*,#4280,.F.);
#5827=ORIENTED_EDGE('',*,*,#4281,.T.);
#5828=ORIENTED_EDGE('',*,*,#4282,.T.);
#5829=ORIENTED_EDGE('',*,*,#4278,.F.);
#5830=ORIENTED_EDGE('',*,*,#4283,.F.);
#5831=ORIENTED_EDGE('',*,*,#4284,.T.);
#5832=ORIENTED_EDGE('',*,*,#4285,.T.);
#5833=ORIENTED_EDGE('',*,*,#4281,.F.);
#5834=ORIENTED_EDGE('',*,*,#4286,.F.);
#5835=ORIENTED_EDGE('',*,*,#4287,.T.);
#5836=ORIENTED_EDGE('',*,*,#4288,.T.);
#5837=ORIENTED_EDGE('',*,*,#4284,.F.);
#5838=ORIENTED_EDGE('',*,*,#4289,.F.);
#5839=ORIENTED_EDGE('',*,*,#4204,.T.);
#5840=ORIENTED_EDGE('',*,*,#4290,.T.);
#5841=ORIENTED_EDGE('',*,*,#4287,.F.);
#5842=ORIENTED_EDGE('',*,*,#4290,.F.);
#5843=ORIENTED_EDGE('',*,*,#4203,.F.);
#5844=ORIENTED_EDGE('',*,*,#4207,.F.);
#5845=ORIENTED_EDGE('',*,*,#4210,.F.);
#5846=ORIENTED_EDGE('',*,*,#4213,.F.);
#5847=ORIENTED_EDGE('',*,*,#4216,.F.);
#5848=ORIENTED_EDGE('',*,*,#4219,.F.);
#5849=ORIENTED_EDGE('',*,*,#4222,.F.);
#5850=ORIENTED_EDGE('',*,*,#4225,.F.);
#5851=ORIENTED_EDGE('',*,*,#4228,.F.);
#5852=ORIENTED_EDGE('',*,*,#4231,.F.);
#5853=ORIENTED_EDGE('',*,*,#4234,.F.);
#5854=ORIENTED_EDGE('',*,*,#4237,.F.);
#5855=ORIENTED_EDGE('',*,*,#4240,.F.);
#5856=ORIENTED_EDGE('',*,*,#4243,.F.);
#5857=ORIENTED_EDGE('',*,*,#4246,.F.);
#5858=ORIENTED_EDGE('',*,*,#4249,.F.);
#5859=ORIENTED_EDGE('',*,*,#4252,.F.);
#5860=ORIENTED_EDGE('',*,*,#4255,.F.);
#5861=ORIENTED_EDGE('',*,*,#4258,.F.);
#5862=ORIENTED_EDGE('',*,*,#4261,.F.);
#5863=ORIENTED_EDGE('',*,*,#4264,.F.);
#5864=ORIENTED_EDGE('',*,*,#4267,.F.);
#5865=ORIENTED_EDGE('',*,*,#4270,.F.);
#5866=ORIENTED_EDGE('',*,*,#4273,.F.);
#5867=ORIENTED_EDGE('',*,*,#4276,.F.);
#5868=ORIENTED_EDGE('',*,*,#4279,.F.);
#5869=ORIENTED_EDGE('',*,*,#4282,.F.);
#5870=ORIENTED_EDGE('',*,*,#4285,.F.);
#5871=ORIENTED_EDGE('',*,*,#4288,.F.);
#5872=ORIENTED_EDGE('',*,*,#4291,.F.);
#5873=ORIENTED_EDGE('',*,*,#4292,.T.);
#5874=ORIENTED_EDGE('',*,*,#4293,.T.);
#5875=ORIENTED_EDGE('',*,*,#4294,.F.);
#5876=ORIENTED_EDGE('',*,*,#4295,.F.);
#5877=ORIENTED_EDGE('',*,*,#4296,.T.);
#5878=ORIENTED_EDGE('',*,*,#4297,.T.);
#5879=ORIENTED_EDGE('',*,*,#4292,.F.);
#5880=ORIENTED_EDGE('',*,*,#4298,.F.);
#5881=ORIENTED_EDGE('',*,*,#4299,.T.);
#5882=ORIENTED_EDGE('',*,*,#4300,.T.);
#5883=ORIENTED_EDGE('',*,*,#4296,.F.);
#5884=ORIENTED_EDGE('',*,*,#4301,.F.);
#5885=ORIENTED_EDGE('',*,*,#4302,.T.);
#5886=ORIENTED_EDGE('',*,*,#4303,.T.);
#5887=ORIENTED_EDGE('',*,*,#4299,.F.);
#5888=ORIENTED_EDGE('',*,*,#4304,.F.);
#5889=ORIENTED_EDGE('',*,*,#4305,.T.);
#5890=ORIENTED_EDGE('',*,*,#4306,.T.);
#5891=ORIENTED_EDGE('',*,*,#4302,.F.);
#5892=ORIENTED_EDGE('',*,*,#4307,.F.);
#5893=ORIENTED_EDGE('',*,*,#4308,.T.);
#5894=ORIENTED_EDGE('',*,*,#4309,.T.);
#5895=ORIENTED_EDGE('',*,*,#4305,.F.);
#5896=ORIENTED_EDGE('',*,*,#4310,.F.);
#5897=ORIENTED_EDGE('',*,*,#4311,.T.);
#5898=ORIENTED_EDGE('',*,*,#4312,.T.);
#5899=ORIENTED_EDGE('',*,*,#4308,.F.);
#5900=ORIENTED_EDGE('',*,*,#4313,.F.);
#5901=ORIENTED_EDGE('',*,*,#4314,.T.);
#5902=ORIENTED_EDGE('',*,*,#4315,.T.);
#5903=ORIENTED_EDGE('',*,*,#4311,.F.);
#5904=ORIENTED_EDGE('',*,*,#4316,.F.);
#5905=ORIENTED_EDGE('',*,*,#4317,.T.);
#5906=ORIENTED_EDGE('',*,*,#4318,.T.);
#5907=ORIENTED_EDGE('',*,*,#4314,.F.);
#5908=ORIENTED_EDGE('',*,*,#4319,.F.);
#5909=ORIENTED_EDGE('',*,*,#4320,.T.);
#5910=ORIENTED_EDGE('',*,*,#4321,.T.);
#5911=ORIENTED_EDGE('',*,*,#4317,.F.);
#5912=ORIENTED_EDGE('',*,*,#4322,.F.);
#5913=ORIENTED_EDGE('',*,*,#4323,.T.);
#5914=ORIENTED_EDGE('',*,*,#4324,.T.);
#5915=ORIENTED_EDGE('',*,*,#4320,.F.);
#5916=ORIENTED_EDGE('',*,*,#4325,.F.);
#5917=ORIENTED_EDGE('',*,*,#4294,.T.);
#5918=ORIENTED_EDGE('',*,*,#4326,.T.);
#5919=ORIENTED_EDGE('',*,*,#4323,.F.);
#5920=ORIENTED_EDGE('',*,*,#4326,.F.);
#5921=ORIENTED_EDGE('',*,*,#4293,.F.);
#5922=ORIENTED_EDGE('',*,*,#4297,.F.);
#5923=ORIENTED_EDGE('',*,*,#4300,.F.);
#5924=ORIENTED_EDGE('',*,*,#4303,.F.);
#5925=ORIENTED_EDGE('',*,*,#4306,.F.);
#5926=ORIENTED_EDGE('',*,*,#4309,.F.);
#5927=ORIENTED_EDGE('',*,*,#4312,.F.);
#5928=ORIENTED_EDGE('',*,*,#4315,.F.);
#5929=ORIENTED_EDGE('',*,*,#4318,.F.);
#5930=ORIENTED_EDGE('',*,*,#4321,.F.);
#5931=ORIENTED_EDGE('',*,*,#4324,.F.);
#5932=ORIENTED_EDGE('',*,*,#4021,.T.);
#5933=ORIENTED_EDGE('',*,*,#4034,.T.);
#5934=ORIENTED_EDGE('',*,*,#4031,.T.);
#5935=ORIENTED_EDGE('',*,*,#4028,.T.);
#5936=ORIENTED_EDGE('',*,*,#4025,.T.);
#5937=ORIENTED_EDGE('',*,*,#3937,.T.);
#5938=ORIENTED_EDGE('',*,*,#3959,.T.);
#5939=ORIENTED_EDGE('',*,*,#3956,.T.);
#5940=ORIENTED_EDGE('',*,*,#3953,.T.);
#5941=ORIENTED_EDGE('',*,*,#3950,.T.);
#5942=ORIENTED_EDGE('',*,*,#3947,.T.);
#5943=ORIENTED_EDGE('',*,*,#3944,.T.);
#5944=ORIENTED_EDGE('',*,*,#3941,.T.);
#5945=ORIENTED_EDGE('',*,*,#3883,.T.);
#5946=ORIENTED_EDGE('',*,*,#3905,.T.);
#5947=ORIENTED_EDGE('',*,*,#3902,.T.);
#5948=ORIENTED_EDGE('',*,*,#3899,.T.);
#5949=ORIENTED_EDGE('',*,*,#3896,.T.);
#5950=ORIENTED_EDGE('',*,*,#3893,.T.);
#5951=ORIENTED_EDGE('',*,*,#3890,.T.);
#5952=ORIENTED_EDGE('',*,*,#3887,.T.);
#5953=ORIENTED_EDGE('',*,*,#3724,.T.);
#5954=ORIENTED_EDGE('',*,*,#3737,.T.);
#5955=ORIENTED_EDGE('',*,*,#3734,.T.);
#5956=ORIENTED_EDGE('',*,*,#3731,.T.);
#5957=ORIENTED_EDGE('',*,*,#3728,.T.);
#5958=ORIENTED_EDGE('',*,*,#4327,.T.);
#5959=ORIENTED_EDGE('',*,*,#4328,.T.);
#5960=ORIENTED_EDGE('',*,*,#4329,.T.);
#5961=ORIENTED_EDGE('',*,*,#3638,.T.);
#5962=ORIENTED_EDGE('',*,*,#4330,.T.);
#5963=ORIENTED_EDGE('',*,*,#4331,.T.);
#5964=ORIENTED_EDGE('',*,*,#4332,.T.);
#5965=ORIENTED_EDGE('',*,*,#3516,.T.);
#5966=ORIENTED_EDGE('',*,*,#4330,.F.);
#5967=ORIENTED_EDGE('',*,*,#4333,.T.);
#5968=ORIENTED_EDGE('',*,*,#4329,.F.);
#5969=ORIENTED_EDGE('',*,*,#4334,.T.);
#5970=ORIENTED_EDGE('',*,*,#4335,.T.);
#5971=ORIENTED_EDGE('',*,*,#4336,.T.);
#5972=ORIENTED_EDGE('',*,*,#4337,.T.);
#5973=ORIENTED_EDGE('',*,*,#4338,.T.);
#5974=ORIENTED_EDGE('',*,*,#3589,.T.);
#5975=ORIENTED_EDGE('',*,*,#3585,.T.);
#5976=ORIENTED_EDGE('',*,*,#3582,.F.);
#5977=ORIENTED_EDGE('',*,*,#4335,.F.);
#5978=ORIENTED_EDGE('',*,*,#3677,.T.);
#5979=ORIENTED_EDGE('',*,*,#4332,.F.);
#5980=ORIENTED_EDGE('',*,*,#4339,.T.);
#5981=ORIENTED_EDGE('',*,*,#4340,.T.);
#5982=ORIENTED_EDGE('',*,*,#4341,.T.);
#5983=ORIENTED_EDGE('',*,*,#3665,.T.);
#5984=ORIENTED_EDGE('',*,*,#4339,.F.);
#5985=ORIENTED_EDGE('',*,*,#3669,.T.);
#5986=ORIENTED_EDGE('',*,*,#4337,.F.);
#5987=ORIENTED_EDGE('',*,*,#4327,.F.);
#5988=ORIENTED_EDGE('',*,*,#3663,.T.);
#5989=ORIENTED_EDGE('',*,*,#4341,.F.);
#5990=ORIENTED_EDGE('',*,*,#3574,.F.);
#5991=ORIENTED_EDGE('',*,*,#4342,.T.);
#5992=ORIENTED_EDGE('',*,*,#3580,.F.);
#5993=ORIENTED_EDGE('',*,*,#4343,.T.);
#5994=ORIENTED_EDGE('',*,*,#4328,.F.);
#5995=ORIENTED_EDGE('',*,*,#4340,.F.);
#5996=ORIENTED_EDGE('',*,*,#4336,.F.);
#5997=ORIENTED_EDGE('',*,*,#4331,.F.);
#5998=ORIENTED_EDGE('',*,*,#3629,.F.);
#5999=ORIENTED_EDGE('',*,*,#3611,.T.);
#6000=ORIENTED_EDGE('',*,*,#4344,.T.);
#6001=ORIENTED_EDGE('',*,*,#3666,.F.);
#6002=ORIENTED_EDGE('',*,*,#4334,.F.);
#6003=ORIENTED_EDGE('',*,*,#3581,.F.);
#6004=ORIENTED_EDGE('',*,*,#4342,.F.);
#6005=ORIENTED_EDGE('',*,*,#3573,.F.);
#6006=ORIENTED_EDGE('',*,*,#3578,.F.);
#6007=ORIENTED_EDGE('',*,*,#3597,.F.);
#6008=ORIENTED_EDGE('',*,*,#3593,.F.);
#6009=ORIENTED_EDGE('',*,*,#3590,.T.);
#6010=ORIENTED_EDGE('',*,*,#4338,.F.);
#6011=ORIENTED_EDGE('',*,*,#3668,.F.);
#6012=ORIENTED_EDGE('',*,*,#4345,.T.);
#6013=ORIENTED_EDGE('',*,*,#3678,.F.);
#6014=ORIENTED_EDGE('',*,*,#3490,.T.);
#6015=ORIENTED_EDGE('',*,*,#3519,.T.);
#6016=ORIENTED_EDGE('',*,*,#3671,.F.);
#6017=ORIENTED_EDGE('',*,*,#3639,.T.);
#6018=ORIENTED_EDGE('',*,*,#4333,.F.);
#6019=ORIENTED_EDGE('',*,*,#3515,.T.);
#6020=ORIENTED_EDGE('',*,*,#3494,.T.);
#6021=ORIENTED_EDGE('',*,*,#3600,.F.);
#6022=ORIENTED_EDGE('',*,*,#3632,.F.);
#6023=ORIENTED_EDGE('',*,*,#3628,.F.);
#6024=ORIENTED_EDGE('',*,*,#3623,.F.);
#6025=ORIENTED_EDGE('',*,*,#3636,.T.);
#6026=ORIENTED_EDGE('',*,*,#4346,.F.);
#6027=ORIENTED_EDGE('',*,*,#4347,.F.);
#6028=ORIENTED_EDGE('',*,*,#4348,.F.);
#6029=ORIENTED_EDGE('',*,*,#4349,.F.);
#6030=ORIENTED_EDGE('',*,*,#4350,.F.);
#6031=ORIENTED_EDGE('',*,*,#4351,.F.);
#6032=ORIENTED_EDGE('',*,*,#4352,.F.);
#6033=ORIENTED_EDGE('',*,*,#4353,.F.);
#6034=ORIENTED_EDGE('',*,*,#4354,.F.);
#6035=ORIENTED_EDGE('',*,*,#4355,.F.);
#6036=ORIENTED_EDGE('',*,*,#4356,.F.);
#6037=ORIENTED_EDGE('',*,*,#4357,.T.);
#6038=ORIENTED_EDGE('',*,*,#3674,.F.);
#6039=ORIENTED_EDGE('',*,*,#3672,.F.);
#6040=ORIENTED_EDGE('',*,*,#3618,.F.);
#6041=ORIENTED_EDGE('',*,*,#3608,.F.);
#6042=ORIENTED_EDGE('',*,*,#3605,.F.);
#6043=ORIENTED_EDGE('',*,*,#4358,.T.);
#6044=ORIENTED_EDGE('',*,*,#4359,.T.);
#6045=ORIENTED_EDGE('',*,*,#4360,.T.);
#6046=ORIENTED_EDGE('',*,*,#4361,.T.);
#6047=ORIENTED_EDGE('',*,*,#4362,.F.);
#6048=ORIENTED_EDGE('',*,*,#4363,.F.);
#6049=ORIENTED_EDGE('',*,*,#4364,.F.);
#6050=ORIENTED_EDGE('',*,*,#4365,.F.);
#6051=ORIENTED_EDGE('',*,*,#4366,.F.);
#6052=ORIENTED_EDGE('',*,*,#4367,.F.);
#6053=ORIENTED_EDGE('',*,*,#3644,.T.);
#6054=ORIENTED_EDGE('',*,*,#4368,.T.);
#6055=ORIENTED_EDGE('',*,*,#4369,.T.);
#6056=ORIENTED_EDGE('',*,*,#3634,.T.);
#6057=ORIENTED_EDGE('',*,*,#4368,.F.);
#6058=ORIENTED_EDGE('',*,*,#3643,.F.);
#6059=ORIENTED_EDGE('',*,*,#4370,.F.);
#6060=ORIENTED_EDGE('',*,*,#4371,.F.);
#6061=ORIENTED_EDGE('',*,*,#3642,.T.);
#6062=ORIENTED_EDGE('',*,*,#4372,.T.);
#6063=ORIENTED_EDGE('',*,*,#4373,.T.);
#6064=ORIENTED_EDGE('',*,*,#4370,.T.);
#6065=ORIENTED_EDGE('',*,*,#3673,.F.);
#6066=ORIENTED_EDGE('',*,*,#4357,.F.);
#6067=ORIENTED_EDGE('',*,*,#4374,.F.);
#6068=ORIENTED_EDGE('',*,*,#4372,.F.);
#6069=ORIENTED_EDGE('',*,*,#3641,.F.);
#6070=ORIENTED_EDGE('',*,*,#3635,.T.);
#6071=ORIENTED_EDGE('',*,*,#4369,.F.);
#6072=ORIENTED_EDGE('',*,*,#4371,.T.);
#6073=ORIENTED_EDGE('',*,*,#4373,.F.);
#6074=ORIENTED_EDGE('',*,*,#4374,.T.);
#6075=ORIENTED_EDGE('',*,*,#4356,.T.);
#6076=ORIENTED_EDGE('',*,*,#4375,.T.);
#6077=ORIENTED_EDGE('',*,*,#4376,.F.);
#6078=ORIENTED_EDGE('',*,*,#4377,.T.);
#6079=ORIENTED_EDGE('',*,*,#4346,.T.);
#6080=ORIENTED_EDGE('',*,*,#3685,.T.);
#6081=ORIENTED_EDGE('',*,*,#3687,.T.);
#6082=ORIENTED_EDGE('',*,*,#3680,.T.);
#6083=ORIENTED_EDGE('',*,*,#3683,.T.);
#6084=ORIENTED_EDGE('',*,*,#3693,.T.);
#6085=ORIENTED_EDGE('',*,*,#3695,.T.);
#6086=ORIENTED_EDGE('',*,*,#3688,.T.);
#6087=ORIENTED_EDGE('',*,*,#3691,.T.);
#6088=ORIENTED_EDGE('',*,*,#3701,.T.);
#6089=ORIENTED_EDGE('',*,*,#3703,.T.);
#6090=ORIENTED_EDGE('',*,*,#3696,.T.);
#6091=ORIENTED_EDGE('',*,*,#3699,.T.);
#6092=ORIENTED_EDGE('',*,*,#3709,.T.);
#6093=ORIENTED_EDGE('',*,*,#3711,.T.);
#6094=ORIENTED_EDGE('',*,*,#3704,.T.);
#6095=ORIENTED_EDGE('',*,*,#3707,.T.);
#6096=ORIENTED_EDGE('',*,*,#4378,.T.);
#6097=ORIENTED_EDGE('',*,*,#4379,.F.);
#6098=ORIENTED_EDGE('',*,*,#4380,.F.);
#6099=ORIENTED_EDGE('',*,*,#3575,.T.);
#6100=ORIENTED_EDGE('',*,*,#4343,.F.);
#6101=ORIENTED_EDGE('',*,*,#3579,.F.);
#6102=ORIENTED_EDGE('',*,*,#4381,.T.);
#6103=ORIENTED_EDGE('',*,*,#4382,.F.);
#6104=ORIENTED_EDGE('',*,*,#4378,.F.);
#6105=ORIENTED_EDGE('',*,*,#3584,.F.);
#6106=ORIENTED_EDGE('',*,*,#3587,.F.);
#6107=ORIENTED_EDGE('',*,*,#3588,.F.);
#6108=ORIENTED_EDGE('',*,*,#4383,.F.);
#6109=ORIENTED_EDGE('',*,*,#4384,.F.);
#6110=ORIENTED_EDGE('',*,*,#4385,.F.);
#6111=ORIENTED_EDGE('',*,*,#4386,.T.);
#6112=ORIENTED_EDGE('',*,*,#4387,.F.);
#6113=ORIENTED_EDGE('',*,*,#4388,.F.);
#6114=ORIENTED_EDGE('',*,*,#4386,.F.);
#6115=ORIENTED_EDGE('',*,*,#4389,.F.);
#6116=ORIENTED_EDGE('',*,*,#4390,.T.);
#6117=ORIENTED_EDGE('',*,*,#4391,.F.);
#6118=ORIENTED_EDGE('',*,*,#4392,.T.);
#6119=ORIENTED_EDGE('',*,*,#4393,.F.);
#6120=ORIENTED_EDGE('',*,*,#4392,.F.);
#6121=ORIENTED_EDGE('',*,*,#4394,.T.);
#6122=ORIENTED_EDGE('',*,*,#4395,.T.);
#6123=ORIENTED_EDGE('',*,*,#4390,.F.);
#6124=ORIENTED_EDGE('',*,*,#4396,.F.);
#6125=ORIENTED_EDGE('',*,*,#4397,.T.);
#6126=ORIENTED_EDGE('',*,*,#4398,.F.);
#6127=ORIENTED_EDGE('',*,*,#4399,.F.);
#6128=ORIENTED_EDGE('',*,*,#4397,.F.);
#6129=ORIENTED_EDGE('',*,*,#4400,.F.);
#6130=ORIENTED_EDGE('',*,*,#4384,.T.);
#6131=ORIENTED_EDGE('',*,*,#4400,.T.);
#6132=ORIENTED_EDGE('',*,*,#4396,.T.);
#6133=ORIENTED_EDGE('',*,*,#4389,.T.);
#6134=ORIENTED_EDGE('',*,*,#4385,.T.);
#6135=ORIENTED_EDGE('',*,*,#4387,.T.);
#6136=ORIENTED_EDGE('',*,*,#4388,.T.);
#6137=ORIENTED_EDGE('',*,*,#4393,.T.);
#6138=ORIENTED_EDGE('',*,*,#4401,.F.);
#6139=ORIENTED_EDGE('',*,*,#4402,.F.);
#6140=ORIENTED_EDGE('',*,*,#4403,.T.);
#6141=ORIENTED_EDGE('',*,*,#4404,.T.);
#6142=ORIENTED_EDGE('',*,*,#4376,.T.);
#6143=ORIENTED_EDGE('',*,*,#4405,.T.);
#6144=ORIENTED_EDGE('',*,*,#4406,.T.);
#6145=ORIENTED_EDGE('',*,*,#4407,.F.);
#6146=ORIENTED_EDGE('',*,*,#4391,.T.);
#6147=ORIENTED_EDGE('',*,*,#4408,.T.);
#6148=ORIENTED_EDGE('',*,*,#4409,.F.);
#6149=ORIENTED_EDGE('',*,*,#4410,.T.);
#6150=ORIENTED_EDGE('',*,*,#4401,.T.);
#6151=ORIENTED_EDGE('',*,*,#4394,.F.);
#6152=ORIENTED_EDGE('',*,*,#4410,.F.);
#6153=ORIENTED_EDGE('',*,*,#4411,.F.);
#6154=ORIENTED_EDGE('',*,*,#4412,.F.);
#6155=ORIENTED_EDGE('',*,*,#4413,.F.);
#6156=ORIENTED_EDGE('',*,*,#4414,.T.);
#6157=ORIENTED_EDGE('',*,*,#4415,.T.);
#6158=ORIENTED_EDGE('',*,*,#4416,.F.);
#6159=ORIENTED_EDGE('',*,*,#4417,.F.);
#6160=ORIENTED_EDGE('',*,*,#4418,.T.);
#6161=ORIENTED_EDGE('',*,*,#4419,.T.);
#6162=ORIENTED_EDGE('',*,*,#4414,.F.);
#6163=ORIENTED_EDGE('',*,*,#4420,.F.);
#6164=ORIENTED_EDGE('',*,*,#4421,.T.);
#6165=ORIENTED_EDGE('',*,*,#4422,.T.);
#6166=ORIENTED_EDGE('',*,*,#4418,.F.);
#6167=ORIENTED_EDGE('',*,*,#4423,.F.);
#6168=ORIENTED_EDGE('',*,*,#4416,.T.);
#6169=ORIENTED_EDGE('',*,*,#4424,.T.);
#6170=ORIENTED_EDGE('',*,*,#4421,.F.);
#6171=ORIENTED_EDGE('',*,*,#4425,.F.);
#6172=ORIENTED_EDGE('',*,*,#4426,.T.);
#6173=ORIENTED_EDGE('',*,*,#4427,.T.);
#6174=ORIENTED_EDGE('',*,*,#4428,.F.);
#6175=ORIENTED_EDGE('',*,*,#4429,.F.);
#6176=ORIENTED_EDGE('',*,*,#4412,.T.);
#6177=ORIENTED_EDGE('',*,*,#4430,.T.);
#6178=ORIENTED_EDGE('',*,*,#4431,.T.);
#6179=ORIENTED_EDGE('',*,*,#4426,.F.);
#6180=ORIENTED_EDGE('',*,*,#4411,.T.);
#6181=ORIENTED_EDGE('',*,*,#4409,.T.);
#6182=ORIENTED_EDGE('',*,*,#4432,.T.);
#6183=ORIENTED_EDGE('',*,*,#4430,.F.);
#6184=ORIENTED_EDGE('',*,*,#4399,.T.);
#6185=ORIENTED_EDGE('',*,*,#4433,.F.);
#6186=ORIENTED_EDGE('',*,*,#4428,.T.);
#6187=ORIENTED_EDGE('',*,*,#4434,.T.);
#6188=ORIENTED_EDGE('',*,*,#4434,.F.);
#6189=ORIENTED_EDGE('',*,*,#4427,.F.);
#6190=ORIENTED_EDGE('',*,*,#4431,.F.);
#6191=ORIENTED_EDGE('',*,*,#4432,.F.);
#6192=ORIENTED_EDGE('',*,*,#4408,.F.);
#6193=ORIENTED_EDGE('',*,*,#4395,.F.);
#6194=ORIENTED_EDGE('',*,*,#4424,.F.);
#6195=ORIENTED_EDGE('',*,*,#4415,.F.);
#6196=ORIENTED_EDGE('',*,*,#4419,.F.);
#6197=ORIENTED_EDGE('',*,*,#4422,.F.);
#6198=ORIENTED_EDGE('',*,*,#4413,.T.);
#6199=ORIENTED_EDGE('',*,*,#4423,.T.);
#6200=ORIENTED_EDGE('',*,*,#4420,.T.);
#6201=ORIENTED_EDGE('',*,*,#4417,.T.);
#6202=ORIENTED_EDGE('',*,*,#4379,.T.);
#6203=ORIENTED_EDGE('',*,*,#4382,.T.);
#6204=ORIENTED_EDGE('',*,*,#4435,.T.);
#6205=ORIENTED_EDGE('',*,*,#4436,.T.);
#6206=ORIENTED_EDGE('',*,*,#4437,.T.);
#6207=ORIENTED_EDGE('',*,*,#4435,.F.);
#6208=ORIENTED_EDGE('',*,*,#4381,.F.);
#6209=ORIENTED_EDGE('',*,*,#3592,.F.);
#6210=ORIENTED_EDGE('',*,*,#3595,.F.);
#6211=ORIENTED_EDGE('',*,*,#3596,.F.);
#6212=ORIENTED_EDGE('',*,*,#4380,.T.);
#6213=ORIENTED_EDGE('',*,*,#4436,.F.);
#6214=ORIENTED_EDGE('',*,*,#4437,.F.);
#6215=ORIENTED_EDGE('',*,*,#3598,.F.);
#6216=ORIENTED_EDGE('',*,*,#3576,.F.);
#6217=ORIENTED_EDGE('',*,*,#3571,.T.);
#6218=ORIENTED_EDGE('',*,*,#4438,.F.);
#6219=ORIENTED_EDGE('',*,*,#4439,.F.);
#6220=ORIENTED_EDGE('',*,*,#4440,.F.);
#6221=ORIENTED_EDGE('',*,*,#4441,.T.);
#6222=ORIENTED_EDGE('',*,*,#4442,.F.);
#6223=ORIENTED_EDGE('',*,*,#4441,.F.);
#6224=ORIENTED_EDGE('',*,*,#4443,.F.);
#6225=ORIENTED_EDGE('',*,*,#4444,.T.);
#6226=ORIENTED_EDGE('',*,*,#4445,.F.);
#6227=ORIENTED_EDGE('',*,*,#4444,.F.);
#6228=ORIENTED_EDGE('',*,*,#4446,.F.);
#6229=ORIENTED_EDGE('',*,*,#4447,.T.);
#6230=ORIENTED_EDGE('',*,*,#4448,.F.);
#6231=ORIENTED_EDGE('',*,*,#4447,.F.);
#6232=ORIENTED_EDGE('',*,*,#4449,.F.);
#6233=ORIENTED_EDGE('',*,*,#4439,.T.);
#6234=ORIENTED_EDGE('',*,*,#4450,.F.);
#6235=ORIENTED_EDGE('',*,*,#4451,.F.);
#6236=ORIENTED_EDGE('',*,*,#4452,.F.);
#6237=ORIENTED_EDGE('',*,*,#4453,.T.);
#6238=ORIENTED_EDGE('',*,*,#4454,.F.);
#6239=ORIENTED_EDGE('',*,*,#4453,.F.);
#6240=ORIENTED_EDGE('',*,*,#4455,.F.);
#6241=ORIENTED_EDGE('',*,*,#4456,.T.);
#6242=ORIENTED_EDGE('',*,*,#4457,.F.);
#6243=ORIENTED_EDGE('',*,*,#4456,.F.);
#6244=ORIENTED_EDGE('',*,*,#4458,.F.);
#6245=ORIENTED_EDGE('',*,*,#4459,.T.);
#6246=ORIENTED_EDGE('',*,*,#4460,.F.);
#6247=ORIENTED_EDGE('',*,*,#4459,.F.);
#6248=ORIENTED_EDGE('',*,*,#4461,.F.);
#6249=ORIENTED_EDGE('',*,*,#4451,.T.);
#6250=ORIENTED_EDGE('',*,*,#4462,.F.);
#6251=ORIENTED_EDGE('',*,*,#4463,.F.);
#6252=ORIENTED_EDGE('',*,*,#4464,.F.);
#6253=ORIENTED_EDGE('',*,*,#4465,.T.);
#6254=ORIENTED_EDGE('',*,*,#4466,.F.);
#6255=ORIENTED_EDGE('',*,*,#4465,.F.);
#6256=ORIENTED_EDGE('',*,*,#4467,.F.);
#6257=ORIENTED_EDGE('',*,*,#4468,.T.);
#6258=ORIENTED_EDGE('',*,*,#4469,.F.);
#6259=ORIENTED_EDGE('',*,*,#4468,.F.);
#6260=ORIENTED_EDGE('',*,*,#4470,.F.);
#6261=ORIENTED_EDGE('',*,*,#4471,.T.);
#6262=ORIENTED_EDGE('',*,*,#4472,.F.);
#6263=ORIENTED_EDGE('',*,*,#4471,.F.);
#6264=ORIENTED_EDGE('',*,*,#4473,.F.);
#6265=ORIENTED_EDGE('',*,*,#4463,.T.);
#6266=ORIENTED_EDGE('',*,*,#4474,.F.);
#6267=ORIENTED_EDGE('',*,*,#4475,.F.);
#6268=ORIENTED_EDGE('',*,*,#4476,.F.);
#6269=ORIENTED_EDGE('',*,*,#4477,.T.);
#6270=ORIENTED_EDGE('',*,*,#4478,.F.);
#6271=ORIENTED_EDGE('',*,*,#4477,.F.);
#6272=ORIENTED_EDGE('',*,*,#4479,.F.);
#6273=ORIENTED_EDGE('',*,*,#4480,.T.);
#6274=ORIENTED_EDGE('',*,*,#4481,.F.);
#6275=ORIENTED_EDGE('',*,*,#4480,.F.);
#6276=ORIENTED_EDGE('',*,*,#4482,.F.);
#6277=ORIENTED_EDGE('',*,*,#4483,.T.);
#6278=ORIENTED_EDGE('',*,*,#4484,.F.);
#6279=ORIENTED_EDGE('',*,*,#4483,.F.);
#6280=ORIENTED_EDGE('',*,*,#4485,.F.);
#6281=ORIENTED_EDGE('',*,*,#4475,.T.);
#6282=ORIENTED_EDGE('',*,*,#4486,.F.);
#6283=ORIENTED_EDGE('',*,*,#4487,.T.);
#6284=ORIENTED_EDGE('',*,*,#4358,.F.);
#6285=ORIENTED_EDGE('',*,*,#4488,.T.);
#6286=ORIENTED_EDGE('',*,*,#4486,.T.);
#6287=ORIENTED_EDGE('',*,*,#4488,.F.);
#6288=ORIENTED_EDGE('',*,*,#4487,.F.);
#6289=ORIENTED_EDGE('',*,*,#4489,.T.);
#6290=ORIENTED_EDGE('',*,*,#4490,.T.);
#6291=ORIENTED_EDGE('',*,*,#4489,.F.);
#6292=ORIENTED_EDGE('',*,*,#4490,.F.);
#6293=ORIENTED_EDGE('',*,*,#4491,.F.);
#6294=ORIENTED_EDGE('',*,*,#4492,.T.);
#6295=ORIENTED_EDGE('',*,*,#4359,.F.);
#6296=ORIENTED_EDGE('',*,*,#4493,.T.);
#6297=ORIENTED_EDGE('',*,*,#4491,.T.);
#6298=ORIENTED_EDGE('',*,*,#4493,.F.);
#6299=ORIENTED_EDGE('',*,*,#4492,.F.);
#6300=ORIENTED_EDGE('',*,*,#4494,.T.);
#6301=ORIENTED_EDGE('',*,*,#4495,.T.);
#6302=ORIENTED_EDGE('',*,*,#4494,.F.);
#6303=ORIENTED_EDGE('',*,*,#4495,.F.);
#6304=ORIENTED_EDGE('',*,*,#4496,.F.);
#6305=ORIENTED_EDGE('',*,*,#4497,.T.);
#6306=ORIENTED_EDGE('',*,*,#4360,.F.);
#6307=ORIENTED_EDGE('',*,*,#4498,.T.);
#6308=ORIENTED_EDGE('',*,*,#4496,.T.);
#6309=ORIENTED_EDGE('',*,*,#4498,.F.);
#6310=ORIENTED_EDGE('',*,*,#4497,.F.);
#6311=ORIENTED_EDGE('',*,*,#4499,.T.);
#6312=ORIENTED_EDGE('',*,*,#4500,.T.);
#6313=ORIENTED_EDGE('',*,*,#4499,.F.);
#6314=ORIENTED_EDGE('',*,*,#4500,.F.);
#6315=ORIENTED_EDGE('',*,*,#4501,.F.);
#6316=ORIENTED_EDGE('',*,*,#4502,.T.);
#6317=ORIENTED_EDGE('',*,*,#4361,.F.);
#6318=ORIENTED_EDGE('',*,*,#4503,.T.);
#6319=ORIENTED_EDGE('',*,*,#4501,.T.);
#6320=ORIENTED_EDGE('',*,*,#4503,.F.);
#6321=ORIENTED_EDGE('',*,*,#4502,.F.);
#6322=ORIENTED_EDGE('',*,*,#4504,.T.);
#6323=ORIENTED_EDGE('',*,*,#4505,.T.);
#6324=ORIENTED_EDGE('',*,*,#4504,.F.);
#6325=ORIENTED_EDGE('',*,*,#4505,.F.);
#6326=ORIENTED_EDGE('',*,*,#4506,.F.);
#6327=ORIENTED_EDGE('',*,*,#4507,.F.);
#6328=ORIENTED_EDGE('',*,*,#4508,.F.);
#6329=ORIENTED_EDGE('',*,*,#4349,.T.);
#6330=ORIENTED_EDGE('',*,*,#4508,.T.);
#6331=ORIENTED_EDGE('',*,*,#4509,.F.);
#6332=ORIENTED_EDGE('',*,*,#4510,.T.);
#6333=ORIENTED_EDGE('',*,*,#4511,.T.);
#6334=ORIENTED_EDGE('',*,*,#4512,.F.);
#6335=ORIENTED_EDGE('',*,*,#4350,.T.);
#6336=ORIENTED_EDGE('',*,*,#4513,.F.);
#6337=ORIENTED_EDGE('',*,*,#4353,.T.);
#6338=ORIENTED_EDGE('',*,*,#4514,.F.);
#6339=ORIENTED_EDGE('',*,*,#4515,.F.);
#6340=ORIENTED_EDGE('',*,*,#4383,.T.);
#6341=ORIENTED_EDGE('',*,*,#4407,.T.);
#6342=ORIENTED_EDGE('',*,*,#4516,.T.);
#6343=ORIENTED_EDGE('',*,*,#4515,.T.);
#6344=ORIENTED_EDGE('',*,*,#4517,.T.);
#6345=ORIENTED_EDGE('',*,*,#4518,.F.);
#6346=ORIENTED_EDGE('',*,*,#4509,.T.);
#6347=ORIENTED_EDGE('',*,*,#4507,.T.);
#6348=ORIENTED_EDGE('',*,*,#4519,.T.);
#6349=ORIENTED_EDGE('',*,*,#4402,.T.);
#6350=ORIENTED_EDGE('',*,*,#4429,.T.);
#6351=ORIENTED_EDGE('',*,*,#4425,.T.);
#6352=ORIENTED_EDGE('',*,*,#4433,.T.);
#6353=ORIENTED_EDGE('',*,*,#4398,.T.);
#6354=ORIENTED_EDGE('',*,*,#4514,.T.);
#6355=ORIENTED_EDGE('',*,*,#4352,.T.);
#6356=ORIENTED_EDGE('',*,*,#4520,.F.);
#6357=ORIENTED_EDGE('',*,*,#4521,.T.);
#6358=ORIENTED_EDGE('',*,*,#4522,.F.);
#6359=ORIENTED_EDGE('',*,*,#4517,.F.);
#6360=ORIENTED_EDGE('',*,*,#4523,.F.);
#6361=ORIENTED_EDGE('',*,*,#4524,.F.);
#6362=ORIENTED_EDGE('',*,*,#4525,.F.);
#6363=ORIENTED_EDGE('',*,*,#4365,.T.);
#6364=ORIENTED_EDGE('',*,*,#4375,.F.);
#6365=ORIENTED_EDGE('',*,*,#4355,.T.);
#6366=ORIENTED_EDGE('',*,*,#4526,.F.);
#6367=ORIENTED_EDGE('',*,*,#4405,.F.);
#6368=ORIENTED_EDGE('',*,*,#4523,.T.);
#6369=ORIENTED_EDGE('',*,*,#4367,.T.);
#6370=ORIENTED_EDGE('',*,*,#4527,.T.);
#6371=ORIENTED_EDGE('',*,*,#4528,.F.);
#6372=ORIENTED_EDGE('',*,*,#4524,.T.);
#6373=ORIENTED_EDGE('',*,*,#4528,.T.);
#6374=ORIENTED_EDGE('',*,*,#4529,.T.);
#6375=ORIENTED_EDGE('',*,*,#4513,.T.);
#6376=ORIENTED_EDGE('',*,*,#4516,.F.);
#6377=ORIENTED_EDGE('',*,*,#4406,.F.);
#6378=ORIENTED_EDGE('',*,*,#4526,.T.);
#6379=ORIENTED_EDGE('',*,*,#4354,.T.);
#6380=ORIENTED_EDGE('',*,*,#4530,.F.);
#6381=ORIENTED_EDGE('',*,*,#4347,.T.);
#6382=ORIENTED_EDGE('',*,*,#4377,.F.);
#6383=ORIENTED_EDGE('',*,*,#4404,.F.);
#6384=ORIENTED_EDGE('',*,*,#4531,.F.);
#6385=ORIENTED_EDGE('',*,*,#4532,.F.);
#6386=ORIENTED_EDGE('',*,*,#4533,.F.);
#6387=ORIENTED_EDGE('',*,*,#4362,.T.);
#6388=ORIENTED_EDGE('',*,*,#4506,.T.);
#6389=ORIENTED_EDGE('',*,*,#4348,.T.);
#6390=ORIENTED_EDGE('',*,*,#4530,.T.);
#6391=ORIENTED_EDGE('',*,*,#4403,.F.);
#6392=ORIENTED_EDGE('',*,*,#4519,.F.);
#6393=ORIENTED_EDGE('',*,*,#4525,.T.);
#6394=ORIENTED_EDGE('',*,*,#4529,.F.);
#6395=ORIENTED_EDGE('',*,*,#4527,.F.);
#6396=ORIENTED_EDGE('',*,*,#4366,.T.);
#6397=ORIENTED_EDGE('',*,*,#4351,.T.);
#6398=ORIENTED_EDGE('',*,*,#4512,.T.);
#6399=ORIENTED_EDGE('',*,*,#4534,.T.);
#6400=ORIENTED_EDGE('',*,*,#4520,.T.);
#6401=ORIENTED_EDGE('',*,*,#4518,.T.);
#6402=ORIENTED_EDGE('',*,*,#4522,.T.);
#6403=ORIENTED_EDGE('',*,*,#4535,.T.);
#6404=ORIENTED_EDGE('',*,*,#4510,.F.);
#6405=ORIENTED_EDGE('',*,*,#4534,.F.);
#6406=ORIENTED_EDGE('',*,*,#4511,.F.);
#6407=ORIENTED_EDGE('',*,*,#4535,.F.);
#6408=ORIENTED_EDGE('',*,*,#4521,.F.);
#6409=ORIENTED_EDGE('',*,*,#4445,.T.);
#6410=ORIENTED_EDGE('',*,*,#4448,.T.);
#6411=ORIENTED_EDGE('',*,*,#4438,.T.);
#6412=ORIENTED_EDGE('',*,*,#4442,.T.);
#6413=ORIENTED_EDGE('',*,*,#4457,.T.);
#6414=ORIENTED_EDGE('',*,*,#4460,.T.);
#6415=ORIENTED_EDGE('',*,*,#4450,.T.);
#6416=ORIENTED_EDGE('',*,*,#4454,.T.);
#6417=ORIENTED_EDGE('',*,*,#4469,.T.);
#6418=ORIENTED_EDGE('',*,*,#4472,.T.);
#6419=ORIENTED_EDGE('',*,*,#4462,.T.);
#6420=ORIENTED_EDGE('',*,*,#4466,.T.);
#6421=ORIENTED_EDGE('',*,*,#4481,.T.);
#6422=ORIENTED_EDGE('',*,*,#4484,.T.);
#6423=ORIENTED_EDGE('',*,*,#4474,.T.);
#6424=ORIENTED_EDGE('',*,*,#4478,.T.);
#6425=ORIENTED_EDGE('',*,*,#4531,.T.);
#6426=ORIENTED_EDGE('',*,*,#4364,.T.);
#6427=ORIENTED_EDGE('',*,*,#4536,.F.);
#6428=ORIENTED_EDGE('',*,*,#4537,.F.);
#6429=ORIENTED_EDGE('',*,*,#4532,.T.);
#6430=ORIENTED_EDGE('',*,*,#4537,.T.);
#6431=ORIENTED_EDGE('',*,*,#4538,.T.);
#6432=ORIENTED_EDGE('',*,*,#4533,.T.);
#6433=ORIENTED_EDGE('',*,*,#4538,.F.);
#6434=ORIENTED_EDGE('',*,*,#4536,.T.);
#6435=ORIENTED_EDGE('',*,*,#4363,.T.);
#6436=ORIENTED_EDGE('',*,*,#3676,.F.);
#6437=ORIENTED_EDGE('',*,*,#3679,.F.);
#6438=ORIENTED_EDGE('',*,*,#4345,.F.);
#6439=ORIENTED_EDGE('',*,*,#3667,.F.);
#6440=ORIENTED_EDGE('',*,*,#4344,.F.);
#6441=ORIENTED_EDGE('',*,*,#3610,.F.);
#6442=ORIENTED_EDGE('',*,*,#3614,.F.);
#6443=ORIENTED_EDGE('',*,*,#3617,.F.);
#6444=ORIENTED_EDGE('',*,*,#4482,.T.);
#6445=ORIENTED_EDGE('',*,*,#4479,.T.);
#6446=ORIENTED_EDGE('',*,*,#4476,.T.);
#6447=ORIENTED_EDGE('',*,*,#4485,.T.);
#6448=ORIENTED_EDGE('',*,*,#4470,.T.);
#6449=ORIENTED_EDGE('',*,*,#4467,.T.);
#6450=ORIENTED_EDGE('',*,*,#4464,.T.);
#6451=ORIENTED_EDGE('',*,*,#4473,.T.);
#6452=ORIENTED_EDGE('',*,*,#4458,.T.);
#6453=ORIENTED_EDGE('',*,*,#4455,.T.);
#6454=ORIENTED_EDGE('',*,*,#4452,.T.);
#6455=ORIENTED_EDGE('',*,*,#4461,.T.);
#6456=ORIENTED_EDGE('',*,*,#4446,.T.);
#6457=ORIENTED_EDGE('',*,*,#4443,.T.);
#6458=ORIENTED_EDGE('',*,*,#4440,.T.);
#6459=ORIENTED_EDGE('',*,*,#4449,.T.);
#6460=ORIENTED_EDGE('',*,*,#4291,.T.);
#6461=ORIENTED_EDGE('',*,*,#4325,.T.);
#6462=ORIENTED_EDGE('',*,*,#4322,.T.);
#6463=ORIENTED_EDGE('',*,*,#4319,.T.);
#6464=ORIENTED_EDGE('',*,*,#4316,.T.);
#6465=ORIENTED_EDGE('',*,*,#4313,.T.);
#6466=ORIENTED_EDGE('',*,*,#4310,.T.);
#6467=ORIENTED_EDGE('',*,*,#4307,.T.);
#6468=ORIENTED_EDGE('',*,*,#4304,.T.);
#6469=ORIENTED_EDGE('',*,*,#4301,.T.);
#6470=ORIENTED_EDGE('',*,*,#4298,.T.);
#6471=ORIENTED_EDGE('',*,*,#4295,.T.);
#6472=ORIENTED_EDGE('',*,*,#4201,.T.);
#6473=ORIENTED_EDGE('',*,*,#4289,.T.);
#6474=ORIENTED_EDGE('',*,*,#4286,.T.);
#6475=ORIENTED_EDGE('',*,*,#4283,.T.);
#6476=ORIENTED_EDGE('',*,*,#4280,.T.);
#6477=ORIENTED_EDGE('',*,*,#4277,.T.);
#6478=ORIENTED_EDGE('',*,*,#4274,.T.);
#6479=ORIENTED_EDGE('',*,*,#4271,.T.);
#6480=ORIENTED_EDGE('',*,*,#4268,.T.);
#6481=ORIENTED_EDGE('',*,*,#4265,.T.);
#6482=ORIENTED_EDGE('',*,*,#4262,.T.);
#6483=ORIENTED_EDGE('',*,*,#4259,.T.);
#6484=ORIENTED_EDGE('',*,*,#4256,.T.);
#6485=ORIENTED_EDGE('',*,*,#4253,.T.);
#6486=ORIENTED_EDGE('',*,*,#4250,.T.);
#6487=ORIENTED_EDGE('',*,*,#4247,.T.);
#6488=ORIENTED_EDGE('',*,*,#4244,.T.);
#6489=ORIENTED_EDGE('',*,*,#4241,.T.);
#6490=ORIENTED_EDGE('',*,*,#4238,.T.);
#6491=ORIENTED_EDGE('',*,*,#4235,.T.);
#6492=ORIENTED_EDGE('',*,*,#4232,.T.);
#6493=ORIENTED_EDGE('',*,*,#4229,.T.);
#6494=ORIENTED_EDGE('',*,*,#4226,.T.);
#6495=ORIENTED_EDGE('',*,*,#4223,.T.);
#6496=ORIENTED_EDGE('',*,*,#4220,.T.);
#6497=ORIENTED_EDGE('',*,*,#4217,.T.);
#6498=ORIENTED_EDGE('',*,*,#4214,.T.);
#6499=ORIENTED_EDGE('',*,*,#4211,.T.);
#6500=ORIENTED_EDGE('',*,*,#4208,.T.);
#6501=ORIENTED_EDGE('',*,*,#4205,.T.);
#6502=ORIENTED_EDGE('',*,*,#4138,.T.);
#6503=ORIENTED_EDGE('',*,*,#4199,.T.);
#6504=ORIENTED_EDGE('',*,*,#4196,.T.);
#6505=ORIENTED_EDGE('',*,*,#4193,.T.);
#6506=ORIENTED_EDGE('',*,*,#4190,.T.);
#6507=ORIENTED_EDGE('',*,*,#4187,.T.);
#6508=ORIENTED_EDGE('',*,*,#4184,.T.);
#6509=ORIENTED_EDGE('',*,*,#4181,.T.);
#6510=ORIENTED_EDGE('',*,*,#4178,.T.);
#6511=ORIENTED_EDGE('',*,*,#4175,.T.);
#6512=ORIENTED_EDGE('',*,*,#4172,.T.);
#6513=ORIENTED_EDGE('',*,*,#4169,.T.);
#6514=ORIENTED_EDGE('',*,*,#4166,.T.);
#6515=ORIENTED_EDGE('',*,*,#4163,.T.);
#6516=ORIENTED_EDGE('',*,*,#4160,.T.);
#6517=ORIENTED_EDGE('',*,*,#4157,.T.);
#6518=ORIENTED_EDGE('',*,*,#4154,.T.);
#6519=ORIENTED_EDGE('',*,*,#4151,.T.);
#6520=ORIENTED_EDGE('',*,*,#4148,.T.);
#6521=ORIENTED_EDGE('',*,*,#4145,.T.);
#6522=ORIENTED_EDGE('',*,*,#4142,.T.);
#6523=ORIENTED_EDGE('',*,*,#4090,.T.);
#6524=ORIENTED_EDGE('',*,*,#4136,.T.);
#6525=ORIENTED_EDGE('',*,*,#4133,.T.);
#6526=ORIENTED_EDGE('',*,*,#4130,.T.);
#6527=ORIENTED_EDGE('',*,*,#4127,.T.);
#6528=ORIENTED_EDGE('',*,*,#4124,.T.);
#6529=ORIENTED_EDGE('',*,*,#4121,.T.);
#6530=ORIENTED_EDGE('',*,*,#4118,.T.);
#6531=ORIENTED_EDGE('',*,*,#4115,.T.);
#6532=ORIENTED_EDGE('',*,*,#4112,.T.);
#6533=ORIENTED_EDGE('',*,*,#4109,.T.);
#6534=ORIENTED_EDGE('',*,*,#4106,.T.);
#6535=ORIENTED_EDGE('',*,*,#4103,.T.);
#6536=ORIENTED_EDGE('',*,*,#4100,.T.);
#6537=ORIENTED_EDGE('',*,*,#4097,.T.);
#6538=ORIENTED_EDGE('',*,*,#4094,.T.);
#6539=ORIENTED_EDGE('',*,*,#4036,.T.);
#6540=ORIENTED_EDGE('',*,*,#4088,.T.);
#6541=ORIENTED_EDGE('',*,*,#4085,.T.);
#6542=ORIENTED_EDGE('',*,*,#4082,.T.);
#6543=ORIENTED_EDGE('',*,*,#4079,.T.);
#6544=ORIENTED_EDGE('',*,*,#4076,.T.);
#6545=ORIENTED_EDGE('',*,*,#4073,.T.);
#6546=ORIENTED_EDGE('',*,*,#4070,.T.);
#6547=ORIENTED_EDGE('',*,*,#4067,.T.);
#6548=ORIENTED_EDGE('',*,*,#4064,.T.);
#6549=ORIENTED_EDGE('',*,*,#4061,.T.);
#6550=ORIENTED_EDGE('',*,*,#4058,.T.);
#6551=ORIENTED_EDGE('',*,*,#4055,.T.);
#6552=ORIENTED_EDGE('',*,*,#4052,.T.);
#6553=ORIENTED_EDGE('',*,*,#4049,.T.);
#6554=ORIENTED_EDGE('',*,*,#4046,.T.);
#6555=ORIENTED_EDGE('',*,*,#4043,.T.);
#6556=ORIENTED_EDGE('',*,*,#4040,.T.);
#6557=ORIENTED_EDGE('',*,*,#3991,.T.);
#6558=ORIENTED_EDGE('',*,*,#4019,.T.);
#6559=ORIENTED_EDGE('',*,*,#4016,.T.);
#6560=ORIENTED_EDGE('',*,*,#4013,.T.);
#6561=ORIENTED_EDGE('',*,*,#4010,.T.);
#6562=ORIENTED_EDGE('',*,*,#4007,.T.);
#6563=ORIENTED_EDGE('',*,*,#4004,.T.);
#6564=ORIENTED_EDGE('',*,*,#4001,.T.);
#6565=ORIENTED_EDGE('',*,*,#3998,.T.);
#6566=ORIENTED_EDGE('',*,*,#3995,.T.);
#6567=ORIENTED_EDGE('',*,*,#3961,.T.);
#6568=ORIENTED_EDGE('',*,*,#3989,.T.);
#6569=ORIENTED_EDGE('',*,*,#3986,.T.);
#6570=ORIENTED_EDGE('',*,*,#3983,.T.);
#6571=ORIENTED_EDGE('',*,*,#3980,.T.);
#6572=ORIENTED_EDGE('',*,*,#3977,.T.);
#6573=ORIENTED_EDGE('',*,*,#3974,.T.);
#6574=ORIENTED_EDGE('',*,*,#3971,.T.);
#6575=ORIENTED_EDGE('',*,*,#3968,.T.);
#6576=ORIENTED_EDGE('',*,*,#3965,.T.);
#6577=ORIENTED_EDGE('',*,*,#3907,.T.);
#6578=ORIENTED_EDGE('',*,*,#3935,.T.);
#6579=ORIENTED_EDGE('',*,*,#3932,.T.);
#6580=ORIENTED_EDGE('',*,*,#3929,.T.);
#6581=ORIENTED_EDGE('',*,*,#3926,.T.);
#6582=ORIENTED_EDGE('',*,*,#3923,.T.);
#6583=ORIENTED_EDGE('',*,*,#3920,.T.);
#6584=ORIENTED_EDGE('',*,*,#3917,.T.);
#6585=ORIENTED_EDGE('',*,*,#3914,.T.);
#6586=ORIENTED_EDGE('',*,*,#3911,.T.);
#6587=ORIENTED_EDGE('',*,*,#3793,.T.);
#6588=ORIENTED_EDGE('',*,*,#3881,.T.);
#6589=ORIENTED_EDGE('',*,*,#3878,.T.);
#6590=ORIENTED_EDGE('',*,*,#3875,.T.);
#6591=ORIENTED_EDGE('',*,*,#3872,.T.);
#6592=ORIENTED_EDGE('',*,*,#3869,.T.);
#6593=ORIENTED_EDGE('',*,*,#3866,.T.);
#6594=ORIENTED_EDGE('',*,*,#3863,.T.);
#6595=ORIENTED_EDGE('',*,*,#3860,.T.);
#6596=ORIENTED_EDGE('',*,*,#3857,.T.);
#6597=ORIENTED_EDGE('',*,*,#3854,.T.);
#6598=ORIENTED_EDGE('',*,*,#3851,.T.);
#6599=ORIENTED_EDGE('',*,*,#3848,.T.);
#6600=ORIENTED_EDGE('',*,*,#3845,.T.);
#6601=ORIENTED_EDGE('',*,*,#3842,.T.);
#6602=ORIENTED_EDGE('',*,*,#3839,.T.);
#6603=ORIENTED_EDGE('',*,*,#3836,.T.);
#6604=ORIENTED_EDGE('',*,*,#3833,.T.);
#6605=ORIENTED_EDGE('',*,*,#3830,.T.);
#6606=ORIENTED_EDGE('',*,*,#3827,.T.);
#6607=ORIENTED_EDGE('',*,*,#3824,.T.);
#6608=ORIENTED_EDGE('',*,*,#3821,.T.);
#6609=ORIENTED_EDGE('',*,*,#3818,.T.);
#6610=ORIENTED_EDGE('',*,*,#3815,.T.);
#6611=ORIENTED_EDGE('',*,*,#3812,.T.);
#6612=ORIENTED_EDGE('',*,*,#3809,.T.);
#6613=ORIENTED_EDGE('',*,*,#3806,.T.);
#6614=ORIENTED_EDGE('',*,*,#3803,.T.);
#6615=ORIENTED_EDGE('',*,*,#3800,.T.);
#6616=ORIENTED_EDGE('',*,*,#3797,.T.);
#6617=ORIENTED_EDGE('',*,*,#3739,.T.);
#6618=ORIENTED_EDGE('',*,*,#3791,.T.);
#6619=ORIENTED_EDGE('',*,*,#3788,.T.);
#6620=ORIENTED_EDGE('',*,*,#3785,.T.);
#6621=ORIENTED_EDGE('',*,*,#3782,.T.);
#6622=ORIENTED_EDGE('',*,*,#3779,.T.);
#6623=ORIENTED_EDGE('',*,*,#3776,.T.);
#6624=ORIENTED_EDGE('',*,*,#3773,.T.);
#6625=ORIENTED_EDGE('',*,*,#3770,.T.);
#6626=ORIENTED_EDGE('',*,*,#3767,.T.);
#6627=ORIENTED_EDGE('',*,*,#3764,.T.);
#6628=ORIENTED_EDGE('',*,*,#3761,.T.);
#6629=ORIENTED_EDGE('',*,*,#3758,.T.);
#6630=ORIENTED_EDGE('',*,*,#3755,.T.);
#6631=ORIENTED_EDGE('',*,*,#3752,.T.);
#6632=ORIENTED_EDGE('',*,*,#3749,.T.);
#6633=ORIENTED_EDGE('',*,*,#3746,.T.);
#6634=ORIENTED_EDGE('',*,*,#3743,.T.);
#6635=ORIENTED_EDGE('',*,*,#3712,.T.);
#6636=ORIENTED_EDGE('',*,*,#3722,.T.);
#6637=ORIENTED_EDGE('',*,*,#3719,.T.);
#6638=ORIENTED_EDGE('',*,*,#3716,.T.);
#6639=PLANE('',#7283);
#6640=PLANE('',#7285);
#6641=PLANE('',#7287);
#6642=PLANE('',#7288);
#6643=PLANE('',#7289);
#6644=PLANE('',#7290);
#6645=PLANE('',#7291);
#6646=PLANE('',#7292);
#6647=PLANE('',#7293);
#6648=PLANE('',#7294);
#6649=PLANE('',#7295);
#6650=PLANE('',#7296);
#6651=PLANE('',#7297);
#6652=PLANE('',#7298);
#6653=PLANE('',#7299);
#6654=PLANE('',#7300);
#6655=PLANE('',#7301);
#6656=PLANE('',#7302);
#6657=PLANE('',#7303);
#6658=PLANE('',#7304);
#6659=PLANE('',#7305);
#6660=PLANE('',#7306);
#6661=PLANE('',#7307);
#6662=PLANE('',#7308);
#6663=PLANE('',#7309);
#6664=PLANE('',#7310);
#6665=PLANE('',#7311);
#6666=PLANE('',#7312);
#6667=PLANE('',#7313);
#6668=PLANE('',#7314);
#6669=PLANE('',#7315);
#6670=PLANE('',#7316);
#6671=PLANE('',#7321);
#6672=PLANE('',#7326);
#6673=PLANE('',#7331);
#6674=PLANE('',#7340);
#6675=PLANE('',#7352);
#6676=PLANE('',#7354);
#6677=PLANE('',#7358);
#6678=PLANE('',#7360);
#6679=PLANE('',#7361);
#6680=PLANE('',#7366);
#6681=PLANE('',#7373);
#6682=PLANE('',#7378);
#6683=PLANE('',#7379);
#6684=PLANE('',#7380);
#6685=PLANE('',#7381);
#6686=PLANE('',#7382);
#6687=PLANE('',#7383);
#6688=PLANE('',#7384);
#6689=PLANE('',#7385);
#6690=PLANE('',#7386);
#6691=PLANE('',#7387);
#6692=PLANE('',#7388);
#6693=PLANE('',#7389);
#6694=PLANE('',#7390);
#6695=PLANE('',#7391);
#6696=PLANE('',#7392);
#6697=PLANE('',#7393);
#6698=PLANE('',#7394);
#6699=PLANE('',#7395);
#6700=PLANE('',#7396);
#6701=PLANE('',#7397);
#6702=PLANE('',#7398);
#6703=PLANE('',#7399);
#6704=PLANE('',#7400);
#6705=PLANE('',#7401);
#6706=PLANE('',#7402);
#6707=PLANE('',#7403);
#6708=PLANE('',#7404);
#6709=PLANE('',#7405);
#6710=PLANE('',#7406);
#6711=PLANE('',#7407);
#6712=PLANE('',#7408);
#6713=PLANE('',#7409);
#6714=PLANE('',#7410);
#6715=PLANE('',#7411);
#6716=PLANE('',#7412);
#6717=PLANE('',#7413);
#6718=PLANE('',#7414);
#6719=PLANE('',#7415);
#6720=PLANE('',#7416);
#6721=PLANE('',#7417);
#6722=PLANE('',#7418);
#6723=PLANE('',#7419);
#6724=PLANE('',#7420);
#6725=PLANE('',#7421);
#6726=PLANE('',#7422);
#6727=PLANE('',#7423);
#6728=PLANE('',#7424);
#6729=PLANE('',#7425);
#6730=PLANE('',#7426);
#6731=PLANE('',#7427);
#6732=PLANE('',#7428);
#6733=PLANE('',#7429);
#6734=PLANE('',#7430);
#6735=PLANE('',#7431);
#6736=PLANE('',#7432);
#6737=PLANE('',#7433);
#6738=PLANE('',#7434);
#6739=PLANE('',#7435);
#6740=PLANE('',#7436);
#6741=PLANE('',#7437);
#6742=PLANE('',#7438);
#6743=PLANE('',#7439);
#6744=PLANE('',#7440);
#6745=PLANE('',#7441);
#6746=PLANE('',#7442);
#6747=PLANE('',#7443);
#6748=PLANE('',#7444);
#6749=PLANE('',#7445);
#6750=PLANE('',#7446);
#6751=PLANE('',#7447);
#6752=PLANE('',#7448);
#6753=PLANE('',#7449);
#6754=PLANE('',#7450);
#6755=PLANE('',#7451);
#6756=PLANE('',#7452);
#6757=PLANE('',#7453);
#6758=PLANE('',#7454);
#6759=PLANE('',#7455);
#6760=PLANE('',#7456);
#6761=PLANE('',#7457);
#6762=PLANE('',#7458);
#6763=PLANE('',#7459);
#6764=PLANE('',#7460);
#6765=PLANE('',#7461);
#6766=PLANE('',#7462);
#6767=PLANE('',#7463);
#6768=PLANE('',#7464);
#6769=PLANE('',#7465);
#6770=PLANE('',#7466);
#6771=PLANE('',#7467);
#6772=PLANE('',#7485);
#6773=PLANE('',#7486);
#6774=PLANE('',#7488);
#6775=PLANE('',#7490);
#6776=PLANE('',#7503);
#6777=PLANE('',#7506);
#6778=PLANE('',#7507);
#6779=PLANE('',#7508);
#6780=PLANE('',#7509);
#6781=PLANE('',#7510);
#6782=PLANE('',#7511);
#6783=PLANE('',#7512);
#6784=PLANE('',#7513);
#6785=PLANE('',#7514);
#6786=PLANE('',#7515);
#6787=PLANE('',#7516);
#6788=PLANE('',#7519);
#6789=PLANE('',#7520);
#6790=PLANE('',#7521);
#6791=PLANE('',#7522);
#6792=PLANE('',#7523);
#6793=PLANE('',#7524);
#6794=PLANE('',#7525);
#6795=PLANE('',#7526);
#6796=PLANE('',#7527);
#6797=PLANE('',#7528);
#6798=PLANE('',#7529);
#6799=PLANE('',#7530);
#6800=PLANE('',#7531);
#6801=PLANE('',#7532);
#6802=PLANE('',#7533);
#6803=PLANE('',#7534);
#6804=PLANE('',#7535);
#6805=PLANE('',#7536);
#6806=PLANE('',#7537);
#6807=PLANE('',#7538);
#6808=PLANE('',#7539);
#6809=PLANE('',#7540);
#6810=PLANE('',#7541);
#6811=PLANE('',#7542);
#6812=PLANE('',#7543);
#6813=PLANE('',#7544);
#6814=PLANE('',#7545);
#6815=PLANE('',#7546);
#6816=PLANE('',#7547);
#6817=PLANE('',#7548);
#6818=PLANE('',#7549);
#6819=PLANE('',#7555);
#6820=PLANE('',#7556);
#6821=PLANE('',#7562);
#6822=PLANE('',#7563);
#6823=PLANE('',#7569);
#6824=PLANE('',#7570);
#6825=PLANE('',#7576);
#6826=PLANE('',#7579);
#6827=PLANE('',#7582);
#6828=PLANE('',#7583);
#6829=PLANE('',#7587);
#6830=PLANE('',#7588);
#6831=PLANE('',#7589);
#6832=PLANE('',#7593);
#6833=PLANE('',#7594);
#6834=PLANE('',#7595);
#6835=PLANE('',#7596);
#6836=PLANE('',#7597);
#6837=PLANE('',#7598);
#6838=PLANE('',#7599);
#6839=PLANE('',#7600);
#6840=PLANE('',#7601);
#6841=STYLED_ITEM('',(#12441),#6880);
#6842=STYLED_ITEM('',(#12441),#6881);
#6843=STYLED_ITEM('',(#12441),#6882);
#6844=STYLED_ITEM('',(#12441),#6884);
#6845=STYLED_ITEM('',(#12441),#6886);
#6846=STYLED_ITEM('',(#12441),#6887);
#6847=STYLED_ITEM('',(#12441),#6888);
#6848=STYLED_ITEM('',(#12441),#6889);
#6849=STYLED_ITEM('',(#12441),#6892);
#6850=STYLED_ITEM('',(#12441),#6893);
#6851=STYLED_ITEM('',(#12441),#6894);
#6852=STYLED_ITEM('',(#12441),#6895);
#6853=STYLED_ITEM('',(#12441),#6896);
#6854=STYLED_ITEM('',(#12441),#6897);
#6855=STYLED_ITEM('',(#12441),#6898);
#6856=STYLED_ITEM('',(#12441),#6899);
#6857=STYLED_ITEM('',(#12441),#6900);
#6858=STYLED_ITEM('',(#12441),#6902);
#6859=STYLED_ITEM('',(#12441),#6903);
#6860=STYLED_ITEM('',(#12441),#6904);
#6861=STYLED_ITEM('',(#12441),#6905);
#6862=STYLED_ITEM('',(#12441),#6906);
#6863=STYLED_ITEM('',(#12441),#6907);
#6864=STYLED_ITEM('',(#12441),#6908);
#6865=STYLED_ITEM('',(#12441),#6909);
#6866=STYLED_ITEM('',(#12441),#6910);
#6867=STYLED_ITEM('',(#12441),#6911);
#6868=STYLED_ITEM('',(#12442),#6958);
#6869=STYLED_ITEM('',(#12442),#6982);
#6870=STYLED_ITEM('',(#12443),#7013);
#6871=STYLED_ITEM('',(#12443),#7032);
#6872=STYLED_ITEM('',(#12443),#7051);
#6873=STYLED_ITEM('',(#12443),#7062);
#6874=STYLED_ITEM('',(#12443),#7086);
#6875=STYLED_ITEM('',(#12443),#7103);
#6876=STYLED_ITEM('',(#12442),#7125);
#6877=STYLED_ITEM('',(#12442),#7156);
#6878=STYLED_ITEM('',(#12442),#7169);
#6879=STYLED_ITEM('',(#12440),#13);
#6880=ADVANCED_FACE('',(#602),#6639,.T.);
#6881=ADVANCED_FACE('',(#603),#6640,.T.);
#6882=ADVANCED_FACE('',(#604),#6641,.T.);
#6883=ADVANCED_FACE('',(#605),#6642,.T.);
#6884=ADVANCED_FACE('',(#606),#6643,.F.);
#6885=ADVANCED_FACE('',(#607),#6644,.T.);
#6886=ADVANCED_FACE('',(#608),#6645,.T.);
#6887=ADVANCED_FACE('',(#609),#6646,.T.);
#6888=ADVANCED_FACE('',(#610),#6647,.T.);
#6889=ADVANCED_FACE('',(#611),#6648,.F.);
#6890=ADVANCED_FACE('',(#612,#555,#556),#6649,.T.);
#6891=ADVANCED_FACE('',(#613),#6650,.T.);
#6892=ADVANCED_FACE('',(#614),#6651,.T.);
#6893=ADVANCED_FACE('',(#615),#6652,.T.);
#6894=ADVANCED_FACE('',(#616),#6653,.T.);
#6895=ADVANCED_FACE('',(#617),#6654,.F.);
#6896=ADVANCED_FACE('',(#618),#6655,.T.);
#6897=ADVANCED_FACE('',(#619),#6656,.T.);
#6898=ADVANCED_FACE('',(#620),#6657,.T.);
#6899=ADVANCED_FACE('',(#621),#6658,.T.);
#6900=ADVANCED_FACE('',(#622),#6659,.T.);
#6901=ADVANCED_FACE('',(#623),#6660,.F.);
#6902=ADVANCED_FACE('',(#624),#6661,.T.);
#6903=ADVANCED_FACE('',(#625),#6662,.T.);
#6904=ADVANCED_FACE('',(#626),#6663,.T.);
#6905=ADVANCED_FACE('',(#627),#6664,.T.);
#6906=ADVANCED_FACE('',(#628),#6665,.T.);
#6907=ADVANCED_FACE('',(#629),#6666,.T.);
#6908=ADVANCED_FACE('',(#630),#6667,.T.);
#6909=ADVANCED_FACE('',(#631),#6668,.T.);
#6910=ADVANCED_FACE('',(#632),#6669,.T.);
#6911=ADVANCED_FACE('',(#633),#6670,.T.);
#6912=ADVANCED_FACE('',(#634),#524,.F.);
#6913=ADVANCED_FACE('',(#635),#6671,.T.);
#6914=ADVANCED_FACE('',(#636),#525,.F.);
#6915=ADVANCED_FACE('',(#637),#6672,.T.);
#6916=ADVANCED_FACE('',(#638),#526,.F.);
#6917=ADVANCED_FACE('',(#639),#6673,.T.);
#6918=ADVANCED_FACE('',(#640),#527,.F.);
#6919=ADVANCED_FACE('',(#641),#222,.T.);
#6920=ADVANCED_FACE('',(#642),#6674,.T.);
#6921=ADVANCED_FACE('',(#643),#223,.T.);
#6922=ADVANCED_FACE('',(#644),#164,.T.);
#6923=ADVANCED_FACE('',(#645),#528,.T.);
#6924=ADVANCED_FACE('',(#646),#165,.T.);
#6925=ADVANCED_FACE('',(#647),#6675,.T.);
#6926=ADVANCED_FACE('',(#648),#6676,.T.);
#6927=ADVANCED_FACE('',(#649),#224,.T.);
#6928=ADVANCED_FACE('',(#650),#6677,.T.);
#6929=ADVANCED_FACE('',(#651),#6678,.F.);
#6930=ADVANCED_FACE('',(#652,#557,#558,#559,#560),#6679,.T.);
#6931=ADVANCED_FACE('',(#653),#529,.T.);
#6932=ADVANCED_FACE('',(#654,#561,#562),#6680,.T.);
#6933=ADVANCED_FACE('',(#655),#530,.T.);
#6934=ADVANCED_FACE('',(#656),#225,.T.);
#6935=ADVANCED_FACE('',(#657),#6681,.T.);
#6936=ADVANCED_FACE('',(#658),#531,.T.);
#6937=ADVANCED_FACE('',(#659),#532,.T.);
#6938=ADVANCED_FACE('',(#660),#6682,.F.);
#6939=ADVANCED_FACE('',(#661),#6683,.F.);
#6940=ADVANCED_FACE('',(#662),#6684,.F.);
#6941=ADVANCED_FACE('',(#663),#6685,.F.);
#6942=ADVANCED_FACE('',(#664),#6686,.F.);
#6943=ADVANCED_FACE('',(#665),#6687,.F.);
#6944=ADVANCED_FACE('',(#666),#6688,.F.);
#6945=ADVANCED_FACE('',(#667),#6689,.F.);
#6946=ADVANCED_FACE('',(#668),#6690,.F.);
#6947=ADVANCED_FACE('',(#669),#6691,.F.);
#6948=ADVANCED_FACE('',(#670),#6692,.F.);
#6949=ADVANCED_FACE('',(#671),#6693,.F.);
#6950=ADVANCED_FACE('',(#672),#6694,.F.);
#6951=ADVANCED_FACE('',(#673),#6695,.F.);
#6952=ADVANCED_FACE('',(#674),#6696,.F.);
#6953=ADVANCED_FACE('',(#675),#6697,.F.);
#6954=ADVANCED_FACE('',(#676),#6698,.F.);
#6955=ADVANCED_FACE('',(#677),#6699,.F.);
#6956=ADVANCED_FACE('',(#678),#6700,.F.);
#6957=ADVANCED_FACE('',(#679),#6701,.F.);
#6958=ADVANCED_FACE('',(#680),#6702,.F.);
#6959=ADVANCED_FACE('',(#681),#18,.F.);
#6960=ADVANCED_FACE('',(#682),#6703,.F.);
#6961=ADVANCED_FACE('',(#683),#19,.F.);
#6962=ADVANCED_FACE('',(#684),#20,.F.);
#6963=ADVANCED_FACE('',(#685),#21,.F.);
#6964=ADVANCED_FACE('',(#686),#22,.F.);
#6965=ADVANCED_FACE('',(#687),#23,.F.);
#6966=ADVANCED_FACE('',(#688),#24,.F.);
#6967=ADVANCED_FACE('',(#689),#25,.F.);
#6968=ADVANCED_FACE('',(#690),#26,.F.);
#6969=ADVANCED_FACE('',(#691),#27,.F.);
#6970=ADVANCED_FACE('',(#692),#28,.F.);
#6971=ADVANCED_FACE('',(#693),#6704,.F.);
#6972=ADVANCED_FACE('',(#694),#29,.F.);
#6973=ADVANCED_FACE('',(#695),#30,.F.);
#6974=ADVANCED_FACE('',(#696),#31,.F.);
#6975=ADVANCED_FACE('',(#697),#32,.F.);
#6976=ADVANCED_FACE('',(#698),#6705,.F.);
#6977=ADVANCED_FACE('',(#699),#6706,.F.);
#6978=ADVANCED_FACE('',(#700),#33,.F.);
#6979=ADVANCED_FACE('',(#701),#34,.F.);
#6980=ADVANCED_FACE('',(#702),#35,.F.);
#6981=ADVANCED_FACE('',(#703),#36,.F.);
#6982=ADVANCED_FACE('',(#704,#563),#6707,.T.);
#6983=ADVANCED_FACE('',(#705),#37,.F.);
#6984=ADVANCED_FACE('',(#706),#38,.F.);
#6985=ADVANCED_FACE('',(#707),#39,.F.);
#6986=ADVANCED_FACE('',(#708),#40,.F.);
#6987=ADVANCED_FACE('',(#709),#41,.F.);
#6988=ADVANCED_FACE('',(#710),#42,.F.);
#6989=ADVANCED_FACE('',(#711),#43,.F.);
#6990=ADVANCED_FACE('',(#712),#44,.F.);
#6991=ADVANCED_FACE('',(#713),#45,.F.);
#6992=ADVANCED_FACE('',(#714),#6708,.F.);
#6993=ADVANCED_FACE('',(#715),#46,.F.);
#6994=ADVANCED_FACE('',(#716),#47,.F.);
#6995=ADVANCED_FACE('',(#717),#48,.F.);
#6996=ADVANCED_FACE('',(#718),#49,.F.);
#6997=ADVANCED_FACE('',(#719),#50,.F.);
#6998=ADVANCED_FACE('',(#720),#51,.F.);
#6999=ADVANCED_FACE('',(#721),#52,.F.);
#7000=ADVANCED_FACE('',(#722),#53,.F.);
#7001=ADVANCED_FACE('',(#723),#54,.F.);
#7002=ADVANCED_FACE('',(#724),#55,.F.);
#7003=ADVANCED_FACE('',(#725),#56,.F.);
#7004=ADVANCED_FACE('',(#726),#57,.F.);
#7005=ADVANCED_FACE('',(#727),#58,.F.);
#7006=ADVANCED_FACE('',(#728),#59,.F.);
#7007=ADVANCED_FACE('',(#729),#6709,.F.);
#7008=ADVANCED_FACE('',(#730),#60,.F.);
#7009=ADVANCED_FACE('',(#731),#61,.F.);
#7010=ADVANCED_FACE('',(#732),#62,.F.);
#7011=ADVANCED_FACE('',(#733),#63,.F.);
#7012=ADVANCED_FACE('',(#734),#64,.F.);
#7013=ADVANCED_FACE('',(#735),#6710,.T.);
#7014=ADVANCED_FACE('',(#736),#65,.F.);
#7015=ADVANCED_FACE('',(#737),#66,.F.);
#7016=ADVANCED_FACE('',(#738),#67,.F.);
#7017=ADVANCED_FACE('',(#739),#68,.F.);
#7018=ADVANCED_FACE('',(#740),#69,.F.);
#7019=ADVANCED_FACE('',(#741),#70,.F.);
#7020=ADVANCED_FACE('',(#742),#71,.F.);
#7021=ADVANCED_FACE('',(#743),#72,.F.);
#7022=ADVANCED_FACE('',(#744),#73,.F.);
#7023=ADVANCED_FACE('',(#745),#74,.F.);
#7024=ADVANCED_FACE('',(#746),#75,.F.);
#7025=ADVANCED_FACE('',(#747),#76,.F.);
#7026=ADVANCED_FACE('',(#748),#77,.F.);
#7027=ADVANCED_FACE('',(#749),#78,.F.);
#7028=ADVANCED_FACE('',(#750),#79,.F.);
#7029=ADVANCED_FACE('',(#751),#80,.F.);
#7030=ADVANCED_FACE('',(#752),#81,.F.);
#7031=ADVANCED_FACE('',(#753),#82,.F.);
#7032=ADVANCED_FACE('',(#754,#564),#6711,.T.);
#7033=ADVANCED_FACE('',(#755),#83,.F.);
#7034=ADVANCED_FACE('',(#756),#84,.F.);
#7035=ADVANCED_FACE('',(#757),#85,.F.);
#7036=ADVANCED_FACE('',(#758),#86,.F.);
#7037=ADVANCED_FACE('',(#759),#87,.F.);
#7038=ADVANCED_FACE('',(#760),#88,.F.);
#7039=ADVANCED_FACE('',(#761),#89,.F.);
#7040=ADVANCED_FACE('',(#762),#90,.F.);
#7041=ADVANCED_FACE('',(#763),#91,.F.);
#7042=ADVANCED_FACE('',(#764),#92,.F.);
#7043=ADVANCED_FACE('',(#765),#93,.F.);
#7044=ADVANCED_FACE('',(#766),#94,.F.);
#7045=ADVANCED_FACE('',(#767),#95,.F.);
#7046=ADVANCED_FACE('',(#768),#96,.F.);
#7047=ADVANCED_FACE('',(#769),#97,.F.);
#7048=ADVANCED_FACE('',(#770),#98,.F.);
#7049=ADVANCED_FACE('',(#771),#99,.F.);
#7050=ADVANCED_FACE('',(#772),#100,.F.);
#7051=ADVANCED_FACE('',(#773,#565),#6712,.T.);
#7052=ADVANCED_FACE('',(#774),#6713,.F.);
#7053=ADVANCED_FACE('',(#775),#6714,.F.);
#7054=ADVANCED_FACE('',(#776),#6715,.F.);
#7055=ADVANCED_FACE('',(#777),#6716,.F.);
#7056=ADVANCED_FACE('',(#778),#6717,.F.);
#7057=ADVANCED_FACE('',(#779),#6718,.F.);
#7058=ADVANCED_FACE('',(#780),#6719,.F.);
#7059=ADVANCED_FACE('',(#781),#6720,.F.);
#7060=ADVANCED_FACE('',(#782),#6721,.F.);
#7061=ADVANCED_FACE('',(#783),#6722,.F.);
#7062=ADVANCED_FACE('',(#784),#6723,.F.);
#7063=ADVANCED_FACE('',(#785),#101,.F.);
#7064=ADVANCED_FACE('',(#786),#6724,.F.);
#7065=ADVANCED_FACE('',(#787),#102,.F.);
#7066=ADVANCED_FACE('',(#788),#103,.F.);
#7067=ADVANCED_FACE('',(#789),#104,.F.);
#7068=ADVANCED_FACE('',(#790),#105,.F.);
#7069=ADVANCED_FACE('',(#791),#106,.F.);
#7070=ADVANCED_FACE('',(#792),#107,.F.);
#7071=ADVANCED_FACE('',(#793),#108,.F.);
#7072=ADVANCED_FACE('',(#794),#109,.F.);
#7073=ADVANCED_FACE('',(#795),#110,.F.);
#7074=ADVANCED_FACE('',(#796),#111,.F.);
#7075=ADVANCED_FACE('',(#797),#6725,.F.);
#7076=ADVANCED_FACE('',(#798),#112,.F.);
#7077=ADVANCED_FACE('',(#799),#113,.F.);
#7078=ADVANCED_FACE('',(#800),#114,.F.);
#7079=ADVANCED_FACE('',(#801),#115,.F.);
#7080=ADVANCED_FACE('',(#802),#6726,.F.);
#7081=ADVANCED_FACE('',(#803),#6727,.F.);
#7082=ADVANCED_FACE('',(#804),#116,.F.);
#7083=ADVANCED_FACE('',(#805),#117,.F.);
#7084=ADVANCED_FACE('',(#806),#118,.F.);
#7085=ADVANCED_FACE('',(#807),#119,.F.);
#7086=ADVANCED_FACE('',(#808,#566),#6728,.T.);
#7087=ADVANCED_FACE('',(#809),#120,.F.);
#7088=ADVANCED_FACE('',(#810),#6729,.F.);
#7089=ADVANCED_FACE('',(#811),#6730,.F.);
#7090=ADVANCED_FACE('',(#812),#6731,.F.);
#7091=ADVANCED_FACE('',(#813),#6732,.F.);
#7092=ADVANCED_FACE('',(#814),#6733,.F.);
#7093=ADVANCED_FACE('',(#815),#6734,.F.);
#7094=ADVANCED_FACE('',(#816),#121,.F.);
#7095=ADVANCED_FACE('',(#817),#122,.F.);
#7096=ADVANCED_FACE('',(#818),#123,.F.);
#7097=ADVANCED_FACE('',(#819),#6735,.F.);
#7098=ADVANCED_FACE('',(#820),#6736,.F.);
#7099=ADVANCED_FACE('',(#821),#6737,.F.);
#7100=ADVANCED_FACE('',(#822),#124,.F.);
#7101=ADVANCED_FACE('',(#823),#125,.F.);
#7102=ADVANCED_FACE('',(#824),#126,.F.);
#7103=ADVANCED_FACE('',(#825),#6738,.T.);
#7104=ADVANCED_FACE('',(#826),#127,.F.);
#7105=ADVANCED_FACE('',(#827),#6739,.F.);
#7106=ADVANCED_FACE('',(#828),#6740,.F.);
#7107=ADVANCED_FACE('',(#829),#6741,.F.);
#7108=ADVANCED_FACE('',(#830),#6742,.F.);
#7109=ADVANCED_FACE('',(#831),#6743,.F.);
#7110=ADVANCED_FACE('',(#832),#6744,.F.);
#7111=ADVANCED_FACE('',(#833),#6745,.F.);
#7112=ADVANCED_FACE('',(#834),#6746,.F.);
#7113=ADVANCED_FACE('',(#835),#6747,.F.);
#7114=ADVANCED_FACE('',(#836),#6748,.F.);
#7115=ADVANCED_FACE('',(#837),#6749,.F.);
#7116=ADVANCED_FACE('',(#838),#128,.F.);
#7117=ADVANCED_FACE('',(#839),#129,.F.);
#7118=ADVANCED_FACE('',(#840),#130,.F.);
#7119=ADVANCED_FACE('',(#841),#131,.F.);
#7120=ADVANCED_FACE('',(#842),#132,.F.);
#7121=ADVANCED_FACE('',(#843),#6750,.F.);
#7122=ADVANCED_FACE('',(#844),#133,.F.);
#7123=ADVANCED_FACE('',(#845),#134,.F.);
#7124=ADVANCED_FACE('',(#846),#135,.F.);
#7125=ADVANCED_FACE('',(#847),#6751,.T.);
#7126=ADVANCED_FACE('',(#848),#136,.F.);
#7127=ADVANCED_FACE('',(#849),#137,.F.);
#7128=ADVANCED_FACE('',(#850),#138,.F.);
#7129=ADVANCED_FACE('',(#851),#139,.F.);
#7130=ADVANCED_FACE('',(#852),#140,.F.);
#7131=ADVANCED_FACE('',(#853),#141,.F.);
#7132=ADVANCED_FACE('',(#854),#142,.F.);
#7133=ADVANCED_FACE('',(#855),#143,.F.);
#7134=ADVANCED_FACE('',(#856),#144,.F.);
#7135=ADVANCED_FACE('',(#857),#6752,.F.);
#7136=ADVANCED_FACE('',(#858),#145,.F.);
#7137=ADVANCED_FACE('',(#859),#146,.F.);
#7138=ADVANCED_FACE('',(#860),#147,.F.);
#7139=ADVANCED_FACE('',(#861),#148,.F.);
#7140=ADVANCED_FACE('',(#862),#149,.F.);
#7141=ADVANCED_FACE('',(#863),#150,.F.);
#7142=ADVANCED_FACE('',(#864),#151,.F.);
#7143=ADVANCED_FACE('',(#865),#152,.F.);
#7144=ADVANCED_FACE('',(#866),#153,.F.);
#7145=ADVANCED_FACE('',(#867),#154,.F.);
#7146=ADVANCED_FACE('',(#868),#155,.F.);
#7147=ADVANCED_FACE('',(#869),#156,.F.);
#7148=ADVANCED_FACE('',(#870),#157,.F.);
#7149=ADVANCED_FACE('',(#871),#158,.F.);
#7150=ADVANCED_FACE('',(#872),#6753,.F.);
#7151=ADVANCED_FACE('',(#873),#159,.F.);
#7152=ADVANCED_FACE('',(#874),#160,.F.);
#7153=ADVANCED_FACE('',(#875),#161,.F.);
#7154=ADVANCED_FACE('',(#876),#162,.F.);
#7155=ADVANCED_FACE('',(#877),#163,.F.);
#7156=ADVANCED_FACE('',(#878),#6754,.T.);
#7157=ADVANCED_FACE('',(#879),#6755,.F.);
#7158=ADVANCED_FACE('',(#880),#6756,.F.);
#7159=ADVANCED_FACE('',(#881),#6757,.F.);
#7160=ADVANCED_FACE('',(#882),#6758,.F.);
#7161=ADVANCED_FACE('',(#883),#6759,.F.);
#7162=ADVANCED_FACE('',(#884),#6760,.F.);
#7163=ADVANCED_FACE('',(#885),#6761,.F.);
#7164=ADVANCED_FACE('',(#886),#6762,.F.);
#7165=ADVANCED_FACE('',(#887),#6763,.F.);
#7166=ADVANCED_FACE('',(#888),#6764,.F.);
#7167=ADVANCED_FACE('',(#889),#6765,.F.);
#7168=ADVANCED_FACE('',(#890),#6766,.F.);
#7169=ADVANCED_FACE('',(#891),#6767,.F.);
#7170=ADVANCED_FACE('',(#892),#6768,.T.);
#7171=ADVANCED_FACE('',(#893),#6769,.T.);
#7172=ADVANCED_FACE('',(#894),#6770,.T.);
#7173=ADVANCED_FACE('',(#895),#6771,.T.);
#7174=ADVANCED_FACE('',(#896),#533,.T.);
#7175=ADVANCED_FACE('',(#897),#534,.T.);
#7176=ADVANCED_FACE('',(#898),#14,.T.);
#7177=ADVANCED_FACE('',(#899),#535,.T.);
#7178=ADVANCED_FACE('',(#900),#15,.T.);
#7179=ADVANCED_FACE('',(#901),#536,.T.);
#7180=ADVANCED_FACE('',(#902),#16,.T.);
#7181=ADVANCED_FACE('',(#903),#17,.T.);
#7182=ADVANCED_FACE('',(#904),#6772,.T.);
#7183=ADVANCED_FACE('',(#905),#6773,.T.);
#7184=ADVANCED_FACE('',(#906),#537,.T.);
#7185=ADVANCED_FACE('',(#907),#6774,.T.);
#7186=ADVANCED_FACE('',(#908),#538,.T.);
#7187=ADVANCED_FACE('',(#909,#567,#568,#569,#570,#571,#572),#6775,.F.);
#7188=ADVANCED_FACE('',(#910),#539,.F.);
#7189=ADVANCED_FACE('',(#911),#6776,.F.);
#7190=ADVANCED_FACE('',(#912),#540,.F.);
#7191=ADVANCED_FACE('',(#913),#6777,.F.);
#7192=ADVANCED_FACE('',(#914,#573,#574,#575,#576),#6778,.F.);
#7193=ADVANCED_FACE('',(#915),#6779,.F.);
#7194=ADVANCED_FACE('',(#916),#6780,.F.);
#7195=ADVANCED_FACE('',(#917),#6781,.F.);
#7196=ADVANCED_FACE('',(#918),#6782,.F.);
#7197=ADVANCED_FACE('',(#919),#6783,.F.);
#7198=ADVANCED_FACE('',(#920),#6784,.F.);
#7199=ADVANCED_FACE('',(#921),#6785,.F.);
#7200=ADVANCED_FACE('',(#922),#6786,.F.);
#7201=ADVANCED_FACE('',(#923),#6787,.F.);
#7202=ADVANCED_FACE('',(#924),#6788,.F.);
#7203=ADVANCED_FACE('',(#925),#6789,.T.);
#7204=ADVANCED_FACE('',(#926),#6790,.F.);
#7205=ADVANCED_FACE('',(#927),#6791,.F.);
#7206=ADVANCED_FACE('',(#928),#6792,.F.);
#7207=ADVANCED_FACE('',(#929),#6793,.F.);
#7208=ADVANCED_FACE('',(#930),#6794,.F.);
#7209=ADVANCED_FACE('',(#931),#6795,.F.);
#7210=ADVANCED_FACE('',(#932),#6796,.F.);
#7211=ADVANCED_FACE('',(#933),#6797,.F.);
#7212=ADVANCED_FACE('',(#934,#577),#6798,.F.);
#7213=ADVANCED_FACE('',(#935,#578),#6799,.F.);
#7214=ADVANCED_FACE('',(#936),#6800,.F.);
#7215=ADVANCED_FACE('',(#937),#6801,.F.);
#7216=ADVANCED_FACE('',(#938),#6802,.F.);
#7217=ADVANCED_FACE('',(#939),#6803,.F.);
#7218=ADVANCED_FACE('',(#940),#6804,.F.);
#7219=ADVANCED_FACE('',(#941),#6805,.F.);
#7220=ADVANCED_FACE('',(#942),#6806,.F.);
#7221=ADVANCED_FACE('',(#943),#6807,.F.);
#7222=ADVANCED_FACE('',(#944),#6808,.F.);
#7223=ADVANCED_FACE('',(#945),#6809,.F.);
#7224=ADVANCED_FACE('',(#946),#6810,.F.);
#7225=ADVANCED_FACE('',(#947),#6811,.F.);
#7226=ADVANCED_FACE('',(#948),#6812,.F.);
#7227=ADVANCED_FACE('',(#949),#6813,.F.);
#7228=ADVANCED_FACE('',(#950),#6814,.F.);
#7229=ADVANCED_FACE('',(#951),#6815,.F.);
#7230=ADVANCED_FACE('',(#952),#6816,.F.);
#7231=ADVANCED_FACE('',(#953),#6817,.F.);
#7232=ADVANCED_FACE('',(#954,#579),#6818,.F.);
#7233=ADVANCED_FACE('',(#955),#541,.F.);
#7234=ADVANCED_FACE('',(#956),#542,.F.);
#7235=ADVANCED_FACE('',(#957),#6819,.F.);
#7236=ADVANCED_FACE('',(#958,#580),#6820,.F.);
#7237=ADVANCED_FACE('',(#959),#543,.F.);
#7238=ADVANCED_FACE('',(#960),#544,.F.);
#7239=ADVANCED_FACE('',(#961),#6821,.F.);
#7240=ADVANCED_FACE('',(#962,#581),#6822,.F.);
#7241=ADVANCED_FACE('',(#963),#545,.F.);
#7242=ADVANCED_FACE('',(#964),#546,.F.);
#7243=ADVANCED_FACE('',(#965),#6823,.F.);
#7244=ADVANCED_FACE('',(#966,#582),#6824,.F.);
#7245=ADVANCED_FACE('',(#967),#547,.F.);
#7246=ADVANCED_FACE('',(#968),#548,.F.);
#7247=ADVANCED_FACE('',(#969),#6825,.F.);
#7248=ADVANCED_FACE('',(#970),#549,.T.);
#7249=ADVANCED_FACE('',(#971),#6826,.F.);
#7250=ADVANCED_FACE('',(#972),#550,.T.);
#7251=ADVANCED_FACE('',(#973),#6827,.F.);
#7252=ADVANCED_FACE('',(#974),#6828,.F.);
#7253=ADVANCED_FACE('',(#975),#551,.T.);
#7254=ADVANCED_FACE('',(#976),#552,.T.);
#7255=ADVANCED_FACE('',(#977),#6829,.F.);
#7256=ADVANCED_FACE('',(#978),#6830,.F.);
#7257=ADVANCED_FACE('',(#979),#6831,.F.);
#7258=ADVANCED_FACE('',(#980),#553,.T.);
#7259=ADVANCED_FACE('',(#981),#554,.T.);
#7260=ADVANCED_FACE('',(#982),#6832,.F.);
#7261=ADVANCED_FACE('',(#983),#6833,.F.);
#7262=ADVANCED_FACE('',(#984),#6834,.F.);
#7263=ADVANCED_FACE('',(#985),#6835,.F.);
#7264=ADVANCED_FACE('',(#986,#583,#584,#585,#586),#6836,.F.);
#7265=ADVANCED_FACE('',(#987),#6837,.F.);
#7266=ADVANCED_FACE('',(#988),#6838,.F.);
#7267=ADVANCED_FACE('',(#989),#6839,.F.);
#7268=ADVANCED_FACE('',(#990,#587,#588,#589,#590,#591,#592,#593,#594,#595,
#596,#597,#598,#599,#600,#601),#6840,.T.);
#7269=CLOSED_SHELL('',(#6880,#6881,#6882,#6883,#6884,#6885,#6886,#6887,
#6888,#6889,#6890,#6891,#6892,#6893,#6894,#6895,#6896,#6897,#6898,#6899,
#6900,#6901,#6902,#6903,#6904,#6905,#6906,#6907,#6908,#6909,#6910,#6911,
#6912,#6913,#6914,#6915,#6916,#6917,#6918,#6919,#6920,#6921,#6922,#6923,
#6924,#6925,#6926,#6927,#6928,#6929,#6930,#6931,#6932,#6933,#6934,#6935,
#6936,#6937,#6938,#6939,#6940,#6941,#6942,#6943,#6944,#6945,#6946,#6947,
#6948,#6949,#6950,#6951,#6952,#6953,#6954,#6955,#6956,#6957,#6958,#6959,
#6960,#6961,#6962,#6963,#6964,#6965,#6966,#6967,#6968,#6969,#6970,#6971,
#6972,#6973,#6974,#6975,#6976,#6977,#6978,#6979,#6980,#6981,#6982,#6983,
#6984,#6985,#6986,#6987,#6988,#6989,#6990,#6991,#6992,#6993,#6994,#6995,
#6996,#6997,#6998,#6999,#7000,#7001,#7002,#7003,#7004,#7005,#7006,#7007,
#7008,#7009,#7010,#7011,#7012,#7013,#7014,#7015,#7016,#7017,#7018,#7019,
#7020,#7021,#7022,#7023,#7024,#7025,#7026,#7027,#7028,#7029,#7030,#7031,
#7032,#7033,#7034,#7035,#7036,#7037,#7038,#7039,#7040,#7041,#7042,#7043,
#7044,#7045,#7046,#7047,#7048,#7049,#7050,#7051,#7052,#7053,#7054,#7055,
#7056,#7057,#7058,#7059,#7060,#7061,#7062,#7063,#7064,#7065,#7066,#7067,
#7068,#7069,#7070,#7071,#7072,#7073,#7074,#7075,#7076,#7077,#7078,#7079,
#7080,#7081,#7082,#7083,#7084,#7085,#7086,#7087,#7088,#7089,#7090,#7091,
#7092,#7093,#7094,#7095,#7096,#7097,#7098,#7099,#7100,#7101,#7102,#7103,
#7104,#7105,#7106,#7107,#7108,#7109,#7110,#7111,#7112,#7113,#7114,#7115,
#7116,#7117,#7118,#7119,#7120,#7121,#7122,#7123,#7124,#7125,#7126,#7127,
#7128,#7129,#7130,#7131,#7132,#7133,#7134,#7135,#7136,#7137,#7138,#7139,
#7140,#7141,#7142,#7143,#7144,#7145,#7146,#7147,#7148,#7149,#7150,#7151,
#7152,#7153,#7154,#7155,#7156,#7157,#7158,#7159,#7160,#7161,#7162,#7163,
#7164,#7165,#7166,#7167,#7168,#7169,#7170,#7171,#7172,#7173,#7174,#7175,
#7176,#7177,#7178,#7179,#7180,#7181,#7182,#7183,#7184,#7185,#7186,#7187,
#7188,#7189,#7190,#7191,#7192,#7193,#7194,#7195,#7196,#7197,#7198,#7199,
#7200,#7201,#7202,#7203,#7204,#7205,#7206,#7207,#7208,#7209,#7210,#7211,
#7212,#7213,#7214,#7215,#7216,#7217,#7218,#7219,#7220,#7221,#7222,#7223,
#7224,#7225,#7226,#7227,#7228,#7229,#7230,#7231,#7232,#7233,#7234,#7235,
#7236,#7237,#7238,#7239,#7240,#7241,#7242,#7243,#7244,#7245,#7246,#7247,
#7248,#7249,#7250,#7251,#7252,#7253,#7254,#7255,#7256,#7257,#7258,#7259,
#7260,#7261,#7262,#7263,#7264,#7265,#7266,#7267,#7268));
#7270=DERIVED_UNIT_ELEMENT(#7272,1.);
#7271=DERIVED_UNIT_ELEMENT(#12425,-3.);
#7272=(
MASS_UNIT()
NAMED_UNIT(*)
SI_UNIT(.KILO.,.GRAM.)
);
#7273=DERIVED_UNIT((#7270,#7271));
#7274=MEASURE_REPRESENTATION_ITEM('density measure',
POSITIVE_RATIO_MEASURE(7850.),#7273);
#7275=PROPERTY_DEFINITION_REPRESENTATION(#7280,#7277);
#7276=PROPERTY_DEFINITION_REPRESENTATION(#7281,#7278);
#7277=REPRESENTATION('material name',(#7279),#12422);
#7278=REPRESENTATION('density',(#7274),#12422);
#7279=DESCRIPTIVE_REPRESENTATION_ITEM('Steel','Steel');
#7280=PROPERTY_DEFINITION('material property','material name',#12432);
#7281=PROPERTY_DEFINITION('material property','density of part',#12432);
#7282=AXIS2_PLACEMENT_3D('',#8916,#7602,#7603);
#7283=AXIS2_PLACEMENT_3D('',#8917,#7604,#7605);
#7284=AXIS2_PLACEMENT_3D('',#8922,#7607,#7608);
#7285=AXIS2_PLACEMENT_3D('',#8928,#7612,#7613);
#7286=AXIS2_PLACEMENT_3D('',#8930,#7614,#7615);
#7287=AXIS2_PLACEMENT_3D('',#8936,#7619,#7620);
#7288=AXIS2_PLACEMENT_3D('',#8942,#7624,#7625);
#7289=AXIS2_PLACEMENT_3D('',#8945,#7628,#7629);
#7290=AXIS2_PLACEMENT_3D('',#8946,#7630,#7631);
#7291=AXIS2_PLACEMENT_3D('',#8955,#7636,#7637);
#7292=AXIS2_PLACEMENT_3D('',#8961,#7641,#7642);
#7293=AXIS2_PLACEMENT_3D('',#8967,#7646,#7647);
#7294=AXIS2_PLACEMENT_3D('',#8970,#7650,#7651);
#7295=AXIS2_PLACEMENT_3D('',#8971,#7652,#7653);
#7296=AXIS2_PLACEMENT_3D('',#8989,#7663,#7664);
#7297=AXIS2_PLACEMENT_3D('',#8995,#7668,#7669);
#7298=AXIS2_PLACEMENT_3D('',#8999,#7672,#7673);
#7299=AXIS2_PLACEMENT_3D('',#9003,#7676,#7677);
#7300=AXIS2_PLACEMENT_3D('',#9005,#7679,#7680);
#7301=AXIS2_PLACEMENT_3D('',#9006,#7681,#7682);
#7302=AXIS2_PLACEMENT_3D('',#9017,#7688,#7689);
#7303=AXIS2_PLACEMENT_3D('',#9025,#7694,#7695);
#7304=AXIS2_PLACEMENT_3D('',#9031,#7699,#7700);
#7305=AXIS2_PLACEMENT_3D('',#9034,#7703,#7704);
#7306=AXIS2_PLACEMENT_3D('',#9035,#7705,#7706);
#7307=AXIS2_PLACEMENT_3D('',#9037,#7708,#7709);
#7308=AXIS2_PLACEMENT_3D('',#9046,#7714,#7715);
#7309=AXIS2_PLACEMENT_3D('',#9052,#7719,#7720);
#7310=AXIS2_PLACEMENT_3D('',#9058,#7724,#7725);
#7311=AXIS2_PLACEMENT_3D('',#9061,#7728,#7729);
#7312=AXIS2_PLACEMENT_3D('',#9062,#7730,#7731);
#7313=AXIS2_PLACEMENT_3D('',#9071,#7736,#7737);
#7314=AXIS2_PLACEMENT_3D('',#9077,#7741,#7742);
#7315=AXIS2_PLACEMENT_3D('',#9083,#7746,#7747);
#7316=AXIS2_PLACEMENT_3D('',#9086,#7750,#7751);
#7317=AXIS2_PLACEMENT_3D('',#9087,#7752,#7753);
#7318=AXIS2_PLACEMENT_3D('',#9090,#7754,#7755);
#7319=AXIS2_PLACEMENT_3D('',#9094,#7757,#7758);
#7320=AXIS2_PLACEMENT_3D('',#9097,#7760,#7761);
#7321=AXIS2_PLACEMENT_3D('',#9098,#7762,#7763);
#7322=AXIS2_PLACEMENT_3D('',#9104,#7767,#7768);
#7323=AXIS2_PLACEMENT_3D('',#9107,#7769,#7770);
#7324=AXIS2_PLACEMENT_3D('',#9111,#7772,#7773);
#7325=AXIS2_PLACEMENT_3D('',#9121,#7775,#7776);
#7326=AXIS2_PLACEMENT_3D('',#9122,#7777,#7778);
#7327=AXIS2_PLACEMENT_3D('',#9128,#7782,#7783);
#7328=AXIS2_PLACEMENT_3D('',#9130,#7784,#7785);
#7329=AXIS2_PLACEMENT_3D('',#9139,#7786,#7787);
#7330=AXIS2_PLACEMENT_3D('',#9142,#7789,#7790);
#7331=AXIS2_PLACEMENT_3D('',#9143,#7791,#7792);
#7332=AXIS2_PLACEMENT_3D('',#9149,#7796,#7797);
#7333=AXIS2_PLACEMENT_3D('',#9151,#7798,#7799);
#7334=AXIS2_PLACEMENT_3D('',#9152,#7800,#7801);
#7335=AXIS2_PLACEMENT_3D('',#9153,#7802,#7803);
#7336=AXIS2_PLACEMENT_3D('',#9154,#7804,#7805);
#7337=AXIS2_PLACEMENT_3D('',#9157,#7806,#7807);
#7338=AXIS2_PLACEMENT_3D('',#9159,#7808,#7809);
#7339=AXIS2_PLACEMENT_3D('',#9162,#7811,#7812);
#7340=AXIS2_PLACEMENT_3D('',#9163,#7813,#7814);
#7341=AXIS2_PLACEMENT_3D('',#9169,#7818,#7819);
#7342=AXIS2_PLACEMENT_3D('',#9172,#7820,#7821);
#7343=AXIS2_PLACEMENT_3D('',#9173,#7822,#7823);
#7344=AXIS2_PLACEMENT_3D('',#9174,#7824,#7825);
#7345=AXIS2_PLACEMENT_3D('',#9185,#7826,#7827);
#7346=AXIS2_PLACEMENT_3D('',#9187,#7828,#7829);
#7347=AXIS2_PLACEMENT_3D('',#9189,#7830,#7831);
#7348=AXIS2_PLACEMENT_3D('',#9194,#7832,#7833);
#7349=AXIS2_PLACEMENT_3D('',#9196,#7834,#7835);
#7350=AXIS2_PLACEMENT_3D('',#9213,#7837,#7838);
#7351=AXIS2_PLACEMENT_3D('',#9214,#7839,#7840);
#7352=AXIS2_PLACEMENT_3D('',#9215,#7841,#7842);
#7353=AXIS2_PLACEMENT_3D('',#9220,#7845,#7846);
#7354=AXIS2_PLACEMENT_3D('',#9222,#7848,#7849);
#7355=AXIS2_PLACEMENT_3D('',#9231,#7854,#7855);
#7356=AXIS2_PLACEMENT_3D('',#9235,#7857,#7858);
#7357=AXIS2_PLACEMENT_3D('',#9236,#7859,#7860);
#7358=AXIS2_PLACEMENT_3D('',#9237,#7861,#7862);
#7359=AXIS2_PLACEMENT_3D('',#9241,#7864,#7865);
#7360=AXIS2_PLACEMENT_3D('',#9244,#7868,#7869);
#7361=AXIS2_PLACEMENT_3D('',#9252,#7874,#7875);
#7362=AXIS2_PLACEMENT_3D('',#9264,#7881,#7882);
#7363=AXIS2_PLACEMENT_3D('',#9267,#7884,#7885);
#7364=AXIS2_PLACEMENT_3D('',#9300,#7902,#7903);
#7365=AXIS2_PLACEMENT_3D('',#9304,#7906,#7907);
#7366=AXIS2_PLACEMENT_3D('',#9305,#7908,#7909);
#7367=AXIS2_PLACEMENT_3D('',#9309,#7912,#7913);
#7368=AXIS2_PLACEMENT_3D('',#9326,#7914,#7915);
#7369=AXIS2_PLACEMENT_3D('',#9329,#7917,#7918);
#7370=AXIS2_PLACEMENT_3D('',#9330,#7919,#7920);
#7371=AXIS2_PLACEMENT_3D('',#9333,#7922,#7923);
#7372=AXIS2_PLACEMENT_3D('',#9334,#7924,#7925);
#7373=AXIS2_PLACEMENT_3D('',#9335,#7926,#7927);
#7374=AXIS2_PLACEMENT_3D('',#9339,#7930,#7931);
#7375=AXIS2_PLACEMENT_3D('',#9356,#7933,#7934);
#7376=AXIS2_PLACEMENT_3D('',#9358,#7935,#7936);
#7377=AXIS2_PLACEMENT_3D('',#9361,#7938,#7939);
#7378=AXIS2_PLACEMENT_3D('',#9362,#7940,#7941);
#7379=AXIS2_PLACEMENT_3D('',#9368,#7945,#7946);
#7380=AXIS2_PLACEMENT_3D('',#9372,#7949,#7950);
#7381=AXIS2_PLACEMENT_3D('',#9376,#7953,#7954);
#7382=AXIS2_PLACEMENT_3D('',#9378,#7956,#7957);
#7383=AXIS2_PLACEMENT_3D('',#9384,#7961,#7962);
#7384=AXIS2_PLACEMENT_3D('',#9388,#7965,#7966);
#7385=AXIS2_PLACEMENT_3D('',#9392,#7969,#7970);
#7386=AXIS2_PLACEMENT_3D('',#9394,#7972,#7973);
#7387=AXIS2_PLACEMENT_3D('',#9400,#7977,#7978);
#7388=AXIS2_PLACEMENT_3D('',#9404,#7981,#7982);
#7389=AXIS2_PLACEMENT_3D('',#9408,#7985,#7986);
#7390=AXIS2_PLACEMENT_3D('',#9410,#7988,#7989);
#7391=AXIS2_PLACEMENT_3D('',#9416,#7993,#7994);
#7392=AXIS2_PLACEMENT_3D('',#9420,#7997,#7998);
#7393=AXIS2_PLACEMENT_3D('',#9424,#8001,#8002);
#7394=AXIS2_PLACEMENT_3D('',#9426,#8004,#8005);
#7395=AXIS2_PLACEMENT_3D('',#9435,#8010,#8011);
#7396=AXIS2_PLACEMENT_3D('',#9441,#8015,#8016);
#7397=AXIS2_PLACEMENT_3D('',#9447,#8020,#8021);
#7398=AXIS2_PLACEMENT_3D('',#9450,#8024,#8025);
#7399=AXIS2_PLACEMENT_3D('',#9469,#8028,#8029);
#7400=AXIS2_PLACEMENT_3D('',#9625,#8043,#8044);
#7401=AXIS2_PLACEMENT_3D('',#9691,#8052,#8053);
#7402=AXIS2_PLACEMENT_3D('',#9697,#8057,#8058);
#7403=AXIS2_PLACEMENT_3D('',#9760,#8065,#8066);
#7404=AXIS2_PLACEMENT_3D('',#9899,#8077,#8078);
#7405=AXIS2_PLACEMENT_3D('',#10115,#8096,#8097);
#7406=AXIS2_PLACEMENT_3D('',#10193,#8105,#8106);
#7407=AXIS2_PLACEMENT_3D('',#10464,#8125,#8126);
#7408=AXIS2_PLACEMENT_3D('',#10735,#8145,#8146);
#7409=AXIS2_PLACEMENT_3D('',#10736,#8147,#8148);
#7410=AXIS2_PLACEMENT_3D('',#10745,#8153,#8154);
#7411=AXIS2_PLACEMENT_3D('',#10751,#8158,#8159);
#7412=AXIS2_PLACEMENT_3D('',#10757,#8163,#8164);
#7413=AXIS2_PLACEMENT_3D('',#10763,#8168,#8169);
#7414=AXIS2_PLACEMENT_3D('',#10769,#8173,#8174);
#7415=AXIS2_PLACEMENT_3D('',#10775,#8178,#8179);
#7416=AXIS2_PLACEMENT_3D('',#10781,#8183,#8184);
#7417=AXIS2_PLACEMENT_3D('',#10787,#8188,#8189);
#7418=AXIS2_PLACEMENT_3D('',#10793,#8193,#8194);
#7419=AXIS2_PLACEMENT_3D('',#10796,#8197,#8198);
#7420=AXIS2_PLACEMENT_3D('',#10815,#8201,#8202);
#7421=AXIS2_PLACEMENT_3D('',#10971,#8216,#8217);
#7422=AXIS2_PLACEMENT_3D('',#11037,#8225,#8226);
#7423=AXIS2_PLACEMENT_3D('',#11043,#8230,#8231);
#7424=AXIS2_PLACEMENT_3D('',#11106,#8238,#8239);
#7425=AXIS2_PLACEMENT_3D('',#11125,#8242,#8243);
#7426=AXIS2_PLACEMENT_3D('',#11131,#8247,#8248);
#7427=AXIS2_PLACEMENT_3D('',#11137,#8252,#8253);
#7428=AXIS2_PLACEMENT_3D('',#11143,#8257,#8258);
#7429=AXIS2_PLACEMENT_3D('',#11149,#8262,#8263);
#7430=AXIS2_PLACEMENT_3D('',#11155,#8267,#8268);
#7431=AXIS2_PLACEMENT_3D('',#11206,#8275,#8276);
#7432=AXIS2_PLACEMENT_3D('',#11212,#8280,#8281);
#7433=AXIS2_PLACEMENT_3D('',#11218,#8285,#8286);
#7434=AXIS2_PLACEMENT_3D('',#11266,#8292,#8293);
#7435=AXIS2_PLACEMENT_3D('',#11285,#8296,#8297);
#7436=AXIS2_PLACEMENT_3D('',#11291,#8301,#8302);
#7437=AXIS2_PLACEMENT_3D('',#11297,#8306,#8307);
#7438=AXIS2_PLACEMENT_3D('',#11303,#8311,#8312);
#7439=AXIS2_PLACEMENT_3D('',#11309,#8316,#8317);
#7440=AXIS2_PLACEMENT_3D('',#11315,#8321,#8322);
#7441=AXIS2_PLACEMENT_3D('',#11321,#8326,#8327);
#7442=AXIS2_PLACEMENT_3D('',#11327,#8331,#8332);
#7443=AXIS2_PLACEMENT_3D('',#11333,#8336,#8337);
#7444=AXIS2_PLACEMENT_3D('',#11339,#8341,#8342);
#7445=AXIS2_PLACEMENT_3D('',#11345,#8346,#8347);
#7446=AXIS2_PLACEMENT_3D('',#11426,#8356,#8357);
#7447=AXIS2_PLACEMENT_3D('',#11474,#8363,#8364);
#7448=AXIS2_PLACEMENT_3D('',#11613,#8375,#8376);
#7449=AXIS2_PLACEMENT_3D('',#11829,#8394,#8395);
#7450=AXIS2_PLACEMENT_3D('',#11907,#8403,#8404);
#7451=AXIS2_PLACEMENT_3D('',#11908,#8405,#8406);
#7452=AXIS2_PLACEMENT_3D('',#11917,#8411,#8412);
#7453=AXIS2_PLACEMENT_3D('',#11923,#8416,#8417);
#7454=AXIS2_PLACEMENT_3D('',#11929,#8421,#8422);
#7455=AXIS2_PLACEMENT_3D('',#11935,#8426,#8427);
#7456=AXIS2_PLACEMENT_3D('',#11941,#8431,#8432);
#7457=AXIS2_PLACEMENT_3D('',#11947,#8436,#8437);
#7458=AXIS2_PLACEMENT_3D('',#11953,#8441,#8442);
#7459=AXIS2_PLACEMENT_3D('',#11959,#8446,#8447);
#7460=AXIS2_PLACEMENT_3D('',#11965,#8451,#8452);
#7461=AXIS2_PLACEMENT_3D('',#11971,#8456,#8457);
#7462=AXIS2_PLACEMENT_3D('',#11977,#8461,#8462);
#7463=AXIS2_PLACEMENT_3D('',#11980,#8465,#8466);
#7464=AXIS2_PLACEMENT_3D('',#11981,#8467,#8468);
#7465=AXIS2_PLACEMENT_3D('',#11982,#8469,#8470);
#7466=AXIS2_PLACEMENT_3D('',#11983,#8471,#8472);
#7467=AXIS2_PLACEMENT_3D('',#11984,#8473,#8474);
#7468=AXIS2_PLACEMENT_3D('',#11985,#8475,#8476);
#7469=AXIS2_PLACEMENT_3D('',#11987,#8477,#8478);
#7470=AXIS2_PLACEMENT_3D('',#11990,#8480,#8481);
#7471=AXIS2_PLACEMENT_3D('',#11991,#8482,#8483);
#7472=AXIS2_PLACEMENT_3D('',#11992,#8484,#8485);
#7473=AXIS2_PLACEMENT_3D('',#11995,#8487,#8488);
#7474=AXIS2_PLACEMENT_3D('',#11996,#8489,#8490);
#7475=AXIS2_PLACEMENT_3D('',#11997,#8491,#8492);
#7476=AXIS2_PLACEMENT_3D('',#11998,#8493,#8494);
#7477=AXIS2_PLACEMENT_3D('',#12000,#8496,#8497);
#7478=AXIS2_PLACEMENT_3D('',#12003,#8499,#8500);
#7479=AXIS2_PLACEMENT_3D('',#12005,#8502,#8503);
#7480=AXIS2_PLACEMENT_3D('',#12006,#8504,#8505);
#7481=AXIS2_PLACEMENT_3D('',#12007,#8506,#8507);
#7482=AXIS2_PLACEMENT_3D('',#12009,#8509,#8510);
#7483=AXIS2_PLACEMENT_3D('',#12010,#8511,#8512);
#7484=AXIS2_PLACEMENT_3D('',#12011,#8513,#8514);
#7485=AXIS2_PLACEMENT_3D('',#12012,#8515,#8516);
#7486=AXIS2_PLACEMENT_3D('',#12015,#8519,#8520);
#7487=AXIS2_PLACEMENT_3D('',#12016,#8521,#8522);
#7488=AXIS2_PLACEMENT_3D('',#12018,#8524,#8525);
#7489=AXIS2_PLACEMENT_3D('',#12020,#8527,#8528);
#7490=AXIS2_PLACEMENT_3D('',#12021,#8529,#8530);
#7491=AXIS2_PLACEMENT_3D('',#12025,#8532,#8533);
#7492=AXIS2_PLACEMENT_3D('',#12029,#8535,#8536);
#7493=AXIS2_PLACEMENT_3D('',#12037,#8540,#8541);
#7494=AXIS2_PLACEMENT_3D('',#12041,#8543,#8544);
#7495=AXIS2_PLACEMENT_3D('',#12046,#8547,#8548);
#7496=AXIS2_PLACEMENT_3D('',#12048,#8549,#8550);
#7497=AXIS2_PLACEMENT_3D('',#12050,#8551,#8552);
#7498=AXIS2_PLACEMENT_3D('',#12052,#8553,#8554);
#7499=AXIS2_PLACEMENT_3D('',#12055,#8555,#8556);
#7500=AXIS2_PLACEMENT_3D('',#12061,#8559,#8560);
#7501=AXIS2_PLACEMENT_3D('',#12065,#8563,#8564);
#7502=AXIS2_PLACEMENT_3D('',#12068,#8566,#8567);
#7503=AXIS2_PLACEMENT_3D('',#12069,#8568,#8569);
#7504=AXIS2_PLACEMENT_3D('',#12073,#8572,#8573);
#7505=AXIS2_PLACEMENT_3D('',#12076,#8575,#8576);
#7506=AXIS2_PLACEMENT_3D('',#12077,#8577,#8578);
#7507=AXIS2_PLACEMENT_3D('',#12079,#8580,#8581);
#7508=AXIS2_PLACEMENT_3D('',#12085,#8585,#8586);
#7509=AXIS2_PLACEMENT_3D('',#12091,#8590,#8591);
#7510=AXIS2_PLACEMENT_3D('',#12095,#8594,#8595);
#7511=AXIS2_PLACEMENT_3D('',#12106,#8601,#8602);
#7512=AXIS2_PLACEMENT_3D('',#12116,#8608,#8609);
#7513=AXIS2_PLACEMENT_3D('',#12120,#8612,#8613);
#7514=AXIS2_PLACEMENT_3D('',#12126,#8617,#8618);
#7515=AXIS2_PLACEMENT_3D('',#12131,#8622,#8623);
#7516=AXIS2_PLACEMENT_3D('',#12132,#8624,#8625);
#7517=AXIS2_PLACEMENT_3D('',#12139,#8629,#8630);
#7518=AXIS2_PLACEMENT_3D('',#12141,#8631,#8632);
#7519=AXIS2_PLACEMENT_3D('',#12145,#8635,#8636);
#7520=AXIS2_PLACEMENT_3D('',#12151,#8640,#8641);
#7521=AXIS2_PLACEMENT_3D('',#12155,#8644,#8645);
#7522=AXIS2_PLACEMENT_3D('',#12164,#8650,#8651);
#7523=AXIS2_PLACEMENT_3D('',#12170,#8655,#8656);
#7524=AXIS2_PLACEMENT_3D('',#12176,#8660,#8661);
#7525=AXIS2_PLACEMENT_3D('',#12179,#8664,#8665);
#7526=AXIS2_PLACEMENT_3D('',#12188,#8670,#8671);
#7527=AXIS2_PLACEMENT_3D('',#12193,#8675,#8676);
#7528=AXIS2_PLACEMENT_3D('',#12195,#8678,#8679);
#7529=AXIS2_PLACEMENT_3D('',#12198,#8682,#8683);
#7530=AXIS2_PLACEMENT_3D('',#12199,#8684,#8685);
#7531=AXIS2_PLACEMENT_3D('',#12203,#8688,#8689);
#7532=AXIS2_PLACEMENT_3D('',#12205,#8691,#8692);
#7533=AXIS2_PLACEMENT_3D('',#12206,#8693,#8694);
#7534=AXIS2_PLACEMENT_3D('',#12215,#8699,#8700);
#7535=AXIS2_PLACEMENT_3D('',#12221,#8704,#8705);
#7536=AXIS2_PLACEMENT_3D('',#12227,#8709,#8710);
#7537=AXIS2_PLACEMENT_3D('',#12230,#8713,#8714);
#7538=AXIS2_PLACEMENT_3D('',#12239,#8719,#8720);
#7539=AXIS2_PLACEMENT_3D('',#12245,#8724,#8725);
#7540=AXIS2_PLACEMENT_3D('',#12251,#8729,#8730);
#7541=AXIS2_PLACEMENT_3D('',#12254,#8733,#8734);
#7542=AXIS2_PLACEMENT_3D('',#12263,#8739,#8740);
#7543=AXIS2_PLACEMENT_3D('',#12269,#8744,#8745);
#7544=AXIS2_PLACEMENT_3D('',#12275,#8749,#8750);
#7545=AXIS2_PLACEMENT_3D('',#12278,#8753,#8754);
#7546=AXIS2_PLACEMENT_3D('',#12287,#8759,#8760);
#7547=AXIS2_PLACEMENT_3D('',#12293,#8764,#8765);
#7548=AXIS2_PLACEMENT_3D('',#12299,#8769,#8770);
#7549=AXIS2_PLACEMENT_3D('',#12302,#8773,#8774);
#7550=AXIS2_PLACEMENT_3D('',#12304,#8775,#8776);
#7551=AXIS2_PLACEMENT_3D('',#12306,#8777,#8778);
#7552=AXIS2_PLACEMENT_3D('',#12307,#8779,#8780);
#7553=AXIS2_PLACEMENT_3D('',#12309,#8782,#8783);
#7554=AXIS2_PLACEMENT_3D('',#12312,#8785,#8786);
#7555=AXIS2_PLACEMENT_3D('',#12313,#8787,#8788);
#7556=AXIS2_PLACEMENT_3D('',#12314,#8789,#8790);
#7557=AXIS2_PLACEMENT_3D('',#12316,#8791,#8792);
#7558=AXIS2_PLACEMENT_3D('',#12318,#8793,#8794);
#7559=AXIS2_PLACEMENT_3D('',#12319,#8795,#8796);
#7560=AXIS2_PLACEMENT_3D('',#12321,#8798,#8799);
#7561=AXIS2_PLACEMENT_3D('',#12324,#8801,#8802);
#7562=AXIS2_PLACEMENT_3D('',#12325,#8803,#8804);
#7563=AXIS2_PLACEMENT_3D('',#12326,#8805,#8806);
#7564=AXIS2_PLACEMENT_3D('',#12328,#8807,#8808);
#7565=AXIS2_PLACEMENT_3D('',#12330,#8809,#8810);
#7566=AXIS2_PLACEMENT_3D('',#12331,#8811,#8812);
#7567=AXIS2_PLACEMENT_3D('',#12333,#8814,#8815);
#7568=AXIS2_PLACEMENT_3D('',#12336,#8817,#8818);
#7569=AXIS2_PLACEMENT_3D('',#12337,#8819,#8820);
#7570=AXIS2_PLACEMENT_3D('',#12338,#8821,#8822);
#7571=AXIS2_PLACEMENT_3D('',#12340,#8823,#8824);
#7572=AXIS2_PLACEMENT_3D('',#12342,#8825,#8826);
#7573=AXIS2_PLACEMENT_3D('',#12343,#8827,#8828);
#7574=AXIS2_PLACEMENT_3D('',#12345,#8830,#8831);
#7575=AXIS2_PLACEMENT_3D('',#12348,#8833,#8834);
#7576=AXIS2_PLACEMENT_3D('',#12349,#8835,#8836);
#7577=AXIS2_PLACEMENT_3D('',#12350,#8837,#8838);
#7578=AXIS2_PLACEMENT_3D('',#12354,#8840,#8841);
#7579=AXIS2_PLACEMENT_3D('',#12356,#8843,#8844);
#7580=AXIS2_PLACEMENT_3D('',#12364,#8849,#8850);
#7581=AXIS2_PLACEMENT_3D('',#12369,#8853,#8854);
#7582=AXIS2_PLACEMENT_3D('',#12370,#8855,#8856);
#7583=AXIS2_PLACEMENT_3D('',#12376,#8861,#8862);
#7584=AXIS2_PLACEMENT_3D('',#12382,#8866,#8867);
#7585=AXIS2_PLACEMENT_3D('',#12386,#8869,#8870);
#7586=AXIS2_PLACEMENT_3D('',#12388,#8872,#8873);
#7587=AXIS2_PLACEMENT_3D('',#12390,#8875,#8876);
#7588=AXIS2_PLACEMENT_3D('',#12394,#8879,#8880);
#7589=AXIS2_PLACEMENT_3D('',#12396,#8882,#8883);
#7590=AXIS2_PLACEMENT_3D('',#12397,#8884,#8885);
#7591=AXIS2_PLACEMENT_3D('',#12399,#8887,#8888);
#7592=AXIS2_PLACEMENT_3D('',#12403,#8890,#8891);
#7593=AXIS2_PLACEMENT_3D('',#12405,#8893,#8894);
#7594=AXIS2_PLACEMENT_3D('',#12406,#8895,#8896);
#7595=AXIS2_PLACEMENT_3D('',#12407,#8897,#8898);
#7596=AXIS2_PLACEMENT_3D('',#12409,#8900,#8901);
#7597=AXIS2_PLACEMENT_3D('',#12411,#8903,#8904);
#7598=AXIS2_PLACEMENT_3D('',#12412,#8905,#8906);
#7599=AXIS2_PLACEMENT_3D('',#12416,#8909,#8910);
#7600=AXIS2_PLACEMENT_3D('',#12418,#8912,#8913);
#7601=AXIS2_PLACEMENT_3D('',#12419,#8914,#8915);
#7602=DIRECTION('axis',(0.,0.,1.));
#7603=DIRECTION('refdir',(1.,0.,0.));
#7604=DIRECTION('center_axis',(0.,0.866025403784439,-0.5));
#7605=DIRECTION('ref_axis',(0.,-0.5,-0.866025403784439));
#7606=DIRECTION('',(0.,-0.5,-0.866025403784439));
#7607=DIRECTION('center_axis',(0.,0.866025403784439,-0.5));
#7608=DIRECTION('ref_axis',(0.,0.5,0.866025403784439));
#7609=DIRECTION('',(-1.,0.,0.));
#7610=DIRECTION('',(0.,-0.5,-0.866025403784439));
#7611=DIRECTION('',(-1.,0.,0.));
#7612=DIRECTION('center_axis',(0.,0.5,0.866025403784439));
#7613=DIRECTION('ref_axis',(0.,0.866025403784439,-0.5));
#7614=DIRECTION('center_axis',(0.,0.5,0.866025403784439));
#7615=DIRECTION('ref_axis',(2.88444402957535E-16,0.866025403784439,-0.5));
#7616=DIRECTION('',(0.,0.866025403784439,-0.5));
#7617=DIRECTION('',(-1.,0.,0.));
#7618=DIRECTION('',(0.,0.866025403784439,-0.5));
#7619=DIRECTION('center_axis',(0.,-0.866025403784438,0.5));
#7620=DIRECTION('ref_axis',(0.,0.5,0.866025403784438));
#7621=DIRECTION('',(0.,0.5,0.866025403784438));
#7622=DIRECTION('',(-1.,0.,0.));
#7623=DIRECTION('',(0.,0.5,0.866025403784438));
#7624=DIRECTION('center_axis',(0.,0.00371182866424348,-0.999993111140255));
#7625=DIRECTION('ref_axis',(0.,-0.999993111140255,-0.00371182866424348));
#7626=DIRECTION('',(0.,-0.999993111140255,-0.00371182866424348));
#7627=DIRECTION('',(0.,-0.999993111140255,-0.00371182866424348));
#7628=DIRECTION('center_axis',(-1.,0.,0.));
#7629=DIRECTION('ref_axis',(0.,-1.,0.));
#7630=DIRECTION('center_axis',(0.,0.00371182866424348,-0.999993111140255));
#7631=DIRECTION('ref_axis',(0.,-0.999993111140255,-0.00371182866424348));
#7632=DIRECTION('',(0.,-0.999993111140255,-0.00371182866424348));
#7633=DIRECTION('',(-1.,0.,0.));
#7634=DIRECTION('',(0.,-0.999993111140255,-0.00371182866424348));
#7635=DIRECTION('',(-1.,0.,0.));
#7636=DIRECTION('center_axis',(0.,0.866025403784439,-0.5));
#7637=DIRECTION('ref_axis',(0.,-0.5,-0.866025403784439));
#7638=DIRECTION('',(0.,-0.5,-0.866025403784439));
#7639=DIRECTION('',(-1.,0.,0.));
#7640=DIRECTION('',(0.,-0.5,-0.866025403784439));
#7641=DIRECTION('center_axis',(0.,0.5,0.866025403784439));
#7642=DIRECTION('ref_axis',(0.,0.866025403784439,-0.5));
#7643=DIRECTION('',(0.,0.866025403784439,-0.5));
#7644=DIRECTION('',(-1.,0.,0.));
#7645=DIRECTION('',(0.,0.866025403784439,-0.5));
#7646=DIRECTION('center_axis',(0.,-0.866025403784438,0.5));
#7647=DIRECTION('ref_axis',(0.,0.5,0.866025403784438));
#7648=DIRECTION('',(0.,0.5,0.866025403784438));
#7649=DIRECTION('',(0.,0.5,0.866025403784438));
#7650=DIRECTION('center_axis',(-1.,0.,0.));
#7651=DIRECTION('ref_axis',(0.,-1.,0.));
#7652=DIRECTION('center_axis',(1.,0.,0.));
#7653=DIRECTION('ref_axis',(0.,0.,-1.));
#7654=DIRECTION('',(0.,2.07518322359842E-16,-1.));
#7655=DIRECTION('',(0.,1.,0.));
#7656=DIRECTION('',(0.,-0.5,-0.866025403784439));
#7657=DIRECTION('',(0.,-1.,0.));
#7658=DIRECTION('',(0.,2.07518322359842E-16,-1.));
#7659=DIRECTION('',(0.,-0.5,-0.866025403784439));
#7660=DIRECTION('',(0.,-0.999993111140255,-0.00371182866424348));
#7661=DIRECTION('',(0.,0.5,0.866025403784438));
#7662=DIRECTION('',(0.,0.866025403784439,-0.5));
#7663=DIRECTION('center_axis',(0.,0.00371182866424348,-0.999993111140255));
#7664=DIRECTION('ref_axis',(0.,-0.999993111140255,-0.00371182866424348));
#7665=DIRECTION('',(-1.,0.,0.));
#7666=DIRECTION('',(0.,-0.999993111140255,-0.00371182866424348));
#7667=DIRECTION('',(-1.,0.,0.));
#7668=DIRECTION('center_axis',(0.,0.866025403784439,-0.5));
#7669=DIRECTION('ref_axis',(0.,-0.5,-0.866025403784439));
#7670=DIRECTION('',(-1.,0.,0.));
#7671=DIRECTION('',(0.,-0.5,-0.866025403784439));
#7672=DIRECTION('center_axis',(0.,0.5,0.866025403784439));
#7673=DIRECTION('ref_axis',(0.,0.866025403784439,-0.5));
#7674=DIRECTION('',(-1.,0.,0.));
#7675=DIRECTION('',(0.,0.866025403784439,-0.5));
#7676=DIRECTION('center_axis',(0.,-0.866025403784438,0.5));
#7677=DIRECTION('ref_axis',(0.,0.5,0.866025403784438));
#7678=DIRECTION('',(0.,0.5,0.866025403784438));
#7679=DIRECTION('center_axis',(-1.,0.,0.));
#7680=DIRECTION('ref_axis',(0.,-1.,0.));
#7681=DIRECTION('center_axis',(0.,0.866025403784439,-0.5));
#7682=DIRECTION('ref_axis',(0.,-0.5,-0.866025403784439));
#7683=DIRECTION('',(0.,-0.5,-0.866025403784439));
#7684=DIRECTION('',(0.,0.5,0.866025403784439));
#7685=DIRECTION('',(-1.,0.,0.));
#7686=DIRECTION('',(0.,-0.5,-0.866025403784439));
#7687=DIRECTION('',(-1.,0.,0.));
#7688=DIRECTION('center_axis',(0.,0.5,0.866025403784439));
#7689=DIRECTION('ref_axis',(0.,0.866025403784439,-0.5));
#7690=DIRECTION('',(0.,-0.866025403784439,0.5));
#7691=DIRECTION('',(0.,0.866025403784439,-0.5));
#7692=DIRECTION('',(0.,0.866025403784439,-0.5));
#7693=DIRECTION('',(-1.,0.,0.));
#7694=DIRECTION('center_axis',(0.,-0.866025403784438,0.5));
#7695=DIRECTION('ref_axis',(0.,0.5,0.866025403784438));
#7696=DIRECTION('',(0.,-0.5,-0.866025403784438));
#7697=DIRECTION('',(0.,0.5,0.866025403784438));
#7698=DIRECTION('',(-1.,0.,0.));
#7699=DIRECTION('center_axis',(0.,0.00371182866424348,-0.999993111140255));
#7700=DIRECTION('ref_axis',(0.,-0.999993111140255,-0.00371182866424348));
#7701=DIRECTION('',(0.,0.999993111140255,0.00371182866424348));
#7702=DIRECTION('',(0.,-0.999993111140255,-0.00371182866424348));
#7703=DIRECTION('center_axis',(-1.,0.,0.));
#7704=DIRECTION('ref_axis',(0.,0.,1.));
#7705=DIRECTION('center_axis',(-1.,0.,0.));
#7706=DIRECTION('ref_axis',(0.,-1.,0.));
#7707=DIRECTION('',(0.,-2.07518322359842E-16,1.));
#7708=DIRECTION('center_axis',(0.,0.866025403784439,-0.5));
#7709=DIRECTION('ref_axis',(0.,-0.5,-0.866025403784439));
#7710=DIRECTION('',(0.,0.5,0.866025403784439));
#7711=DIRECTION('',(-1.,0.,0.));
#7712=DIRECTION('',(0.,-0.5,-0.866025403784439));
#7713=DIRECTION('',(-1.,0.,0.));
#7714=DIRECTION('center_axis',(0.,0.5,0.866025403784439));
#7715=DIRECTION('ref_axis',(0.,0.866025403784439,-0.5));
#7716=DIRECTION('',(0.,-0.866025403784439,0.5));
#7717=DIRECTION('',(0.,0.866025403784439,-0.5));
#7718=DIRECTION('',(-1.,0.,0.));
#7719=DIRECTION('center_axis',(0.,-0.866025403784438,0.5));
#7720=DIRECTION('ref_axis',(0.,0.5,0.866025403784438));
#7721=DIRECTION('',(0.,-0.5,-0.866025403784438));
#7722=DIRECTION('',(0.,0.5,0.866025403784438));
#7723=DIRECTION('',(-1.,0.,0.));
#7724=DIRECTION('center_axis',(0.,0.00371182866424348,-0.999993111140255));
#7725=DIRECTION('ref_axis',(0.,-0.999993111140255,-0.00371182866424348));
#7726=DIRECTION('',(0.,0.999993111140255,0.00371182866424348));
#7727=DIRECTION('',(0.,-0.999993111140255,-0.00371182866424348));
#7728=DIRECTION('center_axis',(-1.,0.,0.));
#7729=DIRECTION('ref_axis',(0.,0.,1.));
#7730=DIRECTION('center_axis',(0.,0.866025403784439,-0.5));
#7731=DIRECTION('ref_axis',(0.,-0.5,-0.866025403784439));
#7732=DIRECTION('',(0.,0.5,0.866025403784439));
#7733=DIRECTION('',(-1.,0.,0.));
#7734=DIRECTION('',(0.,-0.5,-0.866025403784439));
#7735=DIRECTION('',(-1.,0.,0.));
#7736=DIRECTION('center_axis',(0.,0.5,0.866025403784439));
#7737=DIRECTION('ref_axis',(0.,0.866025403784439,-0.5));
#7738=DIRECTION('',(0.,-0.866025403784439,0.5));
#7739=DIRECTION('',(0.,0.866025403784439,-0.5));
#7740=DIRECTION('',(-1.,0.,0.));
#7741=DIRECTION('center_axis',(0.,-0.866025403784438,0.5));
#7742=DIRECTION('ref_axis',(0.,0.5,0.866025403784438));
#7743=DIRECTION('',(0.,-0.5,-0.866025403784438));
#7744=DIRECTION('',(0.,0.5,0.866025403784438));
#7745=DIRECTION('',(-1.,0.,0.));
#7746=DIRECTION('center_axis',(0.,0.00371182866424348,-0.999993111140255));
#7747=DIRECTION('ref_axis',(0.,-0.999993111140255,-0.00371182866424348));
#7748=DIRECTION('',(0.,0.999993111140255,0.00371182866424348));
#7749=DIRECTION('',(0.,-0.999993111140255,-0.00371182866424348));
#7750=DIRECTION('center_axis',(-1.,0.,0.));
#7751=DIRECTION('ref_axis',(0.,0.,1.));
#7752=DIRECTION('center_axis',(0.666666666666672,-0.622008467928145,-0.410683602522953));
#7753=DIRECTION('ref_axis',(0.235702260395515,0.698645450729965,-0.675528666022967));
#7754=DIRECTION('center_axis',(0.,0.5,0.866025403784439));
#7755=DIRECTION('ref_axis',(-0.894427190999916,0.387298334620741,-0.223606797749979));
#7756=DIRECTION('',(0.666666666666672,-0.622008467928145,-0.410683602522953));
#7757=DIRECTION('center_axis',(0.,-0.866025403784439,0.5));
#7758=DIRECTION('ref_axis',(0.707106781186552,-0.353553390593272,-0.612372435695791));
#7759=DIRECTION('',(-0.666666666666672,0.622008467928145,0.410683602522953));
#7760=DIRECTION('center_axis',(-1.,0.,0.));
#7761=DIRECTION('ref_axis',(0.,0.834511930120703,0.550989871491499));
#7762=DIRECTION('center_axis',(0.,-0.550989871491499,0.834511930120703));
#7763=DIRECTION('ref_axis',(1.,0.,0.));
#7764=DIRECTION('',(-1.,0.,0.));
#7765=DIRECTION('',(0.666666666666673,0.622008467928144,0.410683602522952));
#7766=DIRECTION('',(1.,0.,0.));
#7767=DIRECTION('center_axis',(-0.666666666666673,-0.0446581987385145,-0.744016935856287));
#7768=DIRECTION('ref_axis',(0.235702260395516,0.934347711125485,-0.267280375559096));
#7769=DIRECTION('center_axis',(-1.,0.,0.));
#7770=DIRECTION('ref_axis',(0.,-0.0599152608792085,-0.998203466991463));
#7771=DIRECTION('',(0.666666666666673,0.0446581987385145,0.744016935856287));
#7772=DIRECTION('center_axis',(0.,-0.866025403784439,0.5));
#7773=DIRECTION('ref_axis',(0.707106781186553,0.353553390593271,0.612372435695789));
#7774=DIRECTION('',(-0.666666666666673,-0.0446581987385145,-0.744016935856287));
#7775=DIRECTION('center_axis',(0.,-0.5,-0.866025403784439));
#7776=DIRECTION('ref_axis',(-0.894427190999916,0.387298334620741,-0.223606797749979));
#7777=DIRECTION('center_axis',(0.,-0.998203466991463,0.0599152608792087));
#7778=DIRECTION('ref_axis',(0.,-0.0599152608792087,-0.998203466991463));
#7779=DIRECTION('',(1.,0.,0.));
#7780=DIRECTION('',(-0.666666666666675,0.0446581987385144,0.744016935856286));
#7781=DIRECTION('',(1.,0.,0.));
#7782=DIRECTION('center_axis',(0.666666666666675,-0.0446581987385144,-0.744016935856286));
#7783=DIRECTION('ref_axis',(-0.235702260395515,0.934347711125485,-0.267280375559097));
#7784=DIRECTION('center_axis',(0.,-0.5,-0.866025403784439));
#7785=DIRECTION('ref_axis',(0.894427190999917,0.38729833462074,-0.223606797749978));
#7786=DIRECTION('center_axis',(0.,-0.866025403784439,0.5));
#7787=DIRECTION('ref_axis',(-0.707106781186555,0.35355339059327,0.612372435695788));
#7788=DIRECTION('',(0.666666666666675,-0.0446581987385144,-0.744016935856286));
#7789=DIRECTION('center_axis',(1.,0.,0.));
#7790=DIRECTION('ref_axis',(0.,-0.0599152608792086,-0.998203466991463));
#7791=DIRECTION('center_axis',(0.447213595499956,-0.774596669241484,0.447213595499959));
#7792=DIRECTION('ref_axis',(0.70710678118655,0.,-0.707106781186545));
#7793=DIRECTION('',(0.,-0.5,-0.866025403784439));
#7794=DIRECTION('',(-0.666666666666673,-0.622008467928144,-0.410683602522952));
#7795=DIRECTION('',(0.,0.5,0.866025403784439));
#7796=DIRECTION('center_axis',(0.666666666666673,0.622008467928144,0.410683602522952));
#7797=DIRECTION('ref_axis',(-0.235702260395516,0.698645450729967,-0.675528666022964));
#7798=DIRECTION('center_axis',(1.,0.,0.));
#7799=DIRECTION('ref_axis',(7.31423639286827E-18,0.834511930120703,0.550989871491499));
#7800=DIRECTION('center_axis',(0.,-0.866025403784439,0.5));
#7801=DIRECTION('ref_axis',(-0.707106781186554,-0.353553390593271,-0.612372435695789));
#7802=DIRECTION('center_axis',(0.,0.5,0.866025403784439));
#7803=DIRECTION('ref_axis',(0.894427190999917,0.38729833462074,-0.223606797749978));
#7804=DIRECTION('center_axis',(0.,0.,1.));
#7805=DIRECTION('ref_axis',(-1.,0.,0.));
#7806=DIRECTION('center_axis',(0.707106781186546,0.,0.707106781186549));
#7807=DIRECTION('ref_axis',(0.70710678118655,2.64731631231284E-15,-0.707106781186546));
#7808=DIRECTION('center_axis',(0.,0.,1.));
#7809=DIRECTION('ref_axis',(-1.,0.,0.));
#7810=DIRECTION('',(0.,-0.535829251220598,0.844326366718683));
#7811=DIRECTION('center_axis',(0.,0.,-1.));
#7812=DIRECTION('ref_axis',(-1.,0.,0.));
#7813=DIRECTION('center_axis',(0.,-0.844326366718673,-0.535829251220615));
#7814=DIRECTION('ref_axis',(-1.,0.,0.));
#7815=DIRECTION('',(0.,-0.535829251220614,0.844326366718673));
#7816=DIRECTION('',(-1.,0.,0.));
#7817=DIRECTION('',(1.,0.,0.));
#7818=DIRECTION('center_axis',(0.,0.,1.));
#7819=DIRECTION('ref_axis',(1.,0.,0.));
#7820=DIRECTION('center_axis',(-0.707106781186546,0.,0.707106781186549));
#7821=DIRECTION('ref_axis',(0.707106781186548,2.64731631231285E-15,0.707106781186547));
#7822=DIRECTION('center_axis',(0.,0.,-1.));
#7823=DIRECTION('ref_axis',(1.,0.,0.));
#7824=DIRECTION('center_axis',(0.,0.,1.));
#7825=DIRECTION('ref_axis',(1.,0.,0.));
#7826=DIRECTION('center_axis',(-1.,0.,0.));
#7827=DIRECTION('ref_axis',(0.,-0.924986486387774,0.38));
#7828=DIRECTION('center_axis',(0.,0.,-1.));
#7829=DIRECTION('ref_axis',(1.,-5.32811049127968E-14,0.));
#7830=DIRECTION('center_axis',(-2.3813131470257E-15,1.,3.5527136788005E-15));
#7831=DIRECTION('ref_axis',(-0.924986486387774,-3.5527136788005E-15,0.380000000000001));
#7832=DIRECTION('center_axis',(-1.,0.,0.));
#7833=DIRECTION('ref_axis',(0.,-0.924986486387774,0.38));
#7834=DIRECTION('center_axis',(-1.,0.,0.));
#7835=DIRECTION('ref_axis',(0.,-0.924986486387774,0.38));
#7836=DIRECTION('',(-1.,0.,0.));
#7837=DIRECTION('center_axis',(4.80103457061632E-16,-1.,0.));
#7838=DIRECTION('ref_axis',(0.924986486387774,4.44089209850063E-16,0.380000000000001));
#7839=DIRECTION('center_axis',(0.,0.,-1.));
#7840=DIRECTION('ref_axis',(0.,1.,0.));
#7841=DIRECTION('center_axis',(0.707106781186546,0.,-0.707106781186549));
#7842=DIRECTION('ref_axis',(-0.707106781186549,0.,-0.707106781186546));
#7843=DIRECTION('',(0.,1.,0.));
#7844=DIRECTION('',(0.707106781186549,0.,0.707106781186546));
#7845=DIRECTION('center_axis',(0.707106781186546,0.,-0.707106781186549));
#7846=DIRECTION('ref_axis',(0.547722557505167,0.632455532033676,0.547722557505165));
#7847=DIRECTION('',(0.,-1.,7.65671051465625E-17));
#7848=DIRECTION('center_axis',(0.,0.707106781186546,-0.707106781186549));
#7849=DIRECTION('ref_axis',(-1.,0.,0.));
#7850=DIRECTION('',(0.,-0.707106781186549,-0.707106781186546));
#7851=DIRECTION('',(-1.,0.,0.));
#7852=DIRECTION('',(0.,0.707106781186549,0.707106781186546));
#7853=DIRECTION('',(1.,0.,0.));
#7854=DIRECTION('center_axis',(0.,0.,1.));
#7855=DIRECTION('ref_axis',(-0.707106781186547,0.707106781186547,0.));
#7856=DIRECTION('',(-0.707106781186542,0.,0.707106781186553));
#7857=DIRECTION('center_axis',(0.,0.,-1.));
#7858=DIRECTION('ref_axis',(-0.707106781186547,0.707106781186547,0.));
#7859=DIRECTION('center_axis',(0.,0.,1.));
#7860=DIRECTION('ref_axis',(-0.707106781186547,0.707106781186547,0.));
#7861=DIRECTION('center_axis',(-0.707106781186546,0.,-0.707106781186549));
#7862=DIRECTION('ref_axis',(-0.707106781186549,0.,0.707106781186546));
#7863=DIRECTION('',(0.,1.,-7.65671051465625E-17));
#7864=DIRECTION('center_axis',(-0.707106781186546,0.,-0.707106781186549));
#7865=DIRECTION('ref_axis',(-0.547722557505167,0.632455532033676,0.547722557505165));
#7866=DIRECTION('',(0.,1.,0.));
#7867=DIRECTION('',(0.,-1.,0.));
#7868=DIRECTION('center_axis',(-1.,0.,0.));
#7869=DIRECTION('ref_axis',(0.,0.,-1.));
#7870=DIRECTION('',(0.,2.07518322359842E-16,-1.));
#7871=DIRECTION('',(0.,1.,0.));
#7872=DIRECTION('',(0.,-2.07518322359842E-16,1.));
#7873=DIRECTION('',(0.,-1.,0.));
#7874=DIRECTION('center_axis',(0.,1.,2.07518322359842E-16));
#7875=DIRECTION('ref_axis',(0.,-2.07518322359842E-16,1.));
#7876=DIRECTION('',(0.,2.07518322359842E-16,-1.));
#7877=DIRECTION('',(-1.,0.,0.));
#7878=DIRECTION('',(0.,-2.07518322359842E-16,1.));
#7879=DIRECTION('',(1.,0.,0.));
#7880=DIRECTION('',(0.,-2.07518322359842E-16,1.));
#7881=DIRECTION('center_axis',(0.,1.,2.07518322359842E-16));
#7882=DIRECTION('ref_axis',(0.707106781186548,0.,0.707106781186547));
#7883=DIRECTION('',(-1.,0.,0.));
#7884=DIRECTION('center_axis',(0.,1.,2.07518322359842E-16));
#7885=DIRECTION('ref_axis',(-0.707106781186547,0.,0.707106781186547));
#7886=DIRECTION('',(1.,0.,0.));
#7887=DIRECTION('',(0.,-2.07518322359842E-16,1.));
#7888=DIRECTION('',(-1.,0.,0.));
#7889=DIRECTION('',(0.,2.07518322359842E-16,-1.));
#7890=DIRECTION('',(1.,0.,0.));
#7891=DIRECTION('',(0.,-2.07518322359842E-16,1.));
#7892=DIRECTION('',(-1.,0.,0.));
#7893=DIRECTION('',(0.,2.07518322359842E-16,-1.));
#7894=DIRECTION('',(0.,2.07518322359842E-16,-1.));
#7895=DIRECTION('',(1.,0.,0.));
#7896=DIRECTION('',(0.,-2.07518322359842E-16,1.));
#7897=DIRECTION('',(-1.,0.,0.));
#7898=DIRECTION('',(0.,2.07518322359842E-16,-1.));
#7899=DIRECTION('',(1.,0.,0.));
#7900=DIRECTION('',(0.,-2.07518322359842E-16,1.));
#7901=DIRECTION('',(-1.,0.,0.));
#7902=DIRECTION('center_axis',(0.,2.07518322359842E-16,-1.));
#7903=DIRECTION('ref_axis',(-0.707106781186547,0.707106781186547,0.));
#7904=DIRECTION('',(0.,-2.07518322359842E-16,1.));
#7905=DIRECTION('',(0.,-2.07518322359842E-16,1.));
#7906=DIRECTION('center_axis',(0.,-2.07518322359842E-16,1.));
#7907=DIRECTION('ref_axis',(-0.707106781186548,0.707106781186548,0.));
#7908=DIRECTION('center_axis',(-1.,0.,0.));
#7909=DIRECTION('ref_axis',(0.,0.,1.));
#7910=DIRECTION('',(0.,0.5,0.866025403784439));
#7911=DIRECTION('',(0.,-1.,0.));
#7912=DIRECTION('center_axis',(0.,0.5,0.866025403784439));
#7913=DIRECTION('ref_axis',(-0.707106781186548,-0.612372435695794,0.353553390593274));
#7914=DIRECTION('center_axis',(0.,-7.65671051465625E-17,-1.));
#7915=DIRECTION('ref_axis',(9.61481343191782E-17,-1.,6.79869977755259E-17));
#7916=DIRECTION('',(0.,0.5,0.866025403784439));
#7917=DIRECTION('center_axis',(0.,0.5,0.866025403784439));
#7918=DIRECTION('ref_axis',(-0.707106781186548,-0.612372435695794,0.353553390593274));
#7919=DIRECTION('center_axis',(0.,0.,1.));
#7920=DIRECTION('ref_axis',(0.707106781186547,0.707106781186547,0.));
#7921=DIRECTION('',(0.,0.707106781186542,0.707106781186553));
#7922=DIRECTION('center_axis',(0.,0.,-1.));
#7923=DIRECTION('ref_axis',(0.707106781186547,0.707106781186547,0.));
#7924=DIRECTION('center_axis',(0.,0.,1.));
#7925=DIRECTION('ref_axis',(0.707106781186547,0.707106781186547,0.));
#7926=DIRECTION('center_axis',(0.,0.707106781186546,-0.707106781186549));
#7927=DIRECTION('ref_axis',(-1.,0.,0.));
#7928=DIRECTION('',(0.,0.707106781186549,0.707106781186546));
#7929=DIRECTION('',(-1.,0.,0.));
#7930=DIRECTION('center_axis',(0.,-1.,7.65671051465625E-17));
#7931=DIRECTION('ref_axis',(0.924986486387774,0.,0.380000000000001));
#7932=DIRECTION('',(0.,-1.,7.65671051465625E-17));
#7933=DIRECTION('center_axis',(0.,-0.5,-0.866025403784439));
#7934=DIRECTION('ref_axis',(0.707106781186548,-0.612372435695794,0.353553390593274));
#7935=DIRECTION('center_axis',(0.,0.5,0.866025403784439));
#7936=DIRECTION('ref_axis',(0.707106781186548,-0.612372435695794,0.353553390593274));
#7937=DIRECTION('',(0.,-0.5,-0.866025403784439));
#7938=DIRECTION('center_axis',(0.,-7.65671051465625E-17,-1.));
#7939=DIRECTION('ref_axis',(-9.61481343191782E-17,-1.,6.79869977755259E-17));
#7940=DIRECTION('center_axis',(1.,0.,0.));
#7941=DIRECTION('ref_axis',(0.,0.,1.));
#7942=DIRECTION('',(0.,2.07518322359842E-16,-1.));
#7943=DIRECTION('',(0.,-1.,0.));
#7944=DIRECTION('',(0.,-1.,0.));
#7945=DIRECTION('center_axis',(0.,0.,-1.));
#7946=DIRECTION('ref_axis',(1.,0.,0.));
#7947=DIRECTION('',(-1.,0.,0.));
#7948=DIRECTION('',(0.,-1.,0.));
#7949=DIRECTION('center_axis',(-1.,0.,0.));
#7950=DIRECTION('ref_axis',(0.,0.,-1.));
#7951=DIRECTION('',(0.,-2.07518322359842E-16,1.));
#7952=DIRECTION('',(0.,-1.,0.));
#7953=DIRECTION('center_axis',(0.,0.,1.));
#7954=DIRECTION('ref_axis',(-1.,0.,0.));
#7955=DIRECTION('',(1.,0.,0.));
#7956=DIRECTION('center_axis',(1.,0.,0.));
#7957=DIRECTION('ref_axis',(0.,0.,1.));
#7958=DIRECTION('',(0.,2.07518322359842E-16,-1.));
#7959=DIRECTION('',(0.,-1.,0.));
#7960=DIRECTION('',(0.,-1.,0.));
#7961=DIRECTION('center_axis',(0.,0.,-1.));
#7962=DIRECTION('ref_axis',(1.,0.,0.));
#7963=DIRECTION('',(-1.,0.,0.));
#7964=DIRECTION('',(0.,-1.,0.));
#7965=DIRECTION('center_axis',(-1.,0.,0.));
#7966=DIRECTION('ref_axis',(0.,0.,-1.));
#7967=DIRECTION('',(0.,-2.07518322359842E-16,1.));
#7968=DIRECTION('',(0.,-1.,0.));
#7969=DIRECTION('center_axis',(0.,0.,1.));
#7970=DIRECTION('ref_axis',(-1.,0.,0.));
#7971=DIRECTION('',(1.,0.,0.));
#7972=DIRECTION('center_axis',(0.,0.,1.));
#7973=DIRECTION('ref_axis',(-1.,0.,0.));
#7974=DIRECTION('',(1.,0.,0.));
#7975=DIRECTION('',(0.,-1.,0.));
#7976=DIRECTION('',(0.,-1.,0.));
#7977=DIRECTION('center_axis',(1.,0.,0.));
#7978=DIRECTION('ref_axis',(0.,0.,1.));
#7979=DIRECTION('',(0.,2.07518322359842E-16,-1.));
#7980=DIRECTION('',(0.,-1.,0.));
#7981=DIRECTION('center_axis',(0.,0.,-1.));
#7982=DIRECTION('ref_axis',(1.,0.,0.));
#7983=DIRECTION('',(-1.,0.,0.));
#7984=DIRECTION('',(0.,-1.,0.));
#7985=DIRECTION('center_axis',(-1.,0.,0.));
#7986=DIRECTION('ref_axis',(0.,0.,-1.));
#7987=DIRECTION('',(0.,-2.07518322359842E-16,1.));
#7988=DIRECTION('center_axis',(0.,0.,1.));
#7989=DIRECTION('ref_axis',(-1.,0.,0.));
#7990=DIRECTION('',(1.,0.,0.));
#7991=DIRECTION('',(0.,-1.,0.));
#7992=DIRECTION('',(0.,-1.,0.));
#7993=DIRECTION('center_axis',(1.,0.,0.));
#7994=DIRECTION('ref_axis',(0.,0.,1.));
#7995=DIRECTION('',(0.,2.07518322359842E-16,-1.));
#7996=DIRECTION('',(0.,-1.,0.));
#7997=DIRECTION('center_axis',(0.,0.,-1.));
#7998=DIRECTION('ref_axis',(1.,0.,0.));
#7999=DIRECTION('',(-1.,0.,0.));
#8000=DIRECTION('',(0.,-1.,0.));
#8001=DIRECTION('center_axis',(-1.,0.,0.));
#8002=DIRECTION('ref_axis',(0.,0.,-1.));
#8003=DIRECTION('',(0.,-2.07518322359842E-16,1.));
#8004=DIRECTION('center_axis',(0.,1.,0.));
#8005=DIRECTION('ref_axis',(1.,0.,0.));
#8006=DIRECTION('',(1.,0.,0.));
#8007=DIRECTION('',(0.,0.,-1.));
#8008=DIRECTION('',(1.,0.,0.));
#8009=DIRECTION('',(0.,0.,-1.));
#8010=DIRECTION('center_axis',(-1.,0.,0.));
#8011=DIRECTION('ref_axis',(0.,1.,0.));
#8012=DIRECTION('',(0.,1.,-7.65671051465625E-17));
#8013=DIRECTION('',(0.,0.,-1.));
#8014=DIRECTION('',(0.,1.,0.));
#8015=DIRECTION('center_axis',(0.,-1.,0.));
#8016=DIRECTION('ref_axis',(-1.,0.,0.));
#8017=DIRECTION('',(-1.,0.,0.));
#8018=DIRECTION('',(0.,0.,-1.));
#8019=DIRECTION('',(-1.,0.,0.));
#8020=DIRECTION('center_axis',(1.,0.,0.));
#8021=DIRECTION('ref_axis',(0.,-1.,0.));
#8022=DIRECTION('',(0.,-1.,7.65671051465625E-17));
#8023=DIRECTION('',(0.,-1.,0.));
#8024=DIRECTION('center_axis',(0.,0.,-1.));
#8025=DIRECTION('ref_axis',(-1.,0.,0.));
#8026=DIRECTION('',(0.,0.,-1.));
#8027=DIRECTION('',(0.,0.,-1.));
#8028=DIRECTION('center_axis',(0.,1.,0.));
#8029=DIRECTION('ref_axis',(1.,0.,0.));
#8030=DIRECTION('',(1.,0.,0.));
#8031=DIRECTION('',(0.,0.,-1.));
#8032=DIRECTION('',(1.,0.,0.));
#8033=DIRECTION('',(0.,0.,-1.));
#8034=DIRECTION('',(0.,0.,-1.));
#8035=DIRECTION('',(0.,0.,-1.));
#8036=DIRECTION('',(0.,0.,-1.));
#8037=DIRECTION('',(0.,0.,-1.));
#8038=DIRECTION('',(0.,0.,-1.));
#8039=DIRECTION('',(0.,0.,-1.));
#8040=DIRECTION('',(0.,0.,-1.));
#8041=DIRECTION('',(0.,0.,-1.));
#8042=DIRECTION('',(0.,0.,-1.));
#8043=DIRECTION('center_axis',(1.,0.,0.));
#8044=DIRECTION('ref_axis',(0.,-1.,0.));
#8045=DIRECTION('',(0.,-1.,7.65671051465625E-17));
#8046=DIRECTION('',(0.,0.,-1.));
#8047=DIRECTION('',(0.,-1.,0.));
#8048=DIRECTION('',(0.,0.,-1.));
#8049=DIRECTION('',(0.,0.,-1.));
#8050=DIRECTION('',(0.,0.,-1.));
#8051=DIRECTION('',(0.,0.,-1.));
#8052=DIRECTION('center_axis',(0.,-1.,0.));
#8053=DIRECTION('ref_axis',(-1.,0.,0.));
#8054=DIRECTION('',(-1.,0.,0.));
#8055=DIRECTION('',(0.,0.,-1.));
#8056=DIRECTION('',(-1.,0.,0.));
#8057=DIRECTION('center_axis',(1.,0.,0.));
#8058=DIRECTION('ref_axis',(0.,-1.,0.));
#8059=DIRECTION('',(0.,-1.,7.65671051465625E-17));
#8060=DIRECTION('',(0.,0.,-1.));
#8061=DIRECTION('',(0.,-1.,0.));
#8062=DIRECTION('',(0.,0.,-1.));
#8063=DIRECTION('',(0.,0.,-1.));
#8064=DIRECTION('',(0.,0.,-1.));
#8065=DIRECTION('center_axis',(0.,0.,1.));
#8066=DIRECTION('ref_axis',(-1.,0.,0.));
#8067=DIRECTION('',(0.,0.,-1.));
#8068=DIRECTION('',(0.,0.,-1.));
#8069=DIRECTION('',(0.,0.,-1.));
#8070=DIRECTION('',(0.,0.,-1.));
#8071=DIRECTION('',(0.,0.,-1.));
#8072=DIRECTION('',(0.,0.,-1.));
#8073=DIRECTION('',(0.,0.,-1.));
#8074=DIRECTION('',(0.,0.,-1.));
#8075=DIRECTION('',(0.,0.,-1.));
#8076=DIRECTION('',(0.,0.,-1.));
#8077=DIRECTION('center_axis',(0.943090009570434,-0.332537567574611,0.));
#8078=DIRECTION('ref_axis',(-0.332537567574611,-0.943090009570434,0.));
#8079=DIRECTION('',(-0.332537567574611,-0.943090009570434,7.2209671925452E-17));
#8080=DIRECTION('',(0.,0.,-1.));
#8081=DIRECTION('',(-0.332537567574611,-0.943090009570434,0.));
#8082=DIRECTION('',(0.,0.,-1.));
#8083=DIRECTION('',(0.,0.,-1.));
#8084=DIRECTION('',(0.,0.,-1.));
#8085=DIRECTION('',(0.,0.,-1.));
#8086=DIRECTION('',(0.,0.,-1.));
#8087=DIRECTION('',(0.,0.,-1.));
#8088=DIRECTION('',(0.,0.,-1.));
#8089=DIRECTION('',(0.,0.,-1.));
#8090=DIRECTION('',(0.,0.,-1.));
#8091=DIRECTION('',(0.,0.,-1.));
#8092=DIRECTION('',(0.,0.,-1.));
#8093=DIRECTION('',(0.,0.,-1.));
#8094=DIRECTION('',(0.,0.,-1.));
#8095=DIRECTION('',(0.,0.,-1.));
#8096=DIRECTION('center_axis',(-1.,0.,0.));
#8097=DIRECTION('ref_axis',(0.,1.,0.));
#8098=DIRECTION('',(0.,1.,-7.65671051465625E-17));
#8099=DIRECTION('',(0.,0.,-1.));
#8100=DIRECTION('',(0.,1.,0.));
#8101=DIRECTION('',(0.,0.,-1.));
#8102=DIRECTION('',(0.,0.,-1.));
#8103=DIRECTION('',(0.,0.,-1.));
#8104=DIRECTION('',(0.,0.,-1.));
#8105=DIRECTION('center_axis',(0.,0.,1.));
#8106=DIRECTION('ref_axis',(-1.,0.,0.));
#8107=DIRECTION('',(0.,0.,-1.));
#8108=DIRECTION('',(0.,0.,-1.));
#8109=DIRECTION('',(0.,0.,-1.));
#8110=DIRECTION('',(0.,0.,-1.));
#8111=DIRECTION('',(0.,0.,-1.));
#8112=DIRECTION('',(0.,0.,-1.));
#8113=DIRECTION('',(0.,0.,-1.));
#8114=DIRECTION('',(0.,0.,-1.));
#8115=DIRECTION('',(0.,0.,-1.));
#8116=DIRECTION('',(0.,0.,-1.));
#8117=DIRECTION('',(0.,0.,-1.));
#8118=DIRECTION('',(0.,0.,-1.));
#8119=DIRECTION('',(0.,0.,-1.));
#8120=DIRECTION('',(0.,0.,-1.));
#8121=DIRECTION('',(0.,0.,-1.));
#8122=DIRECTION('',(0.,0.,-1.));
#8123=DIRECTION('',(0.,0.,-1.));
#8124=DIRECTION('',(0.,0.,-1.));
#8125=DIRECTION('center_axis',(0.,0.,1.));
#8126=DIRECTION('ref_axis',(-1.,0.,0.));
#8127=DIRECTION('',(0.,0.,-1.));
#8128=DIRECTION('',(0.,0.,-1.));
#8129=DIRECTION('',(0.,0.,-1.));
#8130=DIRECTION('',(0.,0.,-1.));
#8131=DIRECTION('',(0.,0.,-1.));
#8132=DIRECTION('',(0.,0.,-1.));
#8133=DIRECTION('',(0.,0.,-1.));
#8134=DIRECTION('',(0.,0.,-1.));
#8135=DIRECTION('',(0.,0.,-1.));
#8136=DIRECTION('',(0.,0.,-1.));
#8137=DIRECTION('',(0.,0.,-1.));
#8138=DIRECTION('',(0.,0.,-1.));
#8139=DIRECTION('',(0.,0.,-1.));
#8140=DIRECTION('',(0.,0.,-1.));
#8141=DIRECTION('',(0.,0.,-1.));
#8142=DIRECTION('',(0.,0.,-1.));
#8143=DIRECTION('',(0.,0.,-1.));
#8144=DIRECTION('',(0.,0.,-1.));
#8145=DIRECTION('center_axis',(0.,0.,1.));
#8146=DIRECTION('ref_axis',(-1.,0.,0.));
#8147=DIRECTION('center_axis',(0.,1.,0.));
#8148=DIRECTION('ref_axis',(1.,0.,0.));
#8149=DIRECTION('',(1.,0.,0.));
#8150=DIRECTION('',(0.,0.,-1.));
#8151=DIRECTION('',(1.,0.,0.));
#8152=DIRECTION('',(0.,0.,-1.));
#8153=DIRECTION('center_axis',(0.808126865968672,-0.589008462163025,0.));
#8154=DIRECTION('ref_axis',(-0.589008462163025,-0.808126865968672,0.));
#8155=DIRECTION('',(-0.589008462163025,-0.808126865968672,6.18759347183853E-17));
#8156=DIRECTION('',(0.,0.,-1.));
#8157=DIRECTION('',(-0.589008462163025,-0.808126865968672,0.));
#8158=DIRECTION('center_axis',(1.,0.,0.));
#8159=DIRECTION('ref_axis',(0.,-1.,0.));
#8160=DIRECTION('',(0.,-1.,7.65671051465625E-17));
#8161=DIRECTION('',(0.,0.,-1.));
#8162=DIRECTION('',(0.,-1.,0.));
#8163=DIRECTION('center_axis',(0.,1.,0.));
#8164=DIRECTION('ref_axis',(1.,0.,0.));
#8165=DIRECTION('',(1.,0.,0.));
#8166=DIRECTION('',(0.,0.,-1.));
#8167=DIRECTION('',(1.,0.,0.));
#8168=DIRECTION('center_axis',(-1.,0.,0.));
#8169=DIRECTION('ref_axis',(0.,1.,0.));
#8170=DIRECTION('',(0.,1.,-7.65671051465625E-17));
#8171=DIRECTION('',(0.,0.,-1.));
#8172=DIRECTION('',(0.,1.,0.));
#8173=DIRECTION('center_axis',(0.,-1.,0.));
#8174=DIRECTION('ref_axis',(-1.,0.,0.));
#8175=DIRECTION('',(-1.,0.,0.));
#8176=DIRECTION('',(0.,0.,-1.));
#8177=DIRECTION('',(-1.,0.,0.));
#8178=DIRECTION('center_axis',(-0.809562082388785,0.587034270514367,0.));
#8179=DIRECTION('ref_axis',(0.587034270514367,0.809562082388785,0.));
#8180=DIRECTION('',(0.587034270514367,0.809562082388785,-6.19858250849322E-17));
#8181=DIRECTION('',(0.,0.,-1.));
#8182=DIRECTION('',(0.587034270514367,0.809562082388785,0.));
#8183=DIRECTION('center_axis',(-1.,0.,0.));
#8184=DIRECTION('ref_axis',(0.,1.,0.));
#8185=DIRECTION('',(0.,1.,-7.65671051465625E-17));
#8186=DIRECTION('',(0.,0.,-1.));
#8187=DIRECTION('',(0.,1.,0.));
#8188=DIRECTION('center_axis',(0.,-1.,0.));
#8189=DIRECTION('ref_axis',(-1.,0.,0.));
#8190=DIRECTION('',(-1.,0.,0.));
#8191=DIRECTION('',(0.,0.,-1.));
#8192=DIRECTION('',(-1.,0.,0.));
#8193=DIRECTION('center_axis',(1.,0.,0.));
#8194=DIRECTION('ref_axis',(0.,-1.,0.));
#8195=DIRECTION('',(0.,-1.,7.65671051465625E-17));
#8196=DIRECTION('',(0.,-1.,0.));
#8197=DIRECTION('center_axis',(0.,0.,-1.));
#8198=DIRECTION('ref_axis',(-1.,0.,0.));
#8199=DIRECTION('',(0.,0.,-1.));
#8200=DIRECTION('',(0.,0.,-1.));
#8201=DIRECTION('center_axis',(0.,1.,0.));
#8202=DIRECTION('ref_axis',(1.,0.,0.));
#8203=DIRECTION('',(1.,0.,0.));
#8204=DIRECTION('',(0.,0.,-1.));
#8205=DIRECTION('',(1.,0.,0.));
#8206=DIRECTION('',(0.,0.,-1.));
#8207=DIRECTION('',(0.,0.,-1.));
#8208=DIRECTION('',(0.,0.,-1.));
#8209=DIRECTION('',(0.,0.,-1.));
#8210=DIRECTION('',(0.,0.,-1.));
#8211=DIRECTION('',(0.,0.,-1.));
#8212=DIRECTION('',(0.,0.,-1.));
#8213=DIRECTION('',(0.,0.,-1.));
#8214=DIRECTION('',(0.,0.,-1.));
#8215=DIRECTION('',(0.,0.,-1.));
#8216=DIRECTION('center_axis',(1.,0.,0.));
#8217=DIRECTION('ref_axis',(0.,-1.,0.));
#8218=DIRECTION('',(0.,-1.,7.65671051465625E-17));
#8219=DIRECTION('',(0.,0.,-1.));
#8220=DIRECTION('',(0.,-1.,0.));
#8221=DIRECTION('',(0.,0.,-1.));
#8222=DIRECTION('',(0.,0.,-1.));
#8223=DIRECTION('',(0.,0.,-1.));
#8224=DIRECTION('',(0.,0.,-1.));
#8225=DIRECTION('center_axis',(0.,-1.,0.));
#8226=DIRECTION('ref_axis',(-1.,0.,0.));
#8227=DIRECTION('',(-1.,0.,0.));
#8228=DIRECTION('',(0.,0.,-1.));
#8229=DIRECTION('',(-1.,0.,0.));
#8230=DIRECTION('center_axis',(1.,0.,0.));
#8231=DIRECTION('ref_axis',(0.,-1.,0.));
#8232=DIRECTION('',(0.,-1.,7.65671051465625E-17));
#8233=DIRECTION('',(0.,0.,-1.));
#8234=DIRECTION('',(0.,-1.,0.));
#8235=DIRECTION('',(0.,0.,-1.));
#8236=DIRECTION('',(0.,0.,-1.));
#8237=DIRECTION('',(0.,0.,-1.));
#8238=DIRECTION('center_axis',(0.,0.,1.));
#8239=DIRECTION('ref_axis',(-1.,0.,0.));
#8240=DIRECTION('',(0.,0.,-1.));
#8241=DIRECTION('',(0.,0.,-1.));
#8242=DIRECTION('center_axis',(0.,-1.,0.));
#8243=DIRECTION('ref_axis',(-1.,0.,0.));
#8244=DIRECTION('',(-1.,0.,0.));
#8245=DIRECTION('',(0.,0.,-1.));
#8246=DIRECTION('',(-1.,0.,0.));
#8247=DIRECTION('center_axis',(0.984516526711781,0.17529178141422,0.));
#8248=DIRECTION('ref_axis',(0.17529178141422,-0.984516526711781,0.));
#8249=DIRECTION('',(0.17529178141422,-0.984516526711781,7.53815804192695E-17));
#8250=DIRECTION('',(0.,0.,-1.));
#8251=DIRECTION('',(0.17529178141422,-0.984516526711781,0.));
#8252=DIRECTION('center_axis',(0.,1.,0.));
#8253=DIRECTION('ref_axis',(1.,0.,0.));
#8254=DIRECTION('',(1.,0.,0.));
#8255=DIRECTION('',(0.,0.,-1.));
#8256=DIRECTION('',(1.,0.,0.));
#8257=DIRECTION('center_axis',(-1.,0.,0.));
#8258=DIRECTION('ref_axis',(0.,1.,0.));
#8259=DIRECTION('',(0.,1.,-7.65671051465625E-17));
#8260=DIRECTION('',(0.,0.,-1.));
#8261=DIRECTION('',(0.,1.,0.));
#8262=DIRECTION('center_axis',(0.,-1.,0.));
#8263=DIRECTION('ref_axis',(-1.,0.,0.));
#8264=DIRECTION('',(-1.,0.,0.));
#8265=DIRECTION('',(0.,0.,-1.));
#8266=DIRECTION('',(-1.,0.,0.));
#8267=DIRECTION('center_axis',(1.,0.,0.));
#8268=DIRECTION('ref_axis',(0.,-1.,0.));
#8269=DIRECTION('',(0.,-1.,7.65671051465625E-17));
#8270=DIRECTION('',(0.,0.,-1.));
#8271=DIRECTION('',(0.,-1.,0.));
#8272=DIRECTION('',(0.,0.,-1.));
#8273=DIRECTION('',(0.,0.,-1.));
#8274=DIRECTION('',(0.,0.,-1.));
#8275=DIRECTION('center_axis',(-1.,0.,0.));
#8276=DIRECTION('ref_axis',(0.,1.,0.));
#8277=DIRECTION('',(0.,1.,-7.65671051465625E-17));
#8278=DIRECTION('',(0.,0.,-1.));
#8279=DIRECTION('',(0.,1.,0.));
#8280=DIRECTION('center_axis',(0.,-1.,0.));
#8281=DIRECTION('ref_axis',(-1.,0.,0.));
#8282=DIRECTION('',(-1.,0.,0.));
#8283=DIRECTION('',(0.,0.,-1.));
#8284=DIRECTION('',(-1.,0.,0.));
#8285=DIRECTION('center_axis',(1.,0.,0.));
#8286=DIRECTION('ref_axis',(0.,-1.,0.));
#8287=DIRECTION('',(0.,-1.,7.65671051465625E-17));
#8288=DIRECTION('',(0.,0.,-1.));
#8289=DIRECTION('',(0.,-1.,0.));
#8290=DIRECTION('',(0.,0.,-1.));
#8291=DIRECTION('',(0.,0.,-1.));
#8292=DIRECTION('center_axis',(0.,0.,1.));
#8293=DIRECTION('ref_axis',(-1.,0.,0.));
#8294=DIRECTION('',(0.,0.,-1.));
#8295=DIRECTION('',(0.,0.,-1.));
#8296=DIRECTION('center_axis',(1.,0.,0.));
#8297=DIRECTION('ref_axis',(0.,-1.,0.));
#8298=DIRECTION('',(0.,-1.,7.65671051465625E-17));
#8299=DIRECTION('',(0.,0.,-1.));
#8300=DIRECTION('',(0.,-1.,0.));
#8301=DIRECTION('center_axis',(0.,-1.,0.));
#8302=DIRECTION('ref_axis',(-1.,0.,0.));
#8303=DIRECTION('',(-1.,0.,0.));
#8304=DIRECTION('',(0.,0.,-1.));
#8305=DIRECTION('',(-1.,0.,0.));
#8306=DIRECTION('center_axis',(1.,0.,0.));
#8307=DIRECTION('ref_axis',(0.,-1.,0.));
#8308=DIRECTION('',(0.,-1.,7.65671051465625E-17));
#8309=DIRECTION('',(0.,0.,-1.));
#8310=DIRECTION('',(0.,-1.,0.));
#8311=DIRECTION('center_axis',(0.,1.,0.));
#8312=DIRECTION('ref_axis',(1.,0.,0.));
#8313=DIRECTION('',(1.,0.,0.));
#8314=DIRECTION('',(0.,0.,-1.));
#8315=DIRECTION('',(1.,0.,0.));
#8316=DIRECTION('center_axis',(1.,0.,0.));
#8317=DIRECTION('ref_axis',(0.,-1.,0.));
#8318=DIRECTION('',(0.,-1.,7.65671051465625E-17));
#8319=DIRECTION('',(0.,0.,-1.));
#8320=DIRECTION('',(0.,-1.,0.));
#8321=DIRECTION('center_axis',(0.,1.,0.));
#8322=DIRECTION('ref_axis',(1.,0.,0.));
#8323=DIRECTION('',(1.,0.,0.));
#8324=DIRECTION('',(0.,0.,-1.));
#8325=DIRECTION('',(1.,0.,0.));
#8326=DIRECTION('center_axis',(-0.955992882260667,0.293389858493681,0.));
#8327=DIRECTION('ref_axis',(0.293389858493681,0.955992882260667,0.));
#8328=DIRECTION('',(0.293389858493681,0.955992882260667,-7.31976075354179E-17));
#8329=DIRECTION('',(0.,0.,-1.));
#8330=DIRECTION('',(0.293389858493681,0.955992882260667,0.));
#8331=DIRECTION('center_axis',(-0.41378957663337,0.910372553556826,0.));
#8332=DIRECTION('ref_axis',(0.910372553556826,0.41378957663337,0.));
#8333=DIRECTION('',(0.910372553556826,0.41378957663337,-3.16826700226388E-17));
#8334=DIRECTION('',(0.,0.,-1.));
#8335=DIRECTION('',(0.910372553556826,0.41378957663337,0.));
#8336=DIRECTION('center_axis',(-1.,0.,0.));
#8337=DIRECTION('ref_axis',(0.,1.,0.));
#8338=DIRECTION('',(0.,1.,-7.65671051465625E-17));
#8339=DIRECTION('',(0.,0.,-1.));
#8340=DIRECTION('',(0.,1.,0.));
#8341=DIRECTION('center_axis',(0.,-1.,0.));
#8342=DIRECTION('ref_axis',(-1.,0.,0.));
#8343=DIRECTION('',(-1.,0.,0.));
#8344=DIRECTION('',(0.,0.,-1.));
#8345=DIRECTION('',(-1.,0.,0.));
#8346=DIRECTION('center_axis',(-1.,0.,0.));
#8347=DIRECTION('ref_axis',(0.,1.,0.));
#8348=DIRECTION('',(0.,1.,-7.65671051465625E-17));
#8349=DIRECTION('',(0.,0.,-1.));
#8350=DIRECTION('',(0.,1.,0.));
#8351=DIRECTION('',(0.,0.,-1.));
#8352=DIRECTION('',(0.,0.,-1.));
#8353=DIRECTION('',(0.,0.,-1.));
#8354=DIRECTION('',(0.,0.,-1.));
#8355=DIRECTION('',(0.,0.,-1.));
#8356=DIRECTION('center_axis',(1.,0.,0.));
#8357=DIRECTION('ref_axis',(0.,-1.,0.));
#8358=DIRECTION('',(0.,-1.,7.65671051465625E-17));
#8359=DIRECTION('',(0.,0.,-1.));
#8360=DIRECTION('',(0.,-1.,0.));
#8361=DIRECTION('',(0.,0.,-1.));
#8362=DIRECTION('',(0.,0.,-1.));
#8363=DIRECTION('center_axis',(0.,0.,1.));
#8364=DIRECTION('ref_axis',(-1.,0.,0.));
#8365=DIRECTION('',(0.,0.,-1.));
#8366=DIRECTION('',(0.,0.,-1.));
#8367=DIRECTION('',(0.,0.,-1.));
#8368=DIRECTION('',(0.,0.,-1.));
#8369=DIRECTION('',(0.,0.,-1.));
#8370=DIRECTION('',(0.,0.,-1.));
#8371=DIRECTION('',(0.,0.,-1.));
#8372=DIRECTION('',(0.,0.,-1.));
#8373=DIRECTION('',(0.,0.,-1.));
#8374=DIRECTION('',(0.,0.,-1.));
#8375=DIRECTION('center_axis',(0.943089908553572,-0.332537854062383,0.));
#8376=DIRECTION('ref_axis',(-0.332537854062383,-0.943089908553572,0.));
#8377=DIRECTION('',(-0.332537854062383,-0.943089908553572,7.22096641908834E-17));
#8378=DIRECTION('',(0.,0.,-1.));
#8379=DIRECTION('',(-0.332537854062383,-0.943089908553572,0.));
#8380=DIRECTION('',(0.,0.,-1.));
#8381=DIRECTION('',(0.,0.,-1.));
#8382=DIRECTION('',(0.,0.,-1.));
#8383=DIRECTION('',(0.,0.,-1.));
#8384=DIRECTION('',(0.,0.,-1.));
#8385=DIRECTION('',(0.,0.,-1.));
#8386=DIRECTION('',(0.,0.,-1.));
#8387=DIRECTION('',(0.,0.,-1.));
#8388=DIRECTION('',(0.,0.,-1.));
#8389=DIRECTION('',(0.,0.,-1.));
#8390=DIRECTION('',(0.,0.,-1.));
#8391=DIRECTION('',(0.,0.,-1.));
#8392=DIRECTION('',(0.,0.,-1.));
#8393=DIRECTION('',(0.,0.,-1.));
#8394=DIRECTION('center_axis',(-1.,0.,0.));
#8395=DIRECTION('ref_axis',(0.,1.,0.));
#8396=DIRECTION('',(0.,1.,-7.65671051465625E-17));
#8397=DIRECTION('',(0.,0.,-1.));
#8398=DIRECTION('',(0.,1.,0.));
#8399=DIRECTION('',(0.,0.,-1.));
#8400=DIRECTION('',(0.,0.,-1.));
#8401=DIRECTION('',(0.,0.,-1.));
#8402=DIRECTION('',(0.,0.,-1.));
#8403=DIRECTION('center_axis',(0.,0.,1.));
#8404=DIRECTION('ref_axis',(-1.,0.,0.));
#8405=DIRECTION('center_axis',(0.,1.,0.));
#8406=DIRECTION('ref_axis',(1.,0.,0.));
#8407=DIRECTION('',(1.,0.,0.));
#8408=DIRECTION('',(0.,0.,-1.));
#8409=DIRECTION('',(1.,0.,0.));
#8410=DIRECTION('',(0.,0.,-1.));
#8411=DIRECTION('center_axis',(-1.,0.,0.));
#8412=DIRECTION('ref_axis',(0.,1.,0.));
#8413=DIRECTION('',(0.,1.,-7.65671051465625E-17));
#8414=DIRECTION('',(0.,0.,-1.));
#8415=DIRECTION('',(0.,1.,0.));
#8416=DIRECTION('center_axis',(0.,1.,0.));
#8417=DIRECTION('ref_axis',(1.,0.,0.));
#8418=DIRECTION('',(1.,0.,0.));
#8419=DIRECTION('',(0.,0.,-1.));
#8420=DIRECTION('',(1.,0.,0.));
#8421=DIRECTION('center_axis',(-1.,0.,0.));
#8422=DIRECTION('ref_axis',(0.,1.,0.));
#8423=DIRECTION('',(0.,1.,-7.65671051465625E-17));
#8424=DIRECTION('',(0.,0.,-1.));
#8425=DIRECTION('',(0.,1.,0.));
#8426=DIRECTION('center_axis',(0.,-1.,0.));
#8427=DIRECTION('ref_axis',(-1.,0.,0.));
#8428=DIRECTION('',(-1.,0.,0.));
#8429=DIRECTION('',(0.,0.,-1.));
#8430=DIRECTION('',(-1.,0.,0.));
#8431=DIRECTION('center_axis',(-1.,0.,0.));
#8432=DIRECTION('ref_axis',(0.,1.,0.));
#8433=DIRECTION('',(0.,1.,-7.65671051465625E-17));
#8434=DIRECTION('',(0.,0.,-1.));
#8435=DIRECTION('',(0.,1.,0.));
#8436=DIRECTION('center_axis',(0.,-1.,0.));
#8437=DIRECTION('ref_axis',(-1.,0.,0.));
#8438=DIRECTION('',(-1.,0.,0.));
#8439=DIRECTION('',(0.,0.,-1.));
#8440=DIRECTION('',(-1.,0.,0.));
#8441=DIRECTION('center_axis',(1.,0.,0.));
#8442=DIRECTION('ref_axis',(0.,-1.,0.));
#8443=DIRECTION('',(0.,-1.,7.65671051465625E-17));
#8444=DIRECTION('',(0.,0.,-1.));
#8445=DIRECTION('',(0.,-1.,0.));
#8446=DIRECTION('center_axis',(0.,-1.,0.));
#8447=DIRECTION('ref_axis',(-1.,0.,0.));
#8448=DIRECTION('',(-1.,0.,0.));
#8449=DIRECTION('',(0.,0.,-1.));
#8450=DIRECTION('',(-1.,0.,0.));
#8451=DIRECTION('center_axis',(1.,0.,0.));
#8452=DIRECTION('ref_axis',(0.,-1.,0.));
#8453=DIRECTION('',(0.,-1.,7.65671051465625E-17));
#8454=DIRECTION('',(0.,0.,-1.));
#8455=DIRECTION('',(0.,-1.,0.));
#8456=DIRECTION('center_axis',(0.,1.,0.));
#8457=DIRECTION('ref_axis',(1.,0.,0.));
#8458=DIRECTION('',(1.,0.,0.));
#8459=DIRECTION('',(0.,0.,-1.));
#8460=DIRECTION('',(1.,0.,0.));
#8461=DIRECTION('center_axis',(1.,0.,0.));
#8462=DIRECTION('ref_axis',(0.,-1.,0.));
#8463=DIRECTION('',(0.,-1.,7.65671051465625E-17));
#8464=DIRECTION('',(0.,-1.,0.));
#8465=DIRECTION('center_axis',(0.,0.,-1.));
#8466=DIRECTION('ref_axis',(-1.,0.,0.));
#8467=DIRECTION('center_axis',(0.,7.65671051465625E-17,1.));
#8468=DIRECTION('ref_axis',(0.,-1.,7.65671051465625E-17));
#8469=DIRECTION('center_axis',(0.,7.65671051465625E-17,1.));
#8470=DIRECTION('ref_axis',(0.,-1.,7.65671051465625E-17));
#8471=DIRECTION('center_axis',(0.,7.65671051465625E-17,1.));
#8472=DIRECTION('ref_axis',(0.,-1.,7.65671051465625E-17));
#8473=DIRECTION('center_axis',(0.,7.65671051465625E-17,1.));
#8474=DIRECTION('ref_axis',(0.,-1.,7.65671051465625E-17));
#8475=DIRECTION('center_axis',(1.,0.,0.));
#8476=DIRECTION('ref_axis',(0.,0.707106781186547,0.707106781186547));
#8477=DIRECTION('center_axis',(1.,0.,0.));
#8478=DIRECTION('ref_axis',(0.,1.,0.));
#8479=DIRECTION('',(1.,0.,0.));
#8480=DIRECTION('center_axis',(-1.,0.,0.));
#8481=DIRECTION('ref_axis',(0.,0.,1.));
#8482=DIRECTION('center_axis',(0.,-1.,0.));
#8483=DIRECTION('ref_axis',(0.707106781186547,0.,0.707106781186547));
#8484=DIRECTION('center_axis',(0.,-1.,0.));
#8485=DIRECTION('ref_axis',(1.,0.,0.));
#8486=DIRECTION('',(0.,-1.,0.));
#8487=DIRECTION('center_axis',(0.,1.,0.));
#8488=DIRECTION('ref_axis',(0.,0.,1.));
#8489=DIRECTION('center_axis',(0.408248290463863,-0.816496580927727,0.408248290463863));
#8490=DIRECTION('ref_axis',(0.577350269189626,0.577350269189626,0.577350269189626));
#8491=DIRECTION('center_axis',(0.,-2.07518322359842E-16,1.));
#8492=DIRECTION('ref_axis',(0.707106781186548,0.707106781186548,0.));
#8493=DIRECTION('center_axis',(1.,0.,0.));
#8494=DIRECTION('ref_axis',(0.,-0.499999999999999,0.866025403784439));
#8495=DIRECTION('',(1.,0.,0.));
#8496=DIRECTION('center_axis',(-1.,0.,0.));
#8497=DIRECTION('ref_axis',(0.,-0.866025403784439,0.5));
#8498=DIRECTION('',(-1.,0.,0.));
#8499=DIRECTION('center_axis',(1.,0.,0.));
#8500=DIRECTION('ref_axis',(0.,0.,1.));
#8501=DIRECTION('',(1.,0.,0.));
#8502=DIRECTION('center_axis',(-0.24019223070763,-0.901387818865997,-0.360288346061446));
#8503=DIRECTION('ref_axis',(0.5,-0.43301270189222,0.75));
#8504=DIRECTION('center_axis',(0.,1.,0.));
#8505=DIRECTION('ref_axis',(-0.707106781186547,0.,0.707106781186547));
#8506=DIRECTION('center_axis',(0.,1.,0.));
#8507=DIRECTION('ref_axis',(-1.,0.,0.));
#8508=DIRECTION('',(0.,1.,0.));
#8509=DIRECTION('center_axis',(0.,-1.,0.));
#8510=DIRECTION('ref_axis',(0.,0.,1.));
#8511=DIRECTION('center_axis',(0.24019223070763,-0.901387818865997,-0.360288346061446));
#8512=DIRECTION('ref_axis',(-0.5,-0.43301270189222,0.75));
#8513=DIRECTION('center_axis',(-0.408248290463863,-0.816496580927727,0.408248290463863));
#8514=DIRECTION('ref_axis',(-0.577350269189626,0.577350269189626,0.577350269189626));
#8515=DIRECTION('center_axis',(-0.447213595499957,-0.774596669241484,0.447213595499958));
#8516=DIRECTION('ref_axis',(0.707106781186548,0.,0.707106781186547));
#8517=DIRECTION('',(0.,0.5,0.866025403784439));
#8518=DIRECTION('',(0.,-0.5,-0.866025403784439));
#8519=DIRECTION('center_axis',(0.,0.,1.));
#8520=DIRECTION('ref_axis',(0.,-1.,0.));
#8521=DIRECTION('center_axis',(0.,1.,-7.65671051465625E-17));
#8522=DIRECTION('ref_axis',(-0.924986486387774,0.,0.380000000000001));
#8523=DIRECTION('',(0.,1.,-7.65671051465625E-17));
#8524=DIRECTION('center_axis',(0.,-0.866025403784439,0.5));
#8525=DIRECTION('ref_axis',(0.,-0.5,-0.866025403784439));
#8526=DIRECTION('',(1.,0.,0.));
#8527=DIRECTION('center_axis',(0.,-2.07518322359842E-16,1.));
#8528=DIRECTION('ref_axis',(0.707106781186547,0.707106781186547,0.));
#8529=DIRECTION('center_axis',(0.,0.,1.));
#8530=DIRECTION('ref_axis',(1.,0.,0.));
#8531=DIRECTION('',(1.,0.,0.));
#8532=DIRECTION('center_axis',(0.,0.,1.));
#8533=DIRECTION('ref_axis',(1.,0.,0.));
#8534=DIRECTION('',(0.,1.,0.));
#8535=DIRECTION('center_axis',(0.,0.,1.));
#8536=DIRECTION('ref_axis',(1.,0.,0.));
#8537=DIRECTION('',(0.,1.,0.));
#8538=DIRECTION('',(-1.,0.,0.));
#8539=DIRECTION('',(0.,-1.,0.));
#8540=DIRECTION('center_axis',(0.,0.,1.));
#8541=DIRECTION('ref_axis',(1.,0.,0.));
#8542=DIRECTION('',(0.,-1.,0.));
#8543=DIRECTION('center_axis',(0.,0.,1.));
#8544=DIRECTION('ref_axis',(1.,0.,0.));
#8545=DIRECTION('',(1.,0.,0.));
#8546=DIRECTION('',(0.,1.,0.));
#8547=DIRECTION('center_axis',(0.,0.,1.));
#8548=DIRECTION('ref_axis',(-1.,0.,0.));
#8549=DIRECTION('center_axis',(0.,0.,1.));
#8550=DIRECTION('ref_axis',(-1.,0.,0.));
#8551=DIRECTION('center_axis',(0.,0.,1.));
#8552=DIRECTION('ref_axis',(-1.,0.,0.));
#8553=DIRECTION('center_axis',(0.,0.,1.));
#8554=DIRECTION('ref_axis',(-1.,0.,0.));
#8555=DIRECTION('center_axis',(0.,0.,1.));
#8556=DIRECTION('ref_axis',(1.,0.,0.));
#8557=DIRECTION('',(1.,0.,0.));
#8558=DIRECTION('',(0.,1.,0.));
#8559=DIRECTION('center_axis',(0.,0.,1.));
#8560=DIRECTION('ref_axis',(1.,0.,0.));
#8561=DIRECTION('',(0.,-1.,0.));
#8562=DIRECTION('',(1.,0.,0.));
#8563=DIRECTION('center_axis',(0.,-1.,0.));
#8564=DIRECTION('ref_axis',(-0.707106781186547,0.,0.707106781186547));
#8565=DIRECTION('',(0.,-1.,0.));
#8566=DIRECTION('center_axis',(0.,-1.,-2.07518322359842E-16));
#8567=DIRECTION('ref_axis',(-0.707106781186547,0.,0.707106781186547));
#8568=DIRECTION('center_axis',(0.,0.,1.));
#8569=DIRECTION('ref_axis',(-1.,0.,0.));
#8570=DIRECTION('',(0.,1.,0.));
#8571=DIRECTION('',(1.,0.,0.));
#8572=DIRECTION('center_axis',(0.,-1.,0.));
#8573=DIRECTION('ref_axis',(0.707106781186548,0.,0.707106781186547));
#8574=DIRECTION('',(0.,-1.,0.));
#8575=DIRECTION('center_axis',(0.,-1.,-2.07518322359842E-16));
#8576=DIRECTION('ref_axis',(0.707106781186548,0.,0.707106781186547));
#8577=DIRECTION('center_axis',(1.,0.,0.));
#8578=DIRECTION('ref_axis',(0.,0.,1.));
#8579=DIRECTION('',(0.,2.07518322359842E-16,-1.));
#8580=DIRECTION('center_axis',(0.,1.,2.07518322359842E-16));
#8581=DIRECTION('ref_axis',(0.,-2.07518322359842E-16,1.));
#8582=DIRECTION('',(0.,0.,1.));
#8583=DIRECTION('',(-1.,0.,0.));
#8584=DIRECTION('',(0.,0.,-1.));
#8585=DIRECTION('center_axis',(1.,0.,0.));
#8586=DIRECTION('ref_axis',(0.,-0.5,-0.866025403784439));
#8587=DIRECTION('',(0.,0.866025403784439,-0.5));
#8588=DIRECTION('',(0.,0.5,0.866025403784439));
#8589=DIRECTION('',(0.,0.866025403784438,-0.5));
#8590=DIRECTION('center_axis',(0.,0.5,0.866025403784439));
#8591=DIRECTION('ref_axis',(1.,0.,0.));
#8592=DIRECTION('',(0.,0.866025403784439,-0.5));
#8593=DIRECTION('',(-1.,0.,0.));
#8594=DIRECTION('center_axis',(1.,0.,0.));
#8595=DIRECTION('ref_axis',(0.,-0.5,-0.866025403784439));
#8596=DIRECTION('',(0.,0.5,0.866025403784439));
#8597=DIRECTION('',(0.,0.866025403784439,-0.499999999999999));
#8598=DIRECTION('',(0.,-0.5,-0.866025403784439));
#8599=DIRECTION('',(0.,0.866025403784439,-0.499999999999999));
#8600=DIRECTION('',(0.,1.,0.));
#8601=DIRECTION('center_axis',(0.,0.5,0.866025403784439));
#8602=DIRECTION('ref_axis',(1.,0.,0.));
#8603=DIRECTION('',(-1.,0.,0.));
#8604=DIRECTION('',(1.,0.,0.));
#8605=DIRECTION('',(0.,0.866025403784439,-0.499999999999999));
#8606=DIRECTION('',(0.,-0.866025403784439,0.499999999999999));
#8607=DIRECTION('',(0.,0.866025403784439,-0.499999999999999));
#8608=DIRECTION('center_axis',(-1.,0.,0.));
#8609=DIRECTION('ref_axis',(0.,0.5,0.866025403784439));
#8610=DIRECTION('',(0.,-1.,0.));
#8611=DIRECTION('',(0.,-0.5,-0.866025403784439));
#8612=DIRECTION('center_axis',(-1.,0.,0.));
#8613=DIRECTION('ref_axis',(0.,0.5,0.866025403784439));
#8614=DIRECTION('',(0.,0.5,0.866025403784439));
#8615=DIRECTION('',(0.,0.5,0.866025403784439));
#8616=DIRECTION('',(0.,0.866025403784439,-0.499999999999999));
#8617=DIRECTION('center_axis',(0.,-0.5,-0.866025403784439));
#8618=DIRECTION('ref_axis',(-1.,0.,0.));
#8619=DIRECTION('',(1.,0.,0.));
#8620=DIRECTION('',(0.,0.866025403784439,-0.499999999999999));
#8621=DIRECTION('',(-1.,0.,0.));
#8622=DIRECTION('center_axis',(0.,-0.866025403784439,0.5));
#8623=DIRECTION('ref_axis',(1.,0.,0.));
#8624=DIRECTION('center_axis',(0.,0.,1.));
#8625=DIRECTION('ref_axis',(0.,-1.,0.));
#8626=DIRECTION('',(-1.,0.,0.));
#8627=DIRECTION('',(-1.,0.,0.));
#8628=DIRECTION('',(0.,1.,0.));
#8629=DIRECTION('center_axis',(0.,0.,1.));
#8630=DIRECTION('ref_axis',(1.,0.,0.));
#8631=DIRECTION('center_axis',(0.,0.,1.));
#8632=DIRECTION('ref_axis',(1.,0.,0.));
#8633=DIRECTION('',(0.,1.,0.));
#8634=DIRECTION('',(-1.,0.,0.));
#8635=DIRECTION('center_axis',(1.,0.,0.));
#8636=DIRECTION('ref_axis',(0.,0.5,0.866025403784439));
#8637=DIRECTION('',(0.,0.5,0.866025403784438));
#8638=DIRECTION('',(0.,-0.866025403784438,0.500000000000001));
#8639=DIRECTION('',(0.,-0.5,-0.866025403784439));
#8640=DIRECTION('center_axis',(0.,-0.866025403784439,0.5));
#8641=DIRECTION('ref_axis',(1.,0.,0.));
#8642=DIRECTION('',(1.,0.,0.));
#8643=DIRECTION('',(0.,0.5,0.866025403784439));
#8644=DIRECTION('center_axis',(-1.,0.,0.));
#8645=DIRECTION('ref_axis',(0.,-0.5,-0.866025403784439));
#8646=DIRECTION('',(0.,-0.5,-0.866025403784439));
#8647=DIRECTION('',(0.,-0.866025403784438,0.500000000000001));
#8648=DIRECTION('',(0.,-0.5,-0.866025403784439));
#8649=DIRECTION('',(0.,-0.866025403784438,0.500000000000001));
#8650=DIRECTION('center_axis',(0.,-0.500000000000001,-0.866025403784438));
#8651=DIRECTION('ref_axis',(1.,0.,0.));
#8652=DIRECTION('',(1.,0.,0.));
#8653=DIRECTION('',(0.,-0.866025403784438,0.500000000000001));
#8654=DIRECTION('',(1.,0.,0.));
#8655=DIRECTION('center_axis',(1.,0.,0.));
#8656=DIRECTION('ref_axis',(0.,0.5,0.866025403784439));
#8657=DIRECTION('',(0.,0.5,0.866025403784439));
#8658=DIRECTION('',(0.,-0.866025403784438,0.500000000000001));
#8659=DIRECTION('',(0.,0.5,0.866025403784439));
#8660=DIRECTION('center_axis',(0.,0.500000000000001,0.866025403784438));
#8661=DIRECTION('ref_axis',(-1.,0.,0.));
#8662=DIRECTION('',(-1.,0.,0.));
#8663=DIRECTION('',(-1.,0.,0.));
#8664=DIRECTION('center_axis',(0.,-0.500000000000001,-0.866025403784438));
#8665=DIRECTION('ref_axis',(1.,0.,0.));
#8666=DIRECTION('',(1.,0.,0.));
#8667=DIRECTION('',(0.,-0.866025403784438,0.500000000000001));
#8668=DIRECTION('',(1.,0.,0.));
#8669=DIRECTION('',(0.,-0.866025403784438,0.500000000000001));
#8670=DIRECTION('center_axis',(-1.,0.,0.));
#8671=DIRECTION('ref_axis',(0.,-0.5,-0.866025403784439));
#8672=DIRECTION('',(0.,-0.5,-0.866025403784439));
#8673=DIRECTION('',(0.,-0.866025403784438,0.500000000000001));
#8674=DIRECTION('',(0.,-0.5,-0.866025403784439));
#8675=DIRECTION('center_axis',(0.,0.500000000000001,0.866025403784438));
#8676=DIRECTION('ref_axis',(-1.,0.,0.));
#8677=DIRECTION('',(-1.,0.,0.));
#8678=DIRECTION('center_axis',(1.,0.,0.));
#8679=DIRECTION('ref_axis',(0.,0.5,0.866025403784439));
#8680=DIRECTION('',(0.,0.5,0.866025403784439));
#8681=DIRECTION('',(0.,0.5,0.866025403784439));
#8682=DIRECTION('center_axis',(0.,-0.866025403784438,0.500000000000001));
#8683=DIRECTION('ref_axis',(1.,0.,0.));
#8684=DIRECTION('center_axis',(0.,-0.866025403784439,0.5));
#8685=DIRECTION('ref_axis',(0.,-0.5,-0.866025403784439));
#8686=DIRECTION('',(0.,-0.5,-0.866025403784439));
#8687=DIRECTION('',(1.,0.,0.));
#8688=DIRECTION('center_axis',(-1.,0.,0.));
#8689=DIRECTION('ref_axis',(0.,0.5,0.866025403784439));
#8690=DIRECTION('',(0.,0.866025403784439,-0.5));
#8691=DIRECTION('center_axis',(0.,-0.5,-0.866025403784439));
#8692=DIRECTION('ref_axis',(-1.,0.,0.));
#8693=DIRECTION('center_axis',(-1.,0.,0.));
#8694=DIRECTION('ref_axis',(0.,1.,0.));
#8695=DIRECTION('',(0.,-1.,0.));
#8696=DIRECTION('',(0.,0.,-1.));
#8697=DIRECTION('',(0.,1.,-7.65671051465625E-17));
#8698=DIRECTION('',(0.,0.,-1.));
#8699=DIRECTION('center_axis',(0.,-1.,0.));
#8700=DIRECTION('ref_axis',(-1.,0.,0.));
#8701=DIRECTION('',(1.,0.,0.));
#8702=DIRECTION('',(-1.,0.,0.));
#8703=DIRECTION('',(0.,0.,-1.));
#8704=DIRECTION('center_axis',(1.,0.,0.));
#8705=DIRECTION('ref_axis',(0.,-1.,0.));
#8706=DIRECTION('',(0.,1.,0.));
#8707=DIRECTION('',(0.,-1.,7.65671051465625E-17));
#8708=DIRECTION('',(0.,0.,-1.));
#8709=DIRECTION('center_axis',(0.,1.,0.));
#8710=DIRECTION('ref_axis',(1.,0.,0.));
#8711=DIRECTION('',(-1.,0.,0.));
#8712=DIRECTION('',(1.,0.,0.));
#8713=DIRECTION('center_axis',(-1.,0.,0.));
#8714=DIRECTION('ref_axis',(0.,1.,0.));
#8715=DIRECTION('',(0.,-1.,0.));
#8716=DIRECTION('',(0.,0.,-1.));
#8717=DIRECTION('',(0.,1.,-7.65671051465625E-17));
#8718=DIRECTION('',(0.,0.,-1.));
#8719=DIRECTION('center_axis',(0.,-1.,0.));
#8720=DIRECTION('ref_axis',(-1.,0.,0.));
#8721=DIRECTION('',(1.,0.,0.));
#8722=DIRECTION('',(-1.,0.,0.));
#8723=DIRECTION('',(0.,0.,-1.));
#8724=DIRECTION('center_axis',(1.,0.,0.));
#8725=DIRECTION('ref_axis',(0.,-1.,0.));
#8726=DIRECTION('',(0.,1.,0.));
#8727=DIRECTION('',(0.,-1.,7.65671051465625E-17));
#8728=DIRECTION('',(0.,0.,-1.));
#8729=DIRECTION('center_axis',(0.,1.,0.));
#8730=DIRECTION('ref_axis',(1.,0.,0.));
#8731=DIRECTION('',(-1.,0.,0.));
#8732=DIRECTION('',(1.,0.,0.));
#8733=DIRECTION('center_axis',(-1.,0.,0.));
#8734=DIRECTION('ref_axis',(0.,1.,0.));
#8735=DIRECTION('',(0.,-1.,0.));
#8736=DIRECTION('',(0.,0.,-1.));
#8737=DIRECTION('',(0.,1.,-7.65671051465625E-17));
#8738=DIRECTION('',(0.,0.,-1.));
#8739=DIRECTION('center_axis',(0.,-1.,0.));
#8740=DIRECTION('ref_axis',(-1.,0.,0.));
#8741=DIRECTION('',(1.,0.,0.));
#8742=DIRECTION('',(-1.,0.,0.));
#8743=DIRECTION('',(0.,0.,-1.));
#8744=DIRECTION('center_axis',(1.,0.,0.));
#8745=DIRECTION('ref_axis',(0.,-1.,0.));
#8746=DIRECTION('',(0.,1.,0.));
#8747=DIRECTION('',(0.,-1.,7.65671051465625E-17));
#8748=DIRECTION('',(0.,0.,-1.));
#8749=DIRECTION('center_axis',(0.,1.,0.));
#8750=DIRECTION('ref_axis',(1.,0.,0.));
#8751=DIRECTION('',(-1.,0.,0.));
#8752=DIRECTION('',(1.,0.,0.));
#8753=DIRECTION('center_axis',(-1.,0.,0.));
#8754=DIRECTION('ref_axis',(0.,1.,0.));
#8755=DIRECTION('',(0.,-1.,0.));
#8756=DIRECTION('',(0.,0.,-1.));
#8757=DIRECTION('',(0.,1.,-7.65671051465625E-17));
#8758=DIRECTION('',(0.,0.,-1.));
#8759=DIRECTION('center_axis',(0.,-1.,0.));
#8760=DIRECTION('ref_axis',(-1.,0.,0.));
#8761=DIRECTION('',(1.,0.,0.));
#8762=DIRECTION('',(-1.,0.,0.));
#8763=DIRECTION('',(0.,0.,-1.));
#8764=DIRECTION('center_axis',(1.,0.,0.));
#8765=DIRECTION('ref_axis',(0.,-1.,0.));
#8766=DIRECTION('',(0.,1.,0.));
#8767=DIRECTION('',(0.,-1.,7.65671051465625E-17));
#8768=DIRECTION('',(0.,0.,-1.));
#8769=DIRECTION('center_axis',(0.,1.,0.));
#8770=DIRECTION('ref_axis',(1.,0.,0.));
#8771=DIRECTION('',(-1.,0.,0.));
#8772=DIRECTION('',(1.,0.,0.));
#8773=DIRECTION('center_axis',(0.,0.,1.));
#8774=DIRECTION('ref_axis',(-1.,0.,0.));
#8775=DIRECTION('center_axis',(0.,0.,1.));
#8776=DIRECTION('ref_axis',(-1.,0.,0.));
#8777=DIRECTION('center_axis',(0.,0.,1.));
#8778=DIRECTION('ref_axis',(-1.,0.,0.));
#8779=DIRECTION('center_axis',(0.,0.,1.));
#8780=DIRECTION('ref_axis',(-1.,0.,0.));
#8781=DIRECTION('',(0.,0.,1.));
#8782=DIRECTION('center_axis',(0.,0.,1.));
#8783=DIRECTION('ref_axis',(-1.,0.,0.));
#8784=DIRECTION('',(0.,0.,1.));
#8785=DIRECTION('center_axis',(0.,0.,1.));
#8786=DIRECTION('ref_axis',(-1.,0.,0.));
#8787=DIRECTION('center_axis',(0.,0.,1.));
#8788=DIRECTION('ref_axis',(-1.,0.,0.));
#8789=DIRECTION('center_axis',(0.,0.,1.));
#8790=DIRECTION('ref_axis',(-1.,0.,0.));
#8791=DIRECTION('center_axis',(0.,0.,1.));
#8792=DIRECTION('ref_axis',(-1.,0.,0.));
#8793=DIRECTION('center_axis',(0.,0.,1.));
#8794=DIRECTION('ref_axis',(-1.,0.,0.));
#8795=DIRECTION('center_axis',(0.,0.,1.));
#8796=DIRECTION('ref_axis',(-1.,0.,0.));
#8797=DIRECTION('',(0.,0.,1.));
#8798=DIRECTION('center_axis',(0.,0.,1.));
#8799=DIRECTION('ref_axis',(-1.,0.,0.));
#8800=DIRECTION('',(0.,0.,1.));
#8801=DIRECTION('center_axis',(0.,0.,1.));
#8802=DIRECTION('ref_axis',(-1.,0.,0.));
#8803=DIRECTION('center_axis',(0.,0.,1.));
#8804=DIRECTION('ref_axis',(-1.,0.,0.));
#8805=DIRECTION('center_axis',(0.,0.,1.));
#8806=DIRECTION('ref_axis',(-1.,0.,0.));
#8807=DIRECTION('center_axis',(0.,0.,1.));
#8808=DIRECTION('ref_axis',(-1.,0.,0.));
#8809=DIRECTION('center_axis',(0.,0.,1.));
#8810=DIRECTION('ref_axis',(-1.,0.,0.));
#8811=DIRECTION('center_axis',(0.,0.,1.));
#8812=DIRECTION('ref_axis',(-1.,0.,0.));
#8813=DIRECTION('',(0.,0.,1.));
#8814=DIRECTION('center_axis',(0.,0.,1.));
#8815=DIRECTION('ref_axis',(-1.,0.,0.));
#8816=DIRECTION('',(0.,0.,1.));
#8817=DIRECTION('center_axis',(0.,0.,1.));
#8818=DIRECTION('ref_axis',(-1.,0.,0.));
#8819=DIRECTION('center_axis',(0.,0.,1.));
#8820=DIRECTION('ref_axis',(-1.,0.,0.));
#8821=DIRECTION('center_axis',(0.,0.,1.));
#8822=DIRECTION('ref_axis',(-1.,0.,0.));
#8823=DIRECTION('center_axis',(0.,0.,1.));
#8824=DIRECTION('ref_axis',(-1.,0.,0.));
#8825=DIRECTION('center_axis',(0.,0.,1.));
#8826=DIRECTION('ref_axis',(-1.,0.,0.));
#8827=DIRECTION('center_axis',(0.,0.,1.));
#8828=DIRECTION('ref_axis',(-1.,0.,0.));
#8829=DIRECTION('',(0.,0.,1.));
#8830=DIRECTION('center_axis',(0.,0.,1.));
#8831=DIRECTION('ref_axis',(-1.,0.,0.));
#8832=DIRECTION('',(0.,0.,1.));
#8833=DIRECTION('center_axis',(0.,0.,1.));
#8834=DIRECTION('ref_axis',(-1.,0.,0.));
#8835=DIRECTION('center_axis',(0.,0.,1.));
#8836=DIRECTION('ref_axis',(-1.,0.,0.));
#8837=DIRECTION('center_axis',(0.,0.,1.));
#8838=DIRECTION('ref_axis',(1.,0.,0.));
#8839=DIRECTION('',(0.,0.,-1.));
#8840=DIRECTION('center_axis',(0.,-0.866025403784439,0.5));
#8841=DIRECTION('ref_axis',(0.,0.5,0.866025403784439));
#8842=DIRECTION('',(0.,0.,1.));
#8843=DIRECTION('center_axis',(-1.,0.,0.));
#8844=DIRECTION('ref_axis',(0.,0.,1.));
#8845=DIRECTION('',(0.,0.5,0.866025403784439));
#8846=DIRECTION('',(0.,0.,1.));
#8847=DIRECTION('',(0.,-1.,7.65671051465625E-17));
#8848=DIRECTION('',(0.,0.,1.));
#8849=DIRECTION('center_axis',(0.,0.,1.));
#8850=DIRECTION('ref_axis',(-1.,1.22464679914735E-16,0.));
#8851=DIRECTION('',(0.,0.,1.));
#8852=DIRECTION('',(0.,0.,-1.));
#8853=DIRECTION('center_axis',(0.,-0.866025403784439,0.5));
#8854=DIRECTION('ref_axis',(0.,0.5,0.866025403784439));
#8855=DIRECTION('center_axis',(0.,-0.866025403784439,0.5));
#8856=DIRECTION('ref_axis',(0.,-0.5,-0.866025403784439));
#8857=DIRECTION('',(0.,0.5,0.866025403784439));
#8858=DIRECTION('',(0.,0.5,0.866025403784439));
#8859=DIRECTION('',(1.,0.,0.));
#8860=DIRECTION('',(0.,0.5,0.866025403784439));
#8861=DIRECTION('center_axis',(1.,0.,0.));
#8862=DIRECTION('ref_axis',(0.,0.,-1.));
#8863=DIRECTION('',(0.,6.12323399573677E-17,1.));
#8864=DIRECTION('',(0.,1.,-7.65671051465625E-17));
#8865=DIRECTION('',(0.,0.,1.));
#8866=DIRECTION('center_axis',(0.,0.,1.));
#8867=DIRECTION('ref_axis',(1.,0.,0.));
#8868=DIRECTION('',(0.,0.,-1.));
#8869=DIRECTION('center_axis',(0.,0.,1.));
#8870=DIRECTION('ref_axis',(1.,0.,0.));
#8871=DIRECTION('',(0.,0.,1.));
#8872=DIRECTION('center_axis',(0.,0.,1.));
#8873=DIRECTION('ref_axis',(-0.779636419045389,-0.6262324281751,0.));
#8874=DIRECTION('',(0.,0.,-1.));
#8875=DIRECTION('center_axis',(0.,1.,2.07518322359842E-16));
#8876=DIRECTION('ref_axis',(0.,-2.07518322359842E-16,1.));
#8877=DIRECTION('',(0.,2.07518322359842E-16,-1.));
#8878=DIRECTION('',(-1.,0.,0.));
#8879=DIRECTION('center_axis',(0.,0.,1.));
#8880=DIRECTION('ref_axis',(0.,-1.,0.));
#8881=DIRECTION('',(0.,1.,0.));
#8882=DIRECTION('center_axis',(1.,0.,0.));
#8883=DIRECTION('ref_axis',(0.,0.,-1.));
#8884=DIRECTION('center_axis',(0.,0.,1.));
#8885=DIRECTION('ref_axis',(1.,0.,0.));
#8886=DIRECTION('',(0.,0.,1.));
#8887=DIRECTION('center_axis',(0.,0.,1.));
#8888=DIRECTION('ref_axis',(1.,0.,0.));
#8889=DIRECTION('',(0.,0.,-1.));
#8890=DIRECTION('center_axis',(0.,0.,1.));
#8891=DIRECTION('ref_axis',(1.,0.,0.));
#8892=DIRECTION('',(0.,0.,1.));
#8893=DIRECTION('center_axis',(-1.,0.,0.));
#8894=DIRECTION('ref_axis',(0.,0.,1.));
#8895=DIRECTION('center_axis',(1.,0.,0.));
#8896=DIRECTION('ref_axis',(0.,0.,-1.));
#8897=DIRECTION('center_axis',(0.,-1.,6.12323399573677E-17));
#8898=DIRECTION('ref_axis',(0.,-6.12323399573677E-17,-1.));
#8899=DIRECTION('',(1.,0.,0.));
#8900=DIRECTION('center_axis',(0.,1.,0.));
#8901=DIRECTION('ref_axis',(-1.,0.,0.));
#8902=DIRECTION('',(-1.,0.,0.));
#8903=DIRECTION('center_axis',(0.,0.,1.));
#8904=DIRECTION('ref_axis',(1.,0.,0.));
#8905=DIRECTION('center_axis',(-1.,0.,0.));
#8906=DIRECTION('ref_axis',(0.,0.,1.));
#8907=DIRECTION('',(0.,2.07518322359842E-16,-1.));
#8908=DIRECTION('',(0.,1.,0.));
#8909=DIRECTION('center_axis',(0.,0.,1.));
#8910=DIRECTION('ref_axis',(0.,-1.,0.));
#8911=DIRECTION('',(-1.,0.,0.));
#8912=DIRECTION('center_axis',(0.,1.,2.07518322359842E-16));
#8913=DIRECTION('ref_axis',(0.,-2.07518322359842E-16,1.));
#8914=DIRECTION('center_axis',(0.,7.65671051465625E-17,1.));
#8915=DIRECTION('ref_axis',(0.,-1.,7.65671051465625E-17));
#8916=CARTESIAN_POINT('',(0.,0.,0.));
#8917=CARTESIAN_POINT('Origin',(55.592,64.2112596622367,62.9093980640193));
#8918=CARTESIAN_POINT('',(55.,63.547508317769,61.759747011809));
#8919=CARTESIAN_POINT('',(55.,53.2204976054425,43.8728397677516));
#8920=CARTESIAN_POINT('',(55.,57.7678526534463,51.7490897509489));
#8921=CARTESIAN_POINT('',(54.9557475876721,64.2112596622367,62.9093980640193));
#8922=CARTESIAN_POINT('Origin',(50.,63.547508317769,61.759747011809));
#8923=CARTESIAN_POINT('',(55.592,64.2112596622367,62.9093980640193));
#8924=CARTESIAN_POINT('',(55.592,64.2112596622367,62.9093980640193));
#8925=CARTESIAN_POINT('',(55.592,53.2204976054425,43.8728397677516));
#8926=CARTESIAN_POINT('',(55.592,64.2112596622367,62.9093980640193));
#8927=CARTESIAN_POINT('',(55.592,53.2204976054425,43.8728397677516));
#8928=CARTESIAN_POINT('Origin',(55.592,63.3452342584522,63.4093980640193));
#8929=CARTESIAN_POINT('',(55.,63.547508317769,63.2926150814227));
#8930=CARTESIAN_POINT('Origin',(50.,63.547508317769,63.2926150814227));
#8931=CARTESIAN_POINT('',(55.,63.3452342584522,63.4093980640193));
#8932=CARTESIAN_POINT('',(55.,55.389778296901,68.0024827049471));
#8933=CARTESIAN_POINT('',(55.592,63.3452342584522,63.4093980640193));
#8934=CARTESIAN_POINT('',(55.592,63.3452342584522,63.4093980640193));
#8935=CARTESIAN_POINT('',(55.592,63.3452342584522,63.4093980640193));
#8936=CARTESIAN_POINT('Origin',(55.592,52.0633171830828,43.8685444827006));
#8937=CARTESIAN_POINT('',(55.,52.0633171830828,43.8685444827006));
#8938=CARTESIAN_POINT('',(55.,51.2608687119771,42.4786629602895));
#8939=CARTESIAN_POINT('',(55.592,52.0633171830828,43.8685444827006));
#8940=CARTESIAN_POINT('',(55.592,52.0633171830828,43.8685444827006));
#8941=CARTESIAN_POINT('',(55.592,52.0633171830828,43.8685444827006));
#8942=CARTESIAN_POINT('Origin',(55.592,53.2204976054425,43.8728397677516));
#8943=CARTESIAN_POINT('',(55.,43.8960132843867,43.8382286411382));
#8944=CARTESIAN_POINT('',(55.592,53.2204976054425,43.8728397677516));
#8945=CARTESIAN_POINT('Origin',(55.592,58.1372884226597,53.6389712733599));
#8946=CARTESIAN_POINT('Origin',(55.592,47.1929976054425,43.8728397677516));
#8947=CARTESIAN_POINT('',(55.,47.1929976054425,43.8728397677516));
#8948=CARTESIAN_POINT('',(55.,46.0358171830828,43.8685444827006));
#8949=CARTESIAN_POINT('',(55.,40.8822217619276,43.8494150877126));
#8950=CARTESIAN_POINT('',(55.592,47.1929976054425,43.8728397677516));
#8951=CARTESIAN_POINT('',(55.592,47.1929976054425,43.8728397677516));
#8952=CARTESIAN_POINT('',(55.592,46.0358171830828,43.8685444827006));
#8953=CARTESIAN_POINT('',(55.592,47.1929976054425,43.8728397677516));
#8954=CARTESIAN_POINT('',(55.592,46.0358171830828,43.8685444827006));
#8955=CARTESIAN_POINT('Origin',(55.592,58.1837596622367,62.9093980640193));
#8956=CARTESIAN_POINT('',(55.,58.1837596622367,62.9093980640193));
#8957=CARTESIAN_POINT('',(55.,52.4937901534463,53.0540817812766));
#8958=CARTESIAN_POINT('',(55.592,58.1837596622367,62.9093980640193));
#8959=CARTESIAN_POINT('',(55.592,58.1837596622367,62.9093980640193));
#8960=CARTESIAN_POINT('',(55.592,58.1837596622367,62.9093980640193));
#8961=CARTESIAN_POINT('Origin',(55.592,57.3177342584522,63.4093980640193));
#8962=CARTESIAN_POINT('',(55.,57.3177342584522,63.4093980640193));
#8963=CARTESIAN_POINT('',(55.,51.622590796901,66.6974906746194));
#8964=CARTESIAN_POINT('',(55.592,57.3177342584522,63.4093980640193));
#8965=CARTESIAN_POINT('',(55.592,57.3177342584522,63.4093980640193));
#8966=CARTESIAN_POINT('',(55.592,57.3177342584522,63.4093980640193));
#8967=CARTESIAN_POINT('Origin',(55.592,46.0358171830828,43.8685444827006));
#8968=CARTESIAN_POINT('',(55.,45.9868062119771,43.7836549906172));
#8969=CARTESIAN_POINT('',(55.592,46.0358171830828,43.8685444827006));
#8970=CARTESIAN_POINT('Origin',(55.592,52.1097884226597,53.6389712733599));
#8971=CARTESIAN_POINT('Origin',(55.,34.547508317769,50.2749507197341));
#8972=CARTESIAN_POINT('',(55.,63.547508317769,66.6813571802851));
#8973=CARTESIAN_POINT('',(55.,63.547508317769,39.5781539500096));
#8974=CARTESIAN_POINT('',(55.,48.4342596637171,66.6813571802851));
#8975=CARTESIAN_POINT('',(55.,51.547508317769,66.6813571802851));
#8976=CARTESIAN_POINT('',(55.,33.9353703636101,41.5685442591831));
#8977=CARTESIAN_POINT('',(55.,43.868012387048,58.7723848971713));
#8978=CARTESIAN_POINT('',(55.,63.547508317769,41.5685442591831));
#8979=CARTESIAN_POINT('',(55.,34.547508317769,41.5685442591831));
#8980=CARTESIAN_POINT('',(55.,63.547508317769,39.5781539500096));
#8981=CARTESIAN_POINT('',(55.,52.1562596622367,62.9093980640193));
#8982=CARTESIAN_POINT('',(55.,41.1654976054425,43.8728397677516));
#8983=CARTESIAN_POINT('',(55.,47.2197276534463,54.3590738116042));
#8984=CARTESIAN_POINT('',(55.,40.0083171830828,43.8685444827005));
#8985=CARTESIAN_POINT('',(55.,37.8684302394685,43.8606015342871));
#8986=CARTESIAN_POINT('',(55.,51.2902342584522,63.4093980640193));
#8987=CARTESIAN_POINT('',(55.,40.7127437119771,45.0886470209448));
#8988=CARTESIAN_POINT('',(55.,47.855403296901,65.3924986442917));
#8989=CARTESIAN_POINT('Origin',(55.592,41.1654976054425,43.8728397677516));
#8990=CARTESIAN_POINT('',(55.592,41.1654976054425,43.8728397677516));
#8991=CARTESIAN_POINT('',(55.592,41.1654976054425,43.8728397677516));
#8992=CARTESIAN_POINT('',(55.592,40.0083171830828,43.8685444827005));
#8993=CARTESIAN_POINT('',(55.592,41.1654976054425,43.8728397677516));
#8994=CARTESIAN_POINT('',(55.592,40.0083171830828,43.8685444827005));
#8995=CARTESIAN_POINT('Origin',(55.592,52.1562596622367,62.9093980640193));
#8996=CARTESIAN_POINT('',(55.592,52.1562596622367,62.9093980640193));
#8997=CARTESIAN_POINT('',(55.592,52.1562596622367,62.9093980640193));
#8998=CARTESIAN_POINT('',(55.592,52.1562596622367,62.9093980640193));
#8999=CARTESIAN_POINT('Origin',(55.592,51.2902342584522,63.4093980640193));
#9000=CARTESIAN_POINT('',(55.592,51.2902342584522,63.4093980640193));
#9001=CARTESIAN_POINT('',(55.592,51.2902342584522,63.4093980640193));
#9002=CARTESIAN_POINT('',(55.592,51.2902342584522,63.4093980640193));
#9003=CARTESIAN_POINT('Origin',(55.592,40.0083171830828,43.8685444827005));
#9004=CARTESIAN_POINT('',(55.592,40.0083171830828,43.8685444827005));
#9005=CARTESIAN_POINT('Origin',(55.592,46.0822884226597,53.6389712733599));
#9006=CARTESIAN_POINT('Origin',(-55.,64.2112596622367,62.9093980640193));
#9007=CARTESIAN_POINT('',(-55.,64.2112596622367,62.9093980640193));
#9008=CARTESIAN_POINT('',(-55.,63.547508317769,61.759747011809));
#9009=CARTESIAN_POINT('',(-55.,64.2112596622367,62.9093980640193));
#9010=CARTESIAN_POINT('',(-55.,53.2204976054425,43.8728397677516));
#9011=CARTESIAN_POINT('',(-55.,57.7678526534463,51.7490897509489));
#9012=CARTESIAN_POINT('',(-55.7,53.2204976054425,43.8728397677516));
#9013=CARTESIAN_POINT('',(-55.,53.2204976054425,43.8728397677516));
#9014=CARTESIAN_POINT('',(-55.7,64.2112596622367,62.9093980640193));
#9015=CARTESIAN_POINT('',(-55.7,64.2112596622367,62.9093980640193));
#9016=CARTESIAN_POINT('',(-55.,64.2112596622367,62.9093980640193));
#9017=CARTESIAN_POINT('Origin',(-55.,63.3452342584522,63.4093980640193));
#9018=CARTESIAN_POINT('',(-55.,63.547508317769,63.2926150814227));
#9019=CARTESIAN_POINT('',(-55.,63.3452342584522,63.4093980640193));
#9020=CARTESIAN_POINT('',(-55.,55.389778296901,68.0024827049471));
#9021=CARTESIAN_POINT('',(-55.,63.3452342584522,63.4093980640193));
#9022=CARTESIAN_POINT('',(-55.7,63.3452342584522,63.4093980640193));
#9023=CARTESIAN_POINT('',(-55.7,63.3452342584522,63.4093980640193));
#9024=CARTESIAN_POINT('',(-55.,63.3452342584522,63.4093980640193));
#9025=CARTESIAN_POINT('Origin',(-55.,52.0633171830828,43.8685444827006));
#9026=CARTESIAN_POINT('',(-55.,52.0633171830828,43.8685444827006));
#9027=CARTESIAN_POINT('',(-55.,51.2608687119771,42.4786629602895));
#9028=CARTESIAN_POINT('',(-55.7,52.0633171830828,43.8685444827006));
#9029=CARTESIAN_POINT('',(-55.7,52.0633171830828,43.8685444827006));
#9030=CARTESIAN_POINT('',(-55.,52.0633171830828,43.8685444827006));
#9031=CARTESIAN_POINT('Origin',(-55.,53.2204976054425,43.8728397677516));
#9032=CARTESIAN_POINT('',(-55.,43.8960132843867,43.8382286411382));
#9033=CARTESIAN_POINT('',(-55.7,53.2204976054425,43.8728397677516));
#9034=CARTESIAN_POINT('Origin',(-55.7,58.1372884226597,53.6389712733599));
#9035=CARTESIAN_POINT('Origin',(-55.,58.1372884226597,53.6389712733599));
#9036=CARTESIAN_POINT('',(-55.,63.547508317769,39.5781539500096));
#9037=CARTESIAN_POINT('Origin',(-55.,58.1837596622367,62.9093980640193));
#9038=CARTESIAN_POINT('',(-55.,47.1929976054425,43.8728397677516));
#9039=CARTESIAN_POINT('',(-55.,58.1837596622367,62.9093980640193));
#9040=CARTESIAN_POINT('',(-55.,52.4937901534463,53.0540817812766));
#9041=CARTESIAN_POINT('',(-55.7,47.1929976054425,43.8728397677516));
#9042=CARTESIAN_POINT('',(-55.,47.1929976054425,43.8728397677516));
#9043=CARTESIAN_POINT('',(-55.7,58.1837596622367,62.9093980640193));
#9044=CARTESIAN_POINT('',(-55.7,58.1837596622367,62.9093980640193));
#9045=CARTESIAN_POINT('',(-55.,58.1837596622367,62.9093980640193));
#9046=CARTESIAN_POINT('Origin',(-55.,57.3177342584522,63.4093980640193));
#9047=CARTESIAN_POINT('',(-55.,57.3177342584522,63.4093980640193));
#9048=CARTESIAN_POINT('',(-55.,51.622590796901,66.6974906746194));
#9049=CARTESIAN_POINT('',(-55.7,57.3177342584522,63.4093980640193));
#9050=CARTESIAN_POINT('',(-55.7,57.3177342584522,63.4093980640193));
#9051=CARTESIAN_POINT('',(-55.,57.3177342584522,63.4093980640193));
#9052=CARTESIAN_POINT('Origin',(-55.,46.0358171830828,43.8685444827006));
#9053=CARTESIAN_POINT('',(-55.,46.0358171830828,43.8685444827006));
#9054=CARTESIAN_POINT('',(-55.,45.9868062119771,43.7836549906172));
#9055=CARTESIAN_POINT('',(-55.7,46.0358171830828,43.8685444827006));
#9056=CARTESIAN_POINT('',(-55.7,46.0358171830828,43.8685444827006));
#9057=CARTESIAN_POINT('',(-55.,46.0358171830828,43.8685444827006));
#9058=CARTESIAN_POINT('Origin',(-55.,47.1929976054425,43.8728397677516));
#9059=CARTESIAN_POINT('',(-55.,40.8822217619276,43.8494150877126));
#9060=CARTESIAN_POINT('',(-55.7,47.1929976054425,43.8728397677516));
#9061=CARTESIAN_POINT('Origin',(-55.7,52.1097884226597,53.6389712733599));
#9062=CARTESIAN_POINT('Origin',(-55.,52.1562596622367,62.9093980640193));
#9063=CARTESIAN_POINT('',(-55.,41.1654976054425,43.8728397677516));
#9064=CARTESIAN_POINT('',(-55.,52.1562596622367,62.9093980640193));
#9065=CARTESIAN_POINT('',(-55.,47.2197276534463,54.3590738116042));
#9066=CARTESIAN_POINT('',(-55.7,41.1654976054425,43.8728397677516));
#9067=CARTESIAN_POINT('',(-55.,41.1654976054425,43.8728397677516));
#9068=CARTESIAN_POINT('',(-55.7,52.1562596622367,62.9093980640193));
#9069=CARTESIAN_POINT('',(-55.7,52.1562596622367,62.9093980640193));
#9070=CARTESIAN_POINT('',(-55.,52.1562596622367,62.9093980640193));
#9071=CARTESIAN_POINT('Origin',(-55.,51.2902342584522,63.4093980640193));
#9072=CARTESIAN_POINT('',(-55.,51.2902342584522,63.4093980640193));
#9073=CARTESIAN_POINT('',(-55.,47.855403296901,65.3924986442917));
#9074=CARTESIAN_POINT('',(-55.7,51.2902342584522,63.4093980640193));
#9075=CARTESIAN_POINT('',(-55.7,51.2902342584522,63.4093980640193));
#9076=CARTESIAN_POINT('',(-55.,51.2902342584522,63.4093980640193));
#9077=CARTESIAN_POINT('Origin',(-55.,40.0083171830828,43.8685444827005));
#9078=CARTESIAN_POINT('',(-55.,40.0083171830828,43.8685444827005));
#9079=CARTESIAN_POINT('',(-55.,40.7127437119771,45.0886470209448));
#9080=CARTESIAN_POINT('',(-55.7,40.0083171830828,43.8685444827005));
#9081=CARTESIAN_POINT('',(-55.7,40.0083171830828,43.8685444827005));
#9082=CARTESIAN_POINT('',(-55.,40.0083171830828,43.8685444827005));
#9083=CARTESIAN_POINT('Origin',(-55.,41.1654976054425,43.8728397677516));
#9084=CARTESIAN_POINT('',(-55.,37.8684302394685,43.8606015342871));
#9085=CARTESIAN_POINT('',(-55.7,41.1654976054425,43.8728397677516));
#9086=CARTESIAN_POINT('Origin',(-55.7,46.0822884226597,53.6389712733599));
#9087=CARTESIAN_POINT('Origin',(21.4586515605556,40.9302032299541,59.6147376896987));
#9088=CARTESIAN_POINT('',(28.1055728090001,35.8305210196612,53.851041483461));
#9089=CARTESIAN_POINT('',(29.,35.7311466536448,53.9084153004311));
#9090=CARTESIAN_POINT('Origin',(29.,33.8940293465575,54.9690754722109));
#9091=CARTESIAN_POINT('',(29.1055728090001,34.897508317769,53.2350160796766));
#9092=CARTESIAN_POINT('',(21.4586515605556,42.0321829729371,57.9457138294573));
#9093=CARTESIAN_POINT('',(30.,35.3447219132689,54.009612748918));
#9094=CARTESIAN_POINT('Origin',(25.5278640450004,37.1335762952687,57.1079994258839));
#9095=CARTESIAN_POINT('',(29.,36.2777346151611,54.6256381527025));
#9096=CARTESIAN_POINT('',(22.3530787515555,42.4793965684371,58.7203104986988));
#9097=CARTESIAN_POINT('Origin',(29.,33.8940293465575,54.9690754722109));
#9098=CARTESIAN_POINT('Origin',(14.5,35.3640146687151,53.5430287815688));
#9099=CARTESIAN_POINT('',(-28.105572809,35.8305210196612,53.851041483461));
#9100=CARTESIAN_POINT('',(14.5,35.8305210196612,53.851041483461));
#9101=CARTESIAN_POINT('',(-29.105572809,34.897508317769,53.2350160796766));
#9102=CARTESIAN_POINT('',(-16.8586515605554,46.3240414016414,60.7794306868657));
#9103=CARTESIAN_POINT('',(14.5,34.897508317769,53.2350160796766));
#9104=CARTESIAN_POINT('Origin',(19.5253182272221,41.5593460141681,58.7711116238392));
#9105=CARTESIAN_POINT('',(29.,44.0311466536448,68.2844370032528));
#9106=CARTESIAN_POINT('',(29.,43.6833074241612,67.4524665170413));
#9107=CARTESIAN_POINT('Origin',(29.,42.1940293465575,69.3450971750326));
#9108=CARTESIAN_POINT('',(30.,43.750294722269,68.5684919208257));
#9109=CARTESIAN_POINT('',(20.419745418222,43.1085393526511,57.8766844328393));
#9110=CARTESIAN_POINT('',(29.7234867593991,44.1041326447949,69.1813571802851));
#9111=CARTESIAN_POINT('Origin',(25.5278640450004,41.9614403402692,65.4701052438598));
#9112=CARTESIAN_POINT('',(29.099072601764,44.1970728864491,69.3358341936618));
#9113=CARTESIAN_POINT('Ctrl Pts',(29.7234867593991,44.1041326447949,69.1813571802852));
#9114=CARTESIAN_POINT('Ctrl Pts',(29.6859067982836,44.1196542778594,69.2082414373693));
#9115=CARTESIAN_POINT('Ctrl Pts',(29.6446261783202,44.1328650554957,69.2305585096064));
#9116=CARTESIAN_POINT('Ctrl Pts',(29.4578654615564,44.1815481148377,69.3119387799461));
#9117=CARTESIAN_POINT('Ctrl Pts',(29.2631027989822,44.1970728864491,69.3358341936618));
#9118=CARTESIAN_POINT('Ctrl Pts',(29.099072601764,44.1970728864491,69.3358341936618));
#9119=CARTESIAN_POINT('',(28.1055728090001,44.1305210196612,68.2270631862827));
#9120=CARTESIAN_POINT('',(19.5253182272221,43.555752948151,58.6512811020808));
#9121=CARTESIAN_POINT('Origin',(29.,42.1940293465575,69.3450971750326));
#9122=CARTESIAN_POINT('Origin',(-14.5,44.1640146687151,68.7850758881749));
#9123=CARTESIAN_POINT('',(-29.0990726017639,44.1970728864491,69.3358341936618));
#9124=CARTESIAN_POINT('',(2.66453525910042E-14,44.1970728864491,69.3358341936618));
#9125=CARTESIAN_POINT('',(-28.105572809,44.1305210196612,68.2270631862827));
#9126=CARTESIAN_POINT('',(-24.1253182272222,43.8638945194468,63.7849979594893));
#9127=CARTESIAN_POINT('',(-14.5,44.1305210196612,68.2270631862827));
#9128=CARTESIAN_POINT('Origin',(-24.1253182272222,41.8674875854639,63.9048284812477));
#9129=CARTESIAN_POINT('',(-29.,44.0311466536448,68.2844370032528));
#9130=CARTESIAN_POINT('Origin',(-29.,42.1940293465575,69.3450971750326));
#9131=CARTESIAN_POINT('',(-29.7234867593991,44.1041326447949,69.1813571802851));
#9132=CARTESIAN_POINT('Ctrl Pts',(-29.0990726017639,44.1970728864491,69.3358341936618));
#9133=CARTESIAN_POINT('Ctrl Pts',(-29.2631027989822,44.1970728864491,69.3358341936618));
#9134=CARTESIAN_POINT('Ctrl Pts',(-29.4578654615564,44.1815481148377,69.3119387799461));
#9135=CARTESIAN_POINT('Ctrl Pts',(-29.6446261783201,44.1328650554957,69.2305585096064));
#9136=CARTESIAN_POINT('Ctrl Pts',(-29.6859067982836,44.1196542778594,69.2082414373693));
#9137=CARTESIAN_POINT('Ctrl Pts',(-29.7234867593991,44.1041326447949,69.1813571802851));
#9138=CARTESIAN_POINT('',(-30.,43.750294722269,68.5684919208257));
#9139=CARTESIAN_POINT('Origin',(-25.5278640450004,41.9614403402692,65.4701052438598));
#9140=CARTESIAN_POINT('',(-29.,43.6833074241612,67.4524665170413));
#9141=CARTESIAN_POINT('',(-25.0197454182221,43.4166809239468,63.0104012902478));
#9142=CARTESIAN_POINT('Origin',(-29.,42.1940293465575,69.3450971750326));
#9143=CARTESIAN_POINT('Origin',(-29.5,40.6890146687151,62.7661993318731));
#9144=CARTESIAN_POINT('',(-30.,35.3447219132689,54.009612748918));
#9145=CARTESIAN_POINT('',(-30.,40.472508317769,62.8911993318731));
#9146=CARTESIAN_POINT('',(-29.,36.2777346151611,54.6256381527025));
#9147=CARTESIAN_POINT('',(-17.7530787515553,46.7712549971414,61.5540273561072));
#9148=CARTESIAN_POINT('',(-29.,40.9055210196612,62.6411993318731));
#9149=CARTESIAN_POINT('Origin',(-16.8586515605554,45.2220616586584,62.4484545471071));
#9150=CARTESIAN_POINT('',(-29.,35.7311466536448,53.9084153004311));
#9151=CARTESIAN_POINT('Origin',(-29.,33.8940293465574,54.9690754722109));
#9152=CARTESIAN_POINT('Origin',(-25.5278640450003,37.1335762952687,57.1079994258839));
#9153=CARTESIAN_POINT('Origin',(-28.9999999999999,33.8940293465575,54.9690754722109));
#9154=CARTESIAN_POINT('Origin',(-50.,5.54750831776895,41.0947516416154));
#9155=CARTESIAN_POINT('',(-54.7524147648614,4.97217828386413,41.3209590240461));
#9156=CARTESIAN_POINT('',(-54.3,4.22085840162677,40.8685442591831));
#9157=CARTESIAN_POINT('Origin',(-51.8819386555971,5.54750831776895,38.4504829147803));
#9158=CARTESIAN_POINT('',(-50.,1.04750831776895,40.8685442591831));
#9159=CARTESIAN_POINT('Origin',(-50.,5.54750831776895,40.8685442591831));
#9160=CARTESIAN_POINT('',(-50.,0.760395331305309,41.3209590240478));
#9161=CARTESIAN_POINT('',(-50.,1.04750831776895,40.8685442591831));
#9162=CARTESIAN_POINT('Origin',(-50.,5.54750831776895,41.3209590240478));
#9163=CARTESIAN_POINT('Origin',(2.66453525910042E-14,0.903951824537126,
41.0947516416154));
#9164=CARTESIAN_POINT('',(50.,1.04750831776895,40.8685442591831));
#9165=CARTESIAN_POINT('',(50.,0.760395331305304,41.3209590240478));
#9166=CARTESIAN_POINT('',(50.,1.04750831776895,40.8685442591831));
#9167=CARTESIAN_POINT('',(2.66453525910042E-14,0.760395331305304,41.3209590240478));
#9168=CARTESIAN_POINT('',(2.66453525910042E-14,1.04750831776895,40.8685442591831));
#9169=CARTESIAN_POINT('Origin',(50.,5.54750831776895,41.0947516416154));
#9170=CARTESIAN_POINT('',(54.3,4.22085840162677,40.8685442591831));
#9171=CARTESIAN_POINT('',(54.7524147648614,4.97217828386412,41.3209590240461));
#9172=CARTESIAN_POINT('Origin',(51.8819386555972,5.54750831776895,38.4504829147803));
#9173=CARTESIAN_POINT('Origin',(50.,5.54750831776895,41.3209590240478));
#9174=CARTESIAN_POINT('Origin',(50.,5.54750831776895,40.8685442591831));
#9175=CARTESIAN_POINT('Ctrl Pts',(-50.0000000000002,0.760395331303558,41.3209590240445));
#9176=CARTESIAN_POINT('Ctrl Pts',(-54.7871129864658,0.760395331303638,41.3209590240445));
#9177=CARTESIAN_POINT('Ctrl Pts',(-54.7871129864654,5.54750831776921,41.3209590240445));
#9178=CARTESIAN_POINT('Ctrl Pts',(-50.0000000000001,2.17203506021227,43.9685442591831));
#9179=CARTESIAN_POINT('Ctrl Pts',(-53.375473257557,2.17203506021232,43.9685442591831));
#9180=CARTESIAN_POINT('Ctrl Pts',(-53.3754732575567,5.54750831776913,43.9685442591831));
#9181=CARTESIAN_POINT('Ctrl Pts',(-50.,5.17244074970782,43.9685442591831));
#9182=CARTESIAN_POINT('Ctrl Pts',(-50.3750675680611,5.17244074970782,43.9685442591831));
#9183=CARTESIAN_POINT('Ctrl Pts',(-50.3750675680611,5.54750831776897,43.9685442591831));
#9184=CARTESIAN_POINT('',(-50.,5.17244074970782,43.9685442591831));
#9185=CARTESIAN_POINT('Origin',(-50.,5.17244074970782,38.9685442591831));
#9186=CARTESIAN_POINT('',(-50.3750675680611,5.54750831776895,43.9685442591831));
#9187=CARTESIAN_POINT('Origin',(-50.,5.54750831776895,43.9685442591831));
#9188=CARTESIAN_POINT('',(-54.7749977560191,5.54750831776895,41.3435420152022));
#9189=CARTESIAN_POINT('Origin',(-50.3750675680611,5.54750831776897,38.9685442591831));
#9190=CARTESIAN_POINT('Ctrl Pts',(-54.7524147648614,4.97217828386426,41.3209590240445));
#9191=CARTESIAN_POINT('Ctrl Pts',(-54.7679311421119,5.16918548211158,41.3364754012951));
#9192=CARTESIAN_POINT('Ctrl Pts',(-54.7749977560191,5.36354976210355,41.3435420152023));
#9193=CARTESIAN_POINT('Ctrl Pts',(-54.7749977560191,5.54750831776895,41.3435420152022));
#9194=CARTESIAN_POINT('Origin',(2.66453525910042E-14,5.17244074970782,38.9685442591831));
#9195=CARTESIAN_POINT('',(50.,5.17244074970782,43.9685442591831));
#9196=CARTESIAN_POINT('Origin',(50.,5.17244074970782,38.9685442591831));
#9197=CARTESIAN_POINT('',(2.66453525910042E-14,5.17244074970782,43.9685442591831));
#9198=CARTESIAN_POINT('Ctrl Pts',(54.7871129864654,5.54750831776895,41.3209590240445));
#9199=CARTESIAN_POINT('Ctrl Pts',(54.7871129864654,0.760395331303564,41.3209590240445));
#9200=CARTESIAN_POINT('Ctrl Pts',(50.,0.760395331303565,41.3209590240445));
#9201=CARTESIAN_POINT('Ctrl Pts',(53.3754732575567,5.54750831776895,43.9685442591831));
#9202=CARTESIAN_POINT('Ctrl Pts',(53.3754732575567,2.17203506021227,43.9685442591831));
#9203=CARTESIAN_POINT('Ctrl Pts',(50.,2.17203506021227,43.9685442591831));
#9204=CARTESIAN_POINT('Ctrl Pts',(50.3750675680612,5.54750831776895,43.9685442591831));
#9205=CARTESIAN_POINT('Ctrl Pts',(50.3750675680612,5.17244074970782,43.9685442591831));
#9206=CARTESIAN_POINT('Ctrl Pts',(50.,5.17244074970782,43.9685442591831));
#9207=CARTESIAN_POINT('',(54.7749977560192,5.54750831776895,41.3435420152022));
#9208=CARTESIAN_POINT('Ctrl Pts',(54.7749977560191,5.54750831776895,41.3435420152022));
#9209=CARTESIAN_POINT('Ctrl Pts',(54.7749977560191,5.36354976210355,41.3435420152022));
#9210=CARTESIAN_POINT('Ctrl Pts',(54.767931142112,5.16918548211156,41.3364754012951));
#9211=CARTESIAN_POINT('Ctrl Pts',(54.7524147648614,4.97217828386424,41.3209590240445));
#9212=CARTESIAN_POINT('',(50.3750675680612,5.54750831776895,43.9685442591831));
#9213=CARTESIAN_POINT('Origin',(50.3750675680612,5.54750831776895,38.9685442591831));
#9214=CARTESIAN_POINT('Origin',(50.,5.54750831776895,43.9685442591831));
#9215=CARTESIAN_POINT('Origin',(54.65,34.547508317769,41.2185442591831));
#9216=CARTESIAN_POINT('',(54.3,63.547508317769,40.8685442591831));
#9217=CARTESIAN_POINT('',(54.3,34.547508317769,40.8685442591831));
#9218=CARTESIAN_POINT('',(54.3,63.547508317769,40.8685442591831));
#9219=CARTESIAN_POINT('',(54.7749977560189,32.0930025357374,41.3435420152031));
#9220=CARTESIAN_POINT('Origin',(50.,31.048619017662,36.5685442591831));
#9221=CARTESIAN_POINT('',(54.7749977560192,34.547508317769,41.3435420152022));
#9222=CARTESIAN_POINT('Origin',(2.66453525910042E-14,68.197508317769,41.2185442591831));
#9223=CARTESIAN_POINT('',(-7.0000001043081,68.547508317769,41.5685442591831));
#9224=CARTESIAN_POINT('',(-7.0000001043081,67.847508317769,40.8685442591831));
#9225=CARTESIAN_POINT('',(-7.0000001043081,69.4475083810989,42.468544322513));
#9226=CARTESIAN_POINT('',(-50.,67.847508317769,40.8685442591831));
#9227=CARTESIAN_POINT('',(2.66453525910042E-14,67.847508317769,40.8685442591831));
#9228=CARTESIAN_POINT('',(-50.,68.547508317769,41.5685442591831));
#9229=CARTESIAN_POINT('',(-50.,67.847508317769,40.8685442591831));
#9230=CARTESIAN_POINT('',(2.66453525910042E-14,68.547508317769,41.5685442591831));
#9231=CARTESIAN_POINT('Origin',(-50.,63.547508317769,41.2185442591831));
#9232=CARTESIAN_POINT('',(-54.3,63.547508317769,40.8685442591831));
#9233=CARTESIAN_POINT('',(-55.,63.547508317769,41.5685442591831));
#9234=CARTESIAN_POINT('',(-54.3,63.547508317769,40.8685442591831));
#9235=CARTESIAN_POINT('Origin',(-50.,63.547508317769,41.5685442591831));
#9236=CARTESIAN_POINT('Origin',(-50.,63.547508317769,40.8685442591831));
#9237=CARTESIAN_POINT('Origin',(-54.65,34.547508317769,41.2185442591831));
#9238=CARTESIAN_POINT('',(-54.7749977560085,32.0930025356417,41.3435420152442));
#9239=CARTESIAN_POINT('',(-54.7749977560191,34.547508317769,41.3435420152022));
#9240=CARTESIAN_POINT('',(-55.,33.9353703636101,41.5685442591831));
#9241=CARTESIAN_POINT('Origin',(-50.,31.048619017662,36.5685442591831));
#9242=CARTESIAN_POINT('',(-55.,34.547508317769,41.5685442591831));
#9243=CARTESIAN_POINT('',(-54.3,34.547508317769,40.8685442591831));
#9244=CARTESIAN_POINT('Origin',(-7.0000001043081,68.547508317769,45.8685445125028));
#9245=CARTESIAN_POINT('',(-7.0000001043081,68.547508317769,44.3685445125028));
#9246=CARTESIAN_POINT('',(-7.0000001043081,68.547508317769,37.374950846394));
#9247=CARTESIAN_POINT('',(-7.0000001043081,66.047508317769,44.3685445125028));
#9248=CARTESIAN_POINT('',(-7.0000001043081,68.547508317769,44.3685445125028));
#9249=CARTESIAN_POINT('',(-7.0000001043081,66.047508317769,40.8685442591831));
#9250=CARTESIAN_POINT('',(-7.0000001043081,66.047508317769,37.374950846394));
#9251=CARTESIAN_POINT('',(-7.0000001043081,51.547508317769,40.8685442591831));
#9252=CARTESIAN_POINT('Origin',(2.66453525910042E-14,68.547508317769,28.8813571802851));
#9253=CARTESIAN_POINT('',(-50.,68.547508317769,66.6813571802851));
#9254=CARTESIAN_POINT('',(-50.,68.547508317769,39.5781539500096));
#9255=CARTESIAN_POINT('',(50.,68.547508317769,66.6813571802851));
#9256=CARTESIAN_POINT('',(2.66453525910042E-14,68.547508317769,66.6813571802851));
#9257=CARTESIAN_POINT('',(50.,68.547508317769,41.5685442591831));
#9258=CARTESIAN_POINT('',(50.,68.547508317769,39.5781539500096));
#9259=CARTESIAN_POINT('',(7.50000011175874,68.547508317769,41.5685442591831));
#9260=CARTESIAN_POINT('',(2.66453525910042E-14,68.547508317769,41.5685442591831));
#9261=CARTESIAN_POINT('',(7.50000011175874,68.547508317769,44.3685445125028));
#9262=CARTESIAN_POINT('',(7.50000011175874,68.547508317769,33.3749507867893));
#9263=CARTESIAN_POINT('',(6.00000011175874,68.547508317769,45.8685445125028));
#9264=CARTESIAN_POINT('Origin',(6.00000011175874,68.547508317769,44.3685445125028));
#9265=CARTESIAN_POINT('',(-5.5000001043081,68.547508317769,45.8685445125028));
#9266=CARTESIAN_POINT('',(3.75000005587938,68.547508317769,45.8685445125028));
#9267=CARTESIAN_POINT('Origin',(-5.5000001043081,68.547508317769,44.3685445125028));
#9268=CARTESIAN_POINT('',(24.5000005736947,68.547508317769,59.968544579558));
#9269=CARTESIAN_POINT('',(38.5000005736947,68.547508317769,59.968544579558));
#9270=CARTESIAN_POINT('',(12.2500002868474,68.547508317769,59.968544579558));
#9271=CARTESIAN_POINT('',(38.5000005736947,68.547508317769,61.5685445795581));
#9272=CARTESIAN_POINT('',(38.5000005736947,68.547508317769,44.4249508799216));
#9273=CARTESIAN_POINT('',(24.5000005736947,68.547508317769,61.5685445795581));
#9274=CARTESIAN_POINT('',(19.2500002868474,68.547508317769,61.5685445795581));
#9275=CARTESIAN_POINT('',(24.5000005736947,68.547508317769,45.2249508799216));
#9276=CARTESIAN_POINT('',(24.5000005736947,68.547508317769,45.8685445125028));
#9277=CARTESIAN_POINT('',(38.5000005736947,68.547508317769,45.8685445125028));
#9278=CARTESIAN_POINT('',(12.2500002868474,68.547508317769,45.8685445125028));
#9279=CARTESIAN_POINT('',(38.5000005736947,68.547508317769,47.4685445125028));
#9280=CARTESIAN_POINT('',(38.5000005736947,68.547508317769,37.374950846394));
#9281=CARTESIAN_POINT('',(24.5000005736947,68.547508317769,47.4685445125028));
#9282=CARTESIAN_POINT('',(19.2500002868474,68.547508317769,47.4685445125028));
#9283=CARTESIAN_POINT('',(24.5000005736947,68.547508317769,38.174950846394));
#9284=CARTESIAN_POINT('',(24.5000005736947,68.547508317769,56.768544579558));
#9285=CARTESIAN_POINT('',(24.5000005736947,68.547508317769,55.1685445795581));
#9286=CARTESIAN_POINT('',(24.5000005736947,68.547508317769,42.8249508799216));
#9287=CARTESIAN_POINT('',(38.5000005736947,68.547508317769,55.1685445795581));
#9288=CARTESIAN_POINT('',(12.2500002868474,68.547508317769,55.1685445795581));
#9289=CARTESIAN_POINT('',(38.5000005736947,68.547508317769,56.768544579558));
#9290=CARTESIAN_POINT('',(38.5000005736947,68.547508317769,42.0249508799216));
#9291=CARTESIAN_POINT('',(19.2500002868474,68.547508317769,56.768544579558));
#9292=CARTESIAN_POINT('',(24.5317150868855,68.547508317769,51.9685445795581));
#9293=CARTESIAN_POINT('',(24.5317150868855,68.547508317769,50.368544579558));
#9294=CARTESIAN_POINT('',(24.5317150868855,68.547508317769,40.4249508799216));
#9295=CARTESIAN_POINT('',(38.5000005736947,68.547508317769,50.368544579558));
#9296=CARTESIAN_POINT('',(12.2658575434428,68.547508317769,50.368544579558));
#9297=CARTESIAN_POINT('',(38.5000005736947,68.547508317769,51.9685445795581));
#9298=CARTESIAN_POINT('',(38.5000005736947,68.547508317769,39.6249508799216));
#9299=CARTESIAN_POINT('',(19.2500002868474,68.547508317769,51.9685445795581));
#9300=CARTESIAN_POINT('Origin',(-50.,63.547508317769,39.5781539500096));
#9301=CARTESIAN_POINT('',(-55.,63.547508317769,39.5781539500096));
#9302=CARTESIAN_POINT('',(-55.,63.547508317769,66.6813571802851));
#9303=CARTESIAN_POINT('',(-55.,63.547508317769,39.5781539500096));
#9304=CARTESIAN_POINT('Origin',(-50.,63.547508317769,66.6813571802851));
#9305=CARTESIAN_POINT('Origin',(-55.,34.547508317769,50.2749507197341));
#9306=CARTESIAN_POINT('',(-55.,48.4342596637171,66.6813571802851));
#9307=CARTESIAN_POINT('',(-55.,43.868012387048,58.7723848971713));
#9308=CARTESIAN_POINT('',(-55.,51.547508317769,66.6813571802851));
#9309=CARTESIAN_POINT('Origin',(-50.,43.868012387048,58.7723848971713));
#9310=CARTESIAN_POINT('',(-50.3750675680611,29.5637750618179,43.9685442591831));
#9311=CARTESIAN_POINT('Ctrl Pts',(-54.7749977559822,32.0930025356417,41.3435420152705));
#9312=CARTESIAN_POINT('Ctrl Pts',(-54.6473344695179,31.7549195955407,41.580051522096));
#9313=CARTESIAN_POINT('Ctrl Pts',(-54.4618981788609,31.4620501325347,41.868566794096));
#9314=CARTESIAN_POINT('Ctrl Pts',(-54.0808364021237,31.0218040746302,42.3358911884266));
#9315=CARTESIAN_POINT('Ctrl Pts',(-53.8690529292158,30.8280406760338,42.5591476414631));
#9316=CARTESIAN_POINT('Ctrl Pts',(-53.3879197398461,30.480078048056,42.971429226794));
#9317=CARTESIAN_POINT('Ctrl Pts',(-53.1183742538999,30.3256248922871,43.1600114025029));
#9318=CARTESIAN_POINT('Ctrl Pts',(-52.6008985026962,30.0810665709745,43.4550948654453));
#9319=CARTESIAN_POINT('Ctrl Pts',(-52.3081557671662,29.9669320265615,43.5912969440948));
#9320=CARTESIAN_POINT('Ctrl Pts',(-51.6903652359683,29.7782394639748,43.8034862859332));
#9321=CARTESIAN_POINT('Ctrl Pts',(-51.3652353765606,29.7036247842273,43.8791841224871));
#9322=CARTESIAN_POINT('Ctrl Pts',(-50.8463874671282,29.6150696976971,43.9509589265481));
#9323=CARTESIAN_POINT('Ctrl Pts',(-50.6124903221265,29.5843982858271,43.9685442591831));
#9324=CARTESIAN_POINT('Ctrl Pts',(-50.3750675680612,29.563775061818,43.9685442591831));
#9325=CARTESIAN_POINT('',(-50.,29.547508317769,43.9685442591831));
#9326=CARTESIAN_POINT('Origin',(-50.,35.3210110096652,43.9685442591831));
#9327=CARTESIAN_POINT('',(-50.,44.1041326447949,69.1813571802851));
#9328=CARTESIAN_POINT('',(-50.,39.5378853681258,61.2723848971713));
#9329=CARTESIAN_POINT('Origin',(-50.,48.4342596637171,66.6813571802851));
#9330=CARTESIAN_POINT('Origin',(50.,63.547508317769,41.2185442591831));
#9331=CARTESIAN_POINT('',(50.,67.847508317769,40.8685442591831));
#9332=CARTESIAN_POINT('',(50.,67.847508317769,40.8685442591831));
#9333=CARTESIAN_POINT('Origin',(50.,63.547508317769,41.5685442591831));
#9334=CARTESIAN_POINT('Origin',(50.,63.547508317769,40.8685442591831));
#9335=CARTESIAN_POINT('Origin',(2.66453525910042E-14,68.197508317769,41.2185442591831));
#9336=CARTESIAN_POINT('',(7.50000011175874,67.847508317769,40.8685442591831));
#9337=CARTESIAN_POINT('',(7.50000011175874,67.4475083512966,40.4685442927107));
#9338=CARTESIAN_POINT('',(2.66453525910042E-14,67.847508317769,40.8685442591831));
#9339=CARTESIAN_POINT('Origin',(50.3750675680612,34.547508317769,38.9685442591831));
#9340=CARTESIAN_POINT('',(50.3750675680612,29.5637750618179,43.9685442591831));
#9341=CARTESIAN_POINT('Ctrl Pts',(50.3750675680597,29.5637750618178,43.9685442591831));
#9342=CARTESIAN_POINT('Ctrl Pts',(50.5357715554352,29.5777342728625,43.9685442591832));
#9343=CARTESIAN_POINT('Ctrl Pts',(50.6929888705499,29.5960581017154,43.9606085905461));
#9344=CARTESIAN_POINT('Ctrl Pts',(51.0923227624517,29.6531064089238,43.9233199395756));
#9345=CARTESIAN_POINT('Ctrl Pts',(51.3645185810094,29.7046332318525,43.8771986398853));
#9346=CARTESIAN_POINT('Ctrl Pts',(51.8908753607655,29.8352487964787,43.7409889026981));
#9347=CARTESIAN_POINT('Ctrl Pts',(52.1450675267152,29.9143710855602,43.6510532663536));
#9348=CARTESIAN_POINT('Ctrl Pts',(52.6925503483204,30.1168829965824,43.4131939402064));
#9349=CARTESIAN_POINT('Ctrl Pts',(53.0226507550529,30.2705379424208,43.2257574780411));
#9350=CARTESIAN_POINT('Ctrl Pts',(53.6135416314417,30.6274235274091,42.7955335393562));
#9351=CARTESIAN_POINT('Ctrl Pts',(53.8745892735102,30.8308547564106,42.5532658912031));
#9352=CARTESIAN_POINT('Ctrl Pts',(54.3720273242527,31.3261530391602,42.003259447377));
#9353=CARTESIAN_POINT('Ctrl Pts',(54.6182054862799,31.6777790755554,41.6340159910683));
#9354=CARTESIAN_POINT('Ctrl Pts',(54.7749977560184,32.0930025357374,41.3435420152036));
#9355=CARTESIAN_POINT('',(50.3750675680612,34.547508317769,43.9685442591831));
#9356=CARTESIAN_POINT('Origin',(50.,43.868012387048,58.7723848971713));
#9357=CARTESIAN_POINT('',(50.,44.1041326447949,69.1813571802851));
#9358=CARTESIAN_POINT('Origin',(50.,48.4342596637171,66.6813571802851));
#9359=CARTESIAN_POINT('',(50.,29.547508317769,43.9685442591831));
#9360=CARTESIAN_POINT('',(50.,39.5378853681258,61.2723848971713));
#9361=CARTESIAN_POINT('Origin',(50.,35.3210110096652,43.9685442591831));
#9362=CARTESIAN_POINT('Origin',(38.5000005736947,68.547508317769,50.368544579558));
#9363=CARTESIAN_POINT('',(38.5000005736947,66.047508317769,51.9685445795581));
#9364=CARTESIAN_POINT('',(38.5000005736947,66.047508317769,50.368544579558));
#9365=CARTESIAN_POINT('',(38.5000005736947,66.047508317769,39.6249508799216));
#9366=CARTESIAN_POINT('',(38.5000005736947,68.547508317769,51.9685445795581));
#9367=CARTESIAN_POINT('',(38.5000005736947,68.547508317769,50.368544579558));
#9368=CARTESIAN_POINT('Origin',(24.5317150868855,68.547508317769,50.368544579558));
#9369=CARTESIAN_POINT('',(24.5317150868855,66.047508317769,50.368544579558));
#9370=CARTESIAN_POINT('',(12.2658575434428,66.047508317769,50.368544579558));
#9371=CARTESIAN_POINT('',(24.5317150868855,68.547508317769,50.368544579558));
#9372=CARTESIAN_POINT('Origin',(24.5317150868855,68.547508317769,51.9685445795581));
#9373=CARTESIAN_POINT('',(24.5317150868855,66.047508317769,51.9685445795581));
#9374=CARTESIAN_POINT('',(24.5317150868855,66.047508317769,40.4249508799216));
#9375=CARTESIAN_POINT('',(24.5317150868855,68.547508317769,51.9685445795581));
#9376=CARTESIAN_POINT('Origin',(38.5000005736947,68.547508317769,51.9685445795581));
#9377=CARTESIAN_POINT('',(19.2500002868474,66.047508317769,51.9685445795581));
#9378=CARTESIAN_POINT('Origin',(38.5000005736947,68.547508317769,55.1685445795581));
#9379=CARTESIAN_POINT('',(38.5000005736947,66.047508317769,56.768544579558));
#9380=CARTESIAN_POINT('',(38.5000005736947,66.047508317769,55.1685445795581));
#9381=CARTESIAN_POINT('',(38.5000005736947,66.047508317769,42.0249508799216));
#9382=CARTESIAN_POINT('',(38.5000005736947,68.547508317769,56.768544579558));
#9383=CARTESIAN_POINT('',(38.5000005736947,68.547508317769,55.1685445795581));
#9384=CARTESIAN_POINT('Origin',(24.5000005736947,68.547508317769,55.1685445795581));
#9385=CARTESIAN_POINT('',(24.5000005736947,66.047508317769,55.1685445795581));
#9386=CARTESIAN_POINT('',(12.2500002868474,66.047508317769,55.1685445795581));
#9387=CARTESIAN_POINT('',(24.5000005736947,68.547508317769,55.1685445795581));
#9388=CARTESIAN_POINT('Origin',(24.5000005736947,68.547508317769,56.768544579558));
#9389=CARTESIAN_POINT('',(24.5000005736947,66.047508317769,56.768544579558));
#9390=CARTESIAN_POINT('',(24.5000005736947,66.047508317769,42.8249508799216));
#9391=CARTESIAN_POINT('',(24.5000005736947,68.547508317769,56.768544579558));
#9392=CARTESIAN_POINT('Origin',(38.5000005736947,68.547508317769,56.768544579558));
#9393=CARTESIAN_POINT('',(19.2500002868474,66.047508317769,56.768544579558));
#9394=CARTESIAN_POINT('Origin',(38.5000005736947,68.547508317769,47.4685445125028));
#9395=CARTESIAN_POINT('',(24.5000005736947,66.047508317769,47.4685445125028));
#9396=CARTESIAN_POINT('',(38.5000005736947,66.047508317769,47.4685445125028));
#9397=CARTESIAN_POINT('',(19.2500002868474,66.047508317769,47.4685445125028));
#9398=CARTESIAN_POINT('',(24.5000005736947,68.547508317769,47.4685445125028));
#9399=CARTESIAN_POINT('',(38.5000005736947,68.547508317769,47.4685445125028));
#9400=CARTESIAN_POINT('Origin',(38.5000005736947,68.547508317769,45.8685445125028));
#9401=CARTESIAN_POINT('',(38.5000005736947,66.047508317769,45.8685445125028));
#9402=CARTESIAN_POINT('',(38.5000005736947,66.047508317769,37.374950846394));
#9403=CARTESIAN_POINT('',(38.5000005736947,68.547508317769,45.8685445125028));
#9404=CARTESIAN_POINT('Origin',(24.5000005736947,68.547508317769,45.8685445125028));
#9405=CARTESIAN_POINT('',(24.5000005736947,66.047508317769,45.8685445125028));
#9406=CARTESIAN_POINT('',(12.2500002868474,66.047508317769,45.8685445125028));
#9407=CARTESIAN_POINT('',(24.5000005736947,68.547508317769,45.8685445125028));
#9408=CARTESIAN_POINT('Origin',(24.5000005736947,68.547508317769,47.4685445125028));
#9409=CARTESIAN_POINT('',(24.5000005736947,66.047508317769,38.174950846394));
#9410=CARTESIAN_POINT('Origin',(38.5000005736947,68.547508317769,61.5685445795581));
#9411=CARTESIAN_POINT('',(24.5000005736947,66.047508317769,61.5685445795581));
#9412=CARTESIAN_POINT('',(38.5000005736947,66.047508317769,61.5685445795581));
#9413=CARTESIAN_POINT('',(19.2500002868474,66.047508317769,61.5685445795581));
#9414=CARTESIAN_POINT('',(24.5000005736947,68.547508317769,61.5685445795581));
#9415=CARTESIAN_POINT('',(38.5000005736947,68.547508317769,61.5685445795581));
#9416=CARTESIAN_POINT('Origin',(38.5000005736947,68.547508317769,59.968544579558));
#9417=CARTESIAN_POINT('',(38.5000005736947,66.047508317769,59.968544579558));
#9418=CARTESIAN_POINT('',(38.5000005736947,66.047508317769,44.4249508799216));
#9419=CARTESIAN_POINT('',(38.5000005736947,68.547508317769,59.968544579558));
#9420=CARTESIAN_POINT('Origin',(24.5000005736947,68.547508317769,59.968544579558));
#9421=CARTESIAN_POINT('',(24.5000005736947,66.047508317769,59.968544579558));
#9422=CARTESIAN_POINT('',(12.2500002868474,66.047508317769,59.968544579558));
#9423=CARTESIAN_POINT('',(24.5000005736947,68.547508317769,59.968544579558));
#9424=CARTESIAN_POINT('Origin',(24.5000005736947,68.547508317769,61.5685445795581));
#9425=CARTESIAN_POINT('',(24.5000005736947,66.047508317769,45.2249508799216));
#9426=CARTESIAN_POINT('Origin',(7.54475091969845,8.9290789898156,43.9685442591831));
#9427=CARTESIAN_POINT('',(7.54475091969845,8.9290789898156,43.9685442591831));
#9428=CARTESIAN_POINT('',(11.3633111623513,8.9290789898156,43.9685442591831));
#9429=CARTESIAN_POINT('',(3.77237545984924,8.9290789898156,43.9685442591831));
#9430=CARTESIAN_POINT('',(7.54475091969845,8.9290789898156,43.4685442591831));
#9431=CARTESIAN_POINT('',(7.54475091969845,8.9290789898156,43.9685442591831));
#9432=CARTESIAN_POINT('',(11.3633111623513,8.9290789898156,43.4685442591831));
#9433=CARTESIAN_POINT('',(7.54475091969845,8.9290789898156,43.4685442591831));
#9434=CARTESIAN_POINT('',(11.3633111623513,8.9290789898156,43.9685442591831));
#9435=CARTESIAN_POINT('Origin',(7.54475091969845,8.24945610125054,43.9685442591831));
#9436=CARTESIAN_POINT('',(7.54475091969845,8.24945610125054,43.9685442591831));
#9437=CARTESIAN_POINT('',(7.54475091969845,18.8984822095097,43.9685442591831));
#9438=CARTESIAN_POINT('',(7.54475091969845,8.24945610125054,43.4685442591831));
#9439=CARTESIAN_POINT('',(7.54475091969845,8.24945610125054,43.9685442591831));
#9440=CARTESIAN_POINT('',(7.54475091969845,8.24945610125054,43.4685442591831));
#9441=CARTESIAN_POINT('Origin',(11.3633111623513,8.24945610125054,43.9685442591831));
#9442=CARTESIAN_POINT('',(11.3633111623513,8.24945610125054,43.9685442591831));
#9443=CARTESIAN_POINT('',(5.68165558117568,8.24945610125054,43.9685442591831));
#9444=CARTESIAN_POINT('',(11.3633111623513,8.24945610125054,43.4685442591831));
#9445=CARTESIAN_POINT('',(11.3633111623513,8.24945610125054,43.9685442591831));
#9446=CARTESIAN_POINT('',(11.3633111623513,8.24945610125054,43.4685442591831));
#9447=CARTESIAN_POINT('Origin',(11.3633111623513,8.9290789898156,43.9685442591831));
#9448=CARTESIAN_POINT('',(11.3633111623513,19.2382936537923,43.9685442591831));
#9449=CARTESIAN_POINT('',(11.3633111623513,8.9290789898156,43.4685442591831));
#9450=CARTESIAN_POINT('Origin',(9.45403104102489,8.58926754553307,43.4685442591831));
#9451=CARTESIAN_POINT('Ctrl Pts',(-8.63573942179349,8.66616742664613,43.9685442591831));
#9452=CARTESIAN_POINT('Ctrl Pts',(-8.63573942179349,8.66616742664613,43.4685442591831));
#9453=CARTESIAN_POINT('Ctrl Pts',(-8.64028367991116,8.9293034558896,43.9685442591831));
#9454=CARTESIAN_POINT('Ctrl Pts',(-8.64028367991116,8.9293034558896,43.4685442591831));
#9455=CARTESIAN_POINT('Ctrl Pts',(-8.77605590815213,9.11548333221711,43.9685442591831));
#9456=CARTESIAN_POINT('Ctrl Pts',(-8.77605590815213,9.11548333221711,43.4685442591831));
#9457=CARTESIAN_POINT('',(-8.63573942179349,8.66616742664613,43.9685442591831));
#9458=CARTESIAN_POINT('',(-8.77605590815213,9.11548333221711,43.9685442591831));
#9459=CARTESIAN_POINT('Ctrl Pts',(-8.63573942179349,8.66616742664613,43.9685442591831));
#9460=CARTESIAN_POINT('Ctrl Pts',(-8.64028367991116,8.9293034558896,43.9685442591831));
#9461=CARTESIAN_POINT('Ctrl Pts',(-8.77605590815213,9.11548333221711,43.9685442591831));
#9462=CARTESIAN_POINT('',(-8.63573942179349,8.66616742664613,43.4685442591831));
#9463=CARTESIAN_POINT('',(-8.63573942179349,8.66616742664613,43.9685442591831));
#9464=CARTESIAN_POINT('',(-8.77605590815213,9.11548333221711,43.4685442591831));
#9465=CARTESIAN_POINT('Ctrl Pts',(-8.63573942179349,8.66616742664613,43.4685442591831));
#9466=CARTESIAN_POINT('Ctrl Pts',(-8.64028367991116,8.9293034558896,43.4685442591831));
#9467=CARTESIAN_POINT('Ctrl Pts',(-8.77605590815213,9.11548333221711,43.4685442591831));
#9468=CARTESIAN_POINT('',(-8.77605590815213,9.11548333221711,43.9685442591831));
#9469=CARTESIAN_POINT('Origin',(-9.83704600329068,8.66616742664613,43.9685442591831));
#9470=CARTESIAN_POINT('',(-9.83704600329068,8.66616742664613,43.9685442591831));
#9471=CARTESIAN_POINT('',(-4.91852300164533,8.66616742664613,43.9685442591831));
#9472=CARTESIAN_POINT('',(-9.83704600329068,8.66616742664613,43.4685442591831));
#9473=CARTESIAN_POINT('',(-9.83704600329068,8.66616742664613,43.9685442591831));
#9474=CARTESIAN_POINT('',(-9.83704600329068,8.66616742664613,43.4685442591831));
#9475=CARTESIAN_POINT('Ctrl Pts',(-9.64488301272061,9.12290649467744,43.9685442591831));
#9476=CARTESIAN_POINT('Ctrl Pts',(-9.64488301272061,9.12290649467744,43.4685442591831));
#9477=CARTESIAN_POINT('Ctrl Pts',(-9.80599079126981,8.94414978081025,43.9685442591831));
#9478=CARTESIAN_POINT('Ctrl Pts',(-9.80599079126981,8.94414978081025,43.4685442591831));
#9479=CARTESIAN_POINT('Ctrl Pts',(-9.83704600329068,8.66616742664613,43.9685442591831));
#9480=CARTESIAN_POINT('Ctrl Pts',(-9.83704600329068,8.66616742664613,43.4685442591831));
#9481=CARTESIAN_POINT('',(-9.64488301272061,9.12290649467744,43.9685442591831));
#9482=CARTESIAN_POINT('Ctrl Pts',(-9.64488301272061,9.12290649467744,43.9685442591831));
#9483=CARTESIAN_POINT('Ctrl Pts',(-9.80599079126981,8.94414978081025,43.9685442591831));
#9484=CARTESIAN_POINT('Ctrl Pts',(-9.83704600329068,8.66616742664613,43.9685442591831));
#9485=CARTESIAN_POINT('',(-9.64488301272061,9.12290649467744,43.4685442591831));
#9486=CARTESIAN_POINT('',(-9.64488301272061,9.12290649467744,43.9685442591831));
#9487=CARTESIAN_POINT('Ctrl Pts',(-9.64488301272061,9.12290649467744,43.4685442591831));
#9488=CARTESIAN_POINT('Ctrl Pts',(-9.80599079126981,8.94414978081025,43.4685442591831));
#9489=CARTESIAN_POINT('Ctrl Pts',(-9.83704600329068,8.66616742664613,43.4685442591831));
#9490=CARTESIAN_POINT('Ctrl Pts',(-9.20548889631894,9.30166320854463,43.9685442591831));
#9491=CARTESIAN_POINT('Ctrl Pts',(-9.20548889631894,9.30166320854463,43.4685442591831));
#9492=CARTESIAN_POINT('Ctrl Pts',(-9.48377404207852,9.30166320854463,43.9685442591831));
#9493=CARTESIAN_POINT('Ctrl Pts',(-9.48377404207852,9.30166320854463,43.4685442591831));
#9494=CARTESIAN_POINT('Ctrl Pts',(-9.64488301272061,9.12290649467744,43.9685442591831));
#9495=CARTESIAN_POINT('Ctrl Pts',(-9.64488301272061,9.12290649467744,43.4685442591831));
#9496=CARTESIAN_POINT('',(-9.20548889631894,9.30166320854463,43.9685442591831));
#9497=CARTESIAN_POINT('Ctrl Pts',(-9.20548889631894,9.30166320854463,43.9685442591831));
#9498=CARTESIAN_POINT('Ctrl Pts',(-9.48377404207852,9.30166320854463,43.9685442591831));
#9499=CARTESIAN_POINT('Ctrl Pts',(-9.64488301272061,9.12290649467744,43.9685442591831));
#9500=CARTESIAN_POINT('',(-9.20548889631894,9.30166320854463,43.4685442591831));
#9501=CARTESIAN_POINT('',(-9.20548889631894,9.30166320854463,43.9685442591831));
#9502=CARTESIAN_POINT('Ctrl Pts',(-9.20548889631894,9.30166320854463,43.4685442591831));
#9503=CARTESIAN_POINT('Ctrl Pts',(-9.48377404207852,9.30166320854463,43.4685442591831));
#9504=CARTESIAN_POINT('Ctrl Pts',(-9.64488301272061,9.12290649467744,43.4685442591831));
#9505=CARTESIAN_POINT('Ctrl Pts',(-8.77605590815213,9.11548333221711,43.9685442591831));
#9506=CARTESIAN_POINT('Ctrl Pts',(-8.77605590815213,9.11548333221711,43.4685442591831));
#9507=CARTESIAN_POINT('Ctrl Pts',(-8.9118281363931,9.30166320854463,43.9685442591831));
#9508=CARTESIAN_POINT('Ctrl Pts',(-8.9118281363931,9.30166320854463,43.4685442591831));
#9509=CARTESIAN_POINT('Ctrl Pts',(-9.20548889631894,9.30166320854463,43.9685442591831));
#9510=CARTESIAN_POINT('Ctrl Pts',(-9.20548889631894,9.30166320854463,43.4685442591831));
#9511=CARTESIAN_POINT('Ctrl Pts',(-8.77605590815213,9.11548333221711,43.9685442591831));
#9512=CARTESIAN_POINT('Ctrl Pts',(-8.9118281363931,9.30166320854463,43.9685442591831));
#9513=CARTESIAN_POINT('Ctrl Pts',(-9.20548889631894,9.30166320854463,43.9685442591831));
#9514=CARTESIAN_POINT('Ctrl Pts',(-8.77605590815213,9.11548333221711,43.4685442591831));
#9515=CARTESIAN_POINT('Ctrl Pts',(-8.9118281363931,9.30166320854463,43.4685442591831));
#9516=CARTESIAN_POINT('Ctrl Pts',(-9.20548889631894,9.30166320854463,43.4685442591831));
#9517=CARTESIAN_POINT('Ctrl Pts',(-10.2312580108133,9.08832924419679,43.9685442591831));
#9518=CARTESIAN_POINT('Ctrl Pts',(-10.2312580108133,9.08832924419679,43.4685442591831));
#9519=CARTESIAN_POINT('Ctrl Pts',(-10.0862458705392,9.39801054054536,43.9685442591831));
#9520=CARTESIAN_POINT('Ctrl Pts',(-10.0862458705392,9.39801054054536,43.4685442591831));
#9521=CARTESIAN_POINT('Ctrl Pts',(-9.82019338602689,9.56707196289338,43.9685442591831));
#9522=CARTESIAN_POINT('Ctrl Pts',(-9.82019338602689,9.56707196289338,43.4685442591831));
#9523=CARTESIAN_POINT('',(-10.2312580108133,9.08832924419679,43.9685442591831));
#9524=CARTESIAN_POINT('',(-9.82019338602689,9.56707196289338,43.9685442591831));
#9525=CARTESIAN_POINT('Ctrl Pts',(-10.2312580108133,9.08832924419679,43.9685442591831));
#9526=CARTESIAN_POINT('Ctrl Pts',(-10.0862458705392,9.39801054054536,43.9685442591831));
#9527=CARTESIAN_POINT('Ctrl Pts',(-9.82019338602689,9.56707196289338,43.9685442591831));
#9528=CARTESIAN_POINT('',(-10.2312580108133,9.08832924419679,43.4685442591831));
#9529=CARTESIAN_POINT('',(-10.2312580108133,9.08832924419679,43.9685442591831));
#9530=CARTESIAN_POINT('',(-9.82019338602689,9.56707196289338,43.4685442591831));
#9531=CARTESIAN_POINT('Ctrl Pts',(-10.2312580108133,9.08832924419679,43.4685442591831));
#9532=CARTESIAN_POINT('Ctrl Pts',(-10.0862458705392,9.39801054054536,43.4685442591831));
#9533=CARTESIAN_POINT('Ctrl Pts',(-9.82019338602689,9.56707196289338,43.4685442591831));
#9534=CARTESIAN_POINT('',(-9.82019338602689,9.56707196289338,43.9685442591831));
#9535=CARTESIAN_POINT('Ctrl Pts',(-10.3762713431802,8.35144953781404,43.9685442591831));
#9536=CARTESIAN_POINT('Ctrl Pts',(-10.3762713431802,8.35144953781404,43.4685442591831));
#9537=CARTESIAN_POINT('Ctrl Pts',(-10.3762713431802,8.77864794784822,43.9685442591831));
#9538=CARTESIAN_POINT('Ctrl Pts',(-10.3762713431802,8.77864794784822,43.4685442591831));
#9539=CARTESIAN_POINT('Ctrl Pts',(-10.2312580108133,9.08832924419679,43.9685442591831));
#9540=CARTESIAN_POINT('Ctrl Pts',(-10.2312580108133,9.08832924419679,43.4685442591831));
#9541=CARTESIAN_POINT('',(-10.3762713431802,8.35144953781404,43.9685442591831));
#9542=CARTESIAN_POINT('Ctrl Pts',(-10.3762713431802,8.35144953781404,43.9685442591831));
#9543=CARTESIAN_POINT('Ctrl Pts',(-10.3762713431802,8.77864794784822,43.9685442591831));
#9544=CARTESIAN_POINT('Ctrl Pts',(-10.2312580108133,9.08832924419679,43.9685442591831));
#9545=CARTESIAN_POINT('',(-10.3762713431802,8.35144953781404,43.4685442591831));
#9546=CARTESIAN_POINT('',(-10.3762713431802,8.35144953781404,43.9685442591831));
#9547=CARTESIAN_POINT('Ctrl Pts',(-10.3762713431802,8.35144953781404,43.4685442591831));
#9548=CARTESIAN_POINT('Ctrl Pts',(-10.3762713431802,8.77864794784822,43.4685442591831));
#9549=CARTESIAN_POINT('Ctrl Pts',(-10.2312580108133,9.08832924419679,43.4685442591831));
#9550=CARTESIAN_POINT('Ctrl Pts',(-10.2155414580789,7.61134998852052,43.9685442591831));
#9551=CARTESIAN_POINT('Ctrl Pts',(-10.2155414580789,7.61134998852052,43.4685442591831));
#9552=CARTESIAN_POINT('Ctrl Pts',(-10.3762713431802,7.91546421104707,43.9685442591831));
#9553=CARTESIAN_POINT('Ctrl Pts',(-10.3762713431802,7.91546421104707,43.4685442591831));
#9554=CARTESIAN_POINT('Ctrl Pts',(-10.3762713431802,8.35144953781404,43.9685442591831));
#9555=CARTESIAN_POINT('Ctrl Pts',(-10.3762713431802,8.35144953781404,43.4685442591831));
#9556=CARTESIAN_POINT('',(-10.2155414580789,7.61134998852052,43.9685442591831));
#9557=CARTESIAN_POINT('Ctrl Pts',(-10.2155414580789,7.61134998852052,43.9685442591831));
#9558=CARTESIAN_POINT('Ctrl Pts',(-10.3762713431802,7.91546421104707,43.9685442591831));
#9559=CARTESIAN_POINT('Ctrl Pts',(-10.3762713431802,8.35144953781404,43.9685442591831));
#9560=CARTESIAN_POINT('',(-10.2155414580789,7.61134998852052,43.4685442591831));
#9561=CARTESIAN_POINT('',(-10.2155414580789,7.61134998852052,43.9685442591831));
#9562=CARTESIAN_POINT('Ctrl Pts',(-10.2155414580789,7.61134998852052,43.4685442591831));
#9563=CARTESIAN_POINT('Ctrl Pts',(-10.3762713431802,7.91546421104707,43.4685442591831));
#9564=CARTESIAN_POINT('Ctrl Pts',(-10.3762713431802,8.35144953781404,43.4685442591831));
#9565=CARTESIAN_POINT('Ctrl Pts',(-9.76489934916165,7.15358870083131,43.9685442591831));
#9566=CARTESIAN_POINT('Ctrl Pts',(-9.76489934916165,7.15358870083131,43.4685442591831));
#9567=CARTESIAN_POINT('Ctrl Pts',(-10.0548115729776,7.30723636204042,43.9685442591831));
#9568=CARTESIAN_POINT('Ctrl Pts',(-10.0548115729776,7.30723636204042,43.4685442591831));
#9569=CARTESIAN_POINT('Ctrl Pts',(-10.2155414580789,7.61134998852052,43.9685442591831));
#9570=CARTESIAN_POINT('Ctrl Pts',(-10.2155414580789,7.61134998852052,43.4685442591831));
#9571=CARTESIAN_POINT('',(-9.76489934916165,7.15358870083131,43.9685442591831));
#9572=CARTESIAN_POINT('Ctrl Pts',(-9.76489934916165,7.15358870083131,43.9685442591831));
#9573=CARTESIAN_POINT('Ctrl Pts',(-10.0548115729776,7.30723636204042,43.9685442591831));
#9574=CARTESIAN_POINT('Ctrl Pts',(-10.2155414580789,7.61134998852052,43.9685442591831));
#9575=CARTESIAN_POINT('',(-9.76489934916165,7.15358870083131,43.4685442591831));
#9576=CARTESIAN_POINT('',(-9.76489934916165,7.15358870083131,43.9685442591831));
#9577=CARTESIAN_POINT('Ctrl Pts',(-9.76489934916165,7.15358870083131,43.4685442591831));
#9578=CARTESIAN_POINT('Ctrl Pts',(-10.0548115729776,7.30723636204042,43.4685442591831));
#9579=CARTESIAN_POINT('Ctrl Pts',(-10.2155414580789,7.61134998852052,43.4685442591831));
#9580=CARTESIAN_POINT('Ctrl Pts',(-9.10088572497037,6.9999410396222,43.9685442591831));
#9581=CARTESIAN_POINT('Ctrl Pts',(-9.10088572497037,6.9999410396222,43.4685442591831));
#9582=CARTESIAN_POINT('Ctrl Pts',(-9.47498772139218,6.9999410396222,43.9685442591831));
#9583=CARTESIAN_POINT('Ctrl Pts',(-9.47498772139218,6.9999410396222,43.4685442591831));
#9584=CARTESIAN_POINT('Ctrl Pts',(-9.76489934916165,7.15358870083131,43.9685442591831));
#9585=CARTESIAN_POINT('Ctrl Pts',(-9.76489934916165,7.15358870083131,43.4685442591831));
#9586=CARTESIAN_POINT('',(-9.10088572497037,6.9999410396222,43.9685442591831));
#9587=CARTESIAN_POINT('Ctrl Pts',(-9.10088572497037,6.9999410396222,43.9685442591831));
#9588=CARTESIAN_POINT('Ctrl Pts',(-9.47498772139218,6.9999410396222,43.9685442591831));
#9589=CARTESIAN_POINT('Ctrl Pts',(-9.76489934916165,7.15358870083131,43.9685442591831));
#9590=CARTESIAN_POINT('',(-9.10088572497037,6.9999410396222,43.4685442591831));
#9591=CARTESIAN_POINT('',(-9.10088572497037,6.9999410396222,43.9685442591831));
#9592=CARTESIAN_POINT('Ctrl Pts',(-9.10088572497037,6.9999410396222,43.4685442591831));
#9593=CARTESIAN_POINT('Ctrl Pts',(-9.47498772139218,6.9999410396222,43.4685442591831));
#9594=CARTESIAN_POINT('Ctrl Pts',(-9.76489934916165,7.15358870083131,43.4685442591831));
#9595=CARTESIAN_POINT('Ctrl Pts',(-8.63876912588742,7.04118387752809,43.9685442591831));
#9596=CARTESIAN_POINT('Ctrl Pts',(-8.63876912588742,7.04118387752809,43.4685442591831));
#9597=CARTESIAN_POINT('Ctrl Pts',(-8.83282635206845,6.9999410396222,43.9685442591831));
#9598=CARTESIAN_POINT('Ctrl Pts',(-8.83282635206845,6.9999410396222,43.4685442591831));
#9599=CARTESIAN_POINT('Ctrl Pts',(-9.10088572497037,6.9999410396222,43.9685442591831));
#9600=CARTESIAN_POINT('Ctrl Pts',(-9.10088572497037,6.9999410396222,43.4685442591831));
#9601=CARTESIAN_POINT('',(-8.63876912588742,7.04118387752809,43.9685442591831));
#9602=CARTESIAN_POINT('Ctrl Pts',(-8.63876912588742,7.04118387752809,43.9685442591831));
#9603=CARTESIAN_POINT('Ctrl Pts',(-8.83282635206845,6.9999410396222,43.9685442591831));
#9604=CARTESIAN_POINT('Ctrl Pts',(-9.10088572497037,6.9999410396222,43.9685442591831));
#9605=CARTESIAN_POINT('',(-8.63876912588742,7.04118387752809,43.4685442591831));
#9606=CARTESIAN_POINT('',(-8.63876912588742,7.04118387752809,43.9685442591831));
#9607=CARTESIAN_POINT('Ctrl Pts',(-8.63876912588742,7.04118387752809,43.4685442591831));
#9608=CARTESIAN_POINT('Ctrl Pts',(-8.83282635206845,6.9999410396222,43.4685442591831));
#9609=CARTESIAN_POINT('Ctrl Pts',(-9.10088572497037,6.9999410396222,43.4685442591831));
#9610=CARTESIAN_POINT('Ctrl Pts',(-8.21543309683469,7.18316690975465,43.9685442591831));
#9611=CARTESIAN_POINT('Ctrl Pts',(-8.21543309683469,7.18316690975465,43.4685442591831));
#9612=CARTESIAN_POINT('Ctrl Pts',(-8.44471189970639,7.08242671543397,43.9685442591831));
#9613=CARTESIAN_POINT('Ctrl Pts',(-8.44471189970639,7.08242671543397,43.4685442591831));
#9614=CARTESIAN_POINT('Ctrl Pts',(-8.63876912588742,7.04118387752809,43.9685442591831));
#9615=CARTESIAN_POINT('Ctrl Pts',(-8.63876912588742,7.04118387752809,43.4685442591831));
#9616=CARTESIAN_POINT('',(-8.21543309683469,7.18316690975465,43.9685442591831));
#9617=CARTESIAN_POINT('Ctrl Pts',(-8.21543309683469,7.18316690975465,43.9685442591831));
#9618=CARTESIAN_POINT('Ctrl Pts',(-8.44471189970639,7.08242671543397,43.9685442591831));
#9619=CARTESIAN_POINT('Ctrl Pts',(-8.63876912588742,7.04118387752809,43.9685442591831));
#9620=CARTESIAN_POINT('',(-8.21543309683469,7.18316690975465,43.4685442591831));
#9621=CARTESIAN_POINT('',(-8.21543309683469,7.18316690975465,43.9685442591831));
#9622=CARTESIAN_POINT('Ctrl Pts',(-8.21543309683469,7.18316690975465,43.4685442591831));
#9623=CARTESIAN_POINT('Ctrl Pts',(-8.44471189970639,7.08242671543397,43.4685442591831));
#9624=CARTESIAN_POINT('Ctrl Pts',(-8.63876912588742,7.04118387752809,43.4685442591831));
#9625=CARTESIAN_POINT('Origin',(-8.21543309683469,7.62952880913057,43.9685442591831));
#9626=CARTESIAN_POINT('',(-8.21543309683469,7.62952880913057,43.9685442591831));
#9627=CARTESIAN_POINT('',(-8.21543309683469,18.5885185634498,43.9685442591831));
#9628=CARTESIAN_POINT('',(-8.21543309683469,7.62952880913057,43.4685442591831));
#9629=CARTESIAN_POINT('',(-8.21543309683469,7.62952880913057,43.9685442591831));
#9630=CARTESIAN_POINT('',(-8.21543309683469,7.62952880913057,43.4685442591831));
#9631=CARTESIAN_POINT('Ctrl Pts',(-8.66213593477872,7.4927343612317,43.9685442591831));
#9632=CARTESIAN_POINT('Ctrl Pts',(-8.66213593477872,7.4927343612317,43.4685442591831));
#9633=CARTESIAN_POINT('Ctrl Pts',(-8.47932670111325,7.53674225860872,43.9685442591831));
#9634=CARTESIAN_POINT('Ctrl Pts',(-8.47932670111325,7.53674225860872,43.4685442591831));
#9635=CARTESIAN_POINT('Ctrl Pts',(-8.21543309683469,7.62952880913057,43.9685442591831));
#9636=CARTESIAN_POINT('Ctrl Pts',(-8.21543309683469,7.62952880913057,43.4685442591831));
#9637=CARTESIAN_POINT('',(-8.66213593477872,7.4927343612317,43.9685442591831));
#9638=CARTESIAN_POINT('Ctrl Pts',(-8.66213593477872,7.4927343612317,43.9685442591831));
#9639=CARTESIAN_POINT('Ctrl Pts',(-8.47932670111325,7.53674225860872,43.9685442591831));
#9640=CARTESIAN_POINT('Ctrl Pts',(-8.21543309683469,7.62952880913057,43.9685442591831));
#9641=CARTESIAN_POINT('',(-8.66213593477872,7.4927343612317,43.4685442591831));
#9642=CARTESIAN_POINT('',(-8.66213593477872,7.4927343612317,43.9685442591831));
#9643=CARTESIAN_POINT('Ctrl Pts',(-8.66213593477872,7.4927343612317,43.4685442591831));
#9644=CARTESIAN_POINT('Ctrl Pts',(-8.47932670111325,7.53674225860872,43.4685442591831));
#9645=CARTESIAN_POINT('Ctrl Pts',(-8.21543309683469,7.62952880913057,43.4685442591831));
#9646=CARTESIAN_POINT('Ctrl Pts',(-9.08179852957394,7.44872705990113,43.9685442591831));
#9647=CARTESIAN_POINT('Ctrl Pts',(-9.08179852957394,7.44872705990113,43.4685442591831));
#9648=CARTESIAN_POINT('Ctrl Pts',(-8.84494576449063,7.44872705990113,43.9685442591831));
#9649=CARTESIAN_POINT('Ctrl Pts',(-8.84494576449063,7.44872705990113,43.4685442591831));
#9650=CARTESIAN_POINT('Ctrl Pts',(-8.66213593477872,7.4927343612317,43.9685442591831));
#9651=CARTESIAN_POINT('Ctrl Pts',(-8.66213593477872,7.4927343612317,43.4685442591831));
#9652=CARTESIAN_POINT('',(-9.08179852957394,7.44872705990113,43.9685442591831));
#9653=CARTESIAN_POINT('Ctrl Pts',(-9.08179852957394,7.44872705990113,43.9685442591831));
#9654=CARTESIAN_POINT('Ctrl Pts',(-8.84494576449063,7.44872705990113,43.9685442591831));
#9655=CARTESIAN_POINT('Ctrl Pts',(-8.66213593477872,7.4927343612317,43.9685442591831));
#9656=CARTESIAN_POINT('',(-9.08179852957394,7.44872705990113,43.4685442591831));
#9657=CARTESIAN_POINT('',(-9.08179852957394,7.44872705990113,43.9685442591831));
#9658=CARTESIAN_POINT('Ctrl Pts',(-9.08179852957394,7.44872705990113,43.4685442591831));
#9659=CARTESIAN_POINT('Ctrl Pts',(-8.84494576449063,7.44872705990113,43.4685442591831));
#9660=CARTESIAN_POINT('Ctrl Pts',(-8.66213593477872,7.4927343612317,43.4685442591831));
#9661=CARTESIAN_POINT('Ctrl Pts',(-9.63946673864987,7.66073541694917,43.9685442591831));
#9662=CARTESIAN_POINT('Ctrl Pts',(-9.63946673864987,7.66073541694917,43.4685442591831));
#9663=CARTESIAN_POINT('Ctrl Pts',(-9.44082710737851,7.44872705990113,43.9685442591831));
#9664=CARTESIAN_POINT('Ctrl Pts',(-9.44082710737851,7.44872705990113,43.4685442591831));
#9665=CARTESIAN_POINT('Ctrl Pts',(-9.08179852957394,7.44872705990113,43.9685442591831));
#9666=CARTESIAN_POINT('Ctrl Pts',(-9.08179852957394,7.44872705990113,43.4685442591831));
#9667=CARTESIAN_POINT('',(-9.63946673864987,7.66073541694917,43.9685442591831));
#9668=CARTESIAN_POINT('Ctrl Pts',(-9.63946673864987,7.66073541694917,43.9685442591831));
#9669=CARTESIAN_POINT('Ctrl Pts',(-9.44082710737851,7.44872705990113,43.9685442591831));
#9670=CARTESIAN_POINT('Ctrl Pts',(-9.08179852957394,7.44872705990113,43.9685442591831));
#9671=CARTESIAN_POINT('',(-9.63946673864987,7.66073541694917,43.4685442591831));
#9672=CARTESIAN_POINT('',(-9.63946673864987,7.66073541694917,43.9685442591831));
#9673=CARTESIAN_POINT('Ctrl Pts',(-9.63946673864987,7.66073541694917,43.4685442591831));
#9674=CARTESIAN_POINT('Ctrl Pts',(-9.44082710737851,7.44872705990113,43.4685442591831));
#9675=CARTESIAN_POINT('Ctrl Pts',(-9.08179852957394,7.44872705990113,43.4685442591831));
#9676=CARTESIAN_POINT('Ctrl Pts',(-9.84658989901212,8.24116544777192,43.9685442591831));
#9677=CARTESIAN_POINT('Ctrl Pts',(-9.84658989901212,8.24116544777192,43.4685442591831));
#9678=CARTESIAN_POINT('Ctrl Pts',(-9.83810696596768,7.87274437004365,43.9685442591831));
#9679=CARTESIAN_POINT('Ctrl Pts',(-9.83810696596768,7.87274437004365,43.4685442591831));
#9680=CARTESIAN_POINT('Ctrl Pts',(-9.63946673864987,7.66073541694917,43.9685442591831));
#9681=CARTESIAN_POINT('Ctrl Pts',(-9.63946673864987,7.66073541694917,43.4685442591831));
#9682=CARTESIAN_POINT('',(-9.84658989901212,8.24116544777192,43.9685442591831));
#9683=CARTESIAN_POINT('Ctrl Pts',(-9.84658989901212,8.24116544777192,43.9685442591831));
#9684=CARTESIAN_POINT('Ctrl Pts',(-9.83810696596768,7.87274437004365,43.9685442591831));
#9685=CARTESIAN_POINT('Ctrl Pts',(-9.63946673864987,7.66073541694917,43.9685442591831));
#9686=CARTESIAN_POINT('',(-9.84658989901212,8.24116544777192,43.4685442591831));
#9687=CARTESIAN_POINT('',(-9.84658989901212,8.24116544777192,43.9685442591831));
#9688=CARTESIAN_POINT('Ctrl Pts',(-9.84658989901212,8.24116544777192,43.4685442591831));
#9689=CARTESIAN_POINT('Ctrl Pts',(-9.83810696596768,7.87274437004365,43.4685442591831));
#9690=CARTESIAN_POINT('Ctrl Pts',(-9.63946673864987,7.66073541694917,43.4685442591831));
#9691=CARTESIAN_POINT('Origin',(-8.10128602976468,8.24116544777192,43.9685442591831));
#9692=CARTESIAN_POINT('',(-8.10128602976468,8.24116544777192,43.9685442591831));
#9693=CARTESIAN_POINT('',(-4.05064301488233,8.24116544777192,43.9685442591831));
#9694=CARTESIAN_POINT('',(-8.10128602976468,8.24116544777192,43.4685442591831));
#9695=CARTESIAN_POINT('',(-8.10128602976468,8.24116544777192,43.9685442591831));
#9696=CARTESIAN_POINT('',(-8.10128602976468,8.24116544777192,43.4685442591831));
#9697=CARTESIAN_POINT('Origin',(-8.10128602976468,8.54164378696717,43.9685442591831));
#9698=CARTESIAN_POINT('',(-8.10128602976468,8.54164378696717,43.9685442591831));
#9699=CARTESIAN_POINT('',(-8.10128602976468,19.0445760523681,43.9685442591831));
#9700=CARTESIAN_POINT('',(-8.10128602976468,8.54164378696717,43.4685442591831));
#9701=CARTESIAN_POINT('',(-8.10128602976468,8.54164378696717,43.9685442591831));
#9702=CARTESIAN_POINT('',(-8.10128602976468,8.54164378696717,43.4685442591831));
#9703=CARTESIAN_POINT('Ctrl Pts',(-8.23251340384152,9.16623251491822,43.9685442591831));
#9704=CARTESIAN_POINT('Ctrl Pts',(-8.23251340384152,9.16623251491822,43.4685442591831));
#9705=CARTESIAN_POINT('Ctrl Pts',(-8.10128602976468,8.89635520035066,43.9685442591831));
#9706=CARTESIAN_POINT('Ctrl Pts',(-8.10128602976468,8.89635520035066,43.4685442591831));
#9707=CARTESIAN_POINT('Ctrl Pts',(-8.10128602976468,8.54164378696717,43.9685442591831));
#9708=CARTESIAN_POINT('Ctrl Pts',(-8.10128602976468,8.54164378696717,43.4685442591831));
#9709=CARTESIAN_POINT('',(-8.23251340384152,9.16623251491822,43.9685442591831));
#9710=CARTESIAN_POINT('Ctrl Pts',(-8.23251340384152,9.16623251491822,43.9685442591831));
#9711=CARTESIAN_POINT('Ctrl Pts',(-8.10128602976468,8.89635520035066,43.9685442591831));
#9712=CARTESIAN_POINT('Ctrl Pts',(-8.10128602976468,8.54164378696717,43.9685442591831));
#9713=CARTESIAN_POINT('',(-8.23251340384152,9.16623251491822,43.4685442591831));
#9714=CARTESIAN_POINT('',(-8.23251340384152,9.16623251491822,43.9685442591831));
#9715=CARTESIAN_POINT('Ctrl Pts',(-8.23251340384152,9.16623251491822,43.4685442591831));
#9716=CARTESIAN_POINT('Ctrl Pts',(-8.10128602976468,8.89635520035066,43.4685442591831));
#9717=CARTESIAN_POINT('Ctrl Pts',(-8.10128602976468,8.54164378696717,43.4685442591831));
#9718=CARTESIAN_POINT('Ctrl Pts',(-8.61131165022519,9.5861216073636,43.9685442591831));
#9719=CARTESIAN_POINT('Ctrl Pts',(-8.61131165022519,9.5861216073636,43.4685442591831));
#9720=CARTESIAN_POINT('Ctrl Pts',(-8.36374077791837,9.43610982948579,43.9685442591831));
#9721=CARTESIAN_POINT('Ctrl Pts',(-8.36374077791837,9.43610982948579,43.4685442591831));
#9722=CARTESIAN_POINT('Ctrl Pts',(-8.23251340384152,9.16623251491822,43.9685442591831));
#9723=CARTESIAN_POINT('Ctrl Pts',(-8.23251340384152,9.16623251491822,43.4685442591831));
#9724=CARTESIAN_POINT('',(-8.61131165022519,9.5861216073636,43.9685442591831));
#9725=CARTESIAN_POINT('Ctrl Pts',(-8.61131165022519,9.5861216073636,43.9685442591831));
#9726=CARTESIAN_POINT('Ctrl Pts',(-8.36374077791837,9.43610982948579,43.9685442591831));
#9727=CARTESIAN_POINT('Ctrl Pts',(-8.23251340384152,9.16623251491822,43.9685442591831));
#9728=CARTESIAN_POINT('',(-8.61131165022519,9.5861216073636,43.4685442591831));
#9729=CARTESIAN_POINT('',(-8.61131165022519,9.5861216073636,43.9685442591831));
#9730=CARTESIAN_POINT('Ctrl Pts',(-8.61131165022519,9.5861216073636,43.4685442591831));
#9731=CARTESIAN_POINT('Ctrl Pts',(-8.36374077791837,9.43610982948579,43.4685442591831));
#9732=CARTESIAN_POINT('Ctrl Pts',(-8.23251340384152,9.16623251491822,43.4685442591831));
#9733=CARTESIAN_POINT('Ctrl Pts',(-9.20071754450467,9.73613338524141,43.9685442591831));
#9734=CARTESIAN_POINT('Ctrl Pts',(-9.20071754450467,9.73613338524141,43.4685442591831));
#9735=CARTESIAN_POINT('Ctrl Pts',(-8.85888252253201,9.73613338524141,43.9685442591831));
#9736=CARTESIAN_POINT('Ctrl Pts',(-8.85888252253201,9.73613338524141,43.4685442591831));
#9737=CARTESIAN_POINT('Ctrl Pts',(-8.61131165022519,9.5861216073636,43.9685442591831));
#9738=CARTESIAN_POINT('Ctrl Pts',(-8.61131165022519,9.5861216073636,43.4685442591831));
#9739=CARTESIAN_POINT('',(-9.20071754450467,9.73613338524141,43.9685442591831));
#9740=CARTESIAN_POINT('Ctrl Pts',(-9.20071754450467,9.73613338524141,43.9685442591831));
#9741=CARTESIAN_POINT('Ctrl Pts',(-8.85888252253201,9.73613338524141,43.9685442591831));
#9742=CARTESIAN_POINT('Ctrl Pts',(-8.61131165022519,9.5861216073636,43.9685442591831));
#9743=CARTESIAN_POINT('',(-9.20071754450467,9.73613338524141,43.4685442591831));
#9744=CARTESIAN_POINT('',(-9.20071754450467,9.73613338524141,43.9685442591831));
#9745=CARTESIAN_POINT('Ctrl Pts',(-9.20071754450467,9.73613338524141,43.4685442591831));
#9746=CARTESIAN_POINT('Ctrl Pts',(-8.85888252253201,9.73613338524141,43.4685442591831));
#9747=CARTESIAN_POINT('Ctrl Pts',(-8.61131165022519,9.5861216073636,43.4685442591831));
#9748=CARTESIAN_POINT('Ctrl Pts',(-9.82019338602689,9.56707196289338,43.9685442591831));
#9749=CARTESIAN_POINT('Ctrl Pts',(-9.82019338602689,9.56707196289338,43.4685442591831));
#9750=CARTESIAN_POINT('Ctrl Pts',(-9.55414090151456,9.73613338524141,43.9685442591831));
#9751=CARTESIAN_POINT('Ctrl Pts',(-9.55414090151456,9.73613338524141,43.4685442591831));
#9752=CARTESIAN_POINT('Ctrl Pts',(-9.20071754450467,9.73613338524141,43.9685442591831));
#9753=CARTESIAN_POINT('Ctrl Pts',(-9.20071754450467,9.73613338524141,43.4685442591831));
#9754=CARTESIAN_POINT('Ctrl Pts',(-9.82019338602689,9.56707196289338,43.9685442591831));
#9755=CARTESIAN_POINT('Ctrl Pts',(-9.55414090151456,9.73613338524141,43.9685442591831));
#9756=CARTESIAN_POINT('Ctrl Pts',(-9.20071754450467,9.73613338524141,43.9685442591831));
#9757=CARTESIAN_POINT('Ctrl Pts',(-9.82019338602689,9.56707196289338,43.4685442591831));
#9758=CARTESIAN_POINT('Ctrl Pts',(-9.55414090151456,9.73613338524141,43.4685442591831));
#9759=CARTESIAN_POINT('Ctrl Pts',(-9.20071754450467,9.73613338524141,43.4685442591831));
#9760=CARTESIAN_POINT('Origin',(-9.62564382548001,8.79129754358567,43.4685442591831));
#9761=CARTESIAN_POINT('Ctrl Pts',(-34.7575536184013,8.78281431251802,43.9685442591831));
#9762=CARTESIAN_POINT('Ctrl Pts',(-34.7575536184013,8.78281431251802,43.4685442591831));
#9763=CARTESIAN_POINT('Ctrl Pts',(-34.5434239320457,8.65238206440248,43.9685442591831));
#9764=CARTESIAN_POINT('Ctrl Pts',(-34.5434239320457,8.65238206440248,43.4685442591831));
#9765=CARTESIAN_POINT('Ctrl Pts',(-34.4303753785789,8.46654312664308,43.9685442591831));
#9766=CARTESIAN_POINT('Ctrl Pts',(-34.4303753785789,8.46654312664308,43.4685442591831));
#9767=CARTESIAN_POINT('',(-34.7575536184013,8.78281431251802,43.9685442591831));
#9768=CARTESIAN_POINT('',(-34.4303753785789,8.46654312664308,43.9685442591831));
#9769=CARTESIAN_POINT('Ctrl Pts',(-34.7575536184013,8.78281431251802,43.9685442591831));
#9770=CARTESIAN_POINT('Ctrl Pts',(-34.5434239320457,8.65238206440248,43.9685442591831));
#9771=CARTESIAN_POINT('Ctrl Pts',(-34.4303753785789,8.46654312664308,43.9685442591831));
#9772=CARTESIAN_POINT('',(-34.7575536184013,8.78281431251802,43.4685442591831));
#9773=CARTESIAN_POINT('',(-34.7575536184013,8.78281431251802,43.9685442591831));
#9774=CARTESIAN_POINT('',(-34.4303753785789,8.46654312664308,43.4685442591831));
#9775=CARTESIAN_POINT('Ctrl Pts',(-34.7575536184013,8.78281431251802,43.4685442591831));
#9776=CARTESIAN_POINT('Ctrl Pts',(-34.5434239320457,8.65238206440248,43.4685442591831));
#9777=CARTESIAN_POINT('Ctrl Pts',(-34.4303753785789,8.46654312664308,43.4685442591831));
#9778=CARTESIAN_POINT('',(-34.4303753785789,8.46654312664308,43.9685442591831));
#9779=CARTESIAN_POINT('Ctrl Pts',(-35.3039741329848,9.03239207321443,43.9685442591831));
#9780=CARTESIAN_POINT('Ctrl Pts',(-35.3039741329848,9.03239207321443,43.4685442591831));
#9781=CARTESIAN_POINT('Ctrl Pts',(-34.9716831557452,8.91324596458711,43.9685442591831));
#9782=CARTESIAN_POINT('Ctrl Pts',(-34.9716831557452,8.91324596458711,43.4685442591831));
#9783=CARTESIAN_POINT('Ctrl Pts',(-34.7575536184013,8.78281431251802,43.9685442591831));
#9784=CARTESIAN_POINT('Ctrl Pts',(-34.7575536184013,8.78281431251802,43.4685442591831));
#9785=CARTESIAN_POINT('',(-35.3039741329848,9.03239207321443,43.9685442591831));
#9786=CARTESIAN_POINT('Ctrl Pts',(-35.3039741329848,9.03239207321443,43.9685442591831));
#9787=CARTESIAN_POINT('Ctrl Pts',(-34.9716831557452,8.91324596458711,43.9685442591831));
#9788=CARTESIAN_POINT('Ctrl Pts',(-34.7575536184013,8.78281431251802,43.9685442591831));
#9789=CARTESIAN_POINT('',(-35.3039741329848,9.03239207321443,43.4685442591831));
#9790=CARTESIAN_POINT('',(-35.3039741329848,9.03239207321443,43.9685442591831));
#9791=CARTESIAN_POINT('Ctrl Pts',(-35.3039741329848,9.03239207321443,43.4685442591831));
#9792=CARTESIAN_POINT('Ctrl Pts',(-34.9716831557452,8.91324596458711,43.4685442591831));
#9793=CARTESIAN_POINT('Ctrl Pts',(-34.7575536184013,8.78281431251802,43.4685442591831));
#9794=CARTESIAN_POINT('Ctrl Pts',(-35.7014810107648,9.21315627151765,43.9685442591831));
#9795=CARTESIAN_POINT('Ctrl Pts',(-35.7014810107648,9.21315627151765,43.4685442591831));
#9796=CARTESIAN_POINT('Ctrl Pts',(-35.5464321188628,9.12646668010987,43.9685442591831));
#9797=CARTESIAN_POINT('Ctrl Pts',(-35.5464321188628,9.12646668010987,43.4685442591831));
#9798=CARTESIAN_POINT('Ctrl Pts',(-35.3039741329848,9.03239207321443,43.9685442591831));
#9799=CARTESIAN_POINT('Ctrl Pts',(-35.3039741329848,9.03239207321443,43.4685442591831));
#9800=CARTESIAN_POINT('',(-35.7014810107648,9.21315627151765,43.9685442591831));
#9801=CARTESIAN_POINT('Ctrl Pts',(-35.7014810107648,9.21315627151765,43.9685442591831));
#9802=CARTESIAN_POINT('Ctrl Pts',(-35.5464321188628,9.12646668010987,43.9685442591831));
#9803=CARTESIAN_POINT('Ctrl Pts',(-35.3039741329848,9.03239207321443,43.9685442591831));
#9804=CARTESIAN_POINT('',(-35.7014810107648,9.21315627151765,43.4685442591831));
#9805=CARTESIAN_POINT('',(-35.7014810107648,9.21315627151765,43.9685442591831));
#9806=CARTESIAN_POINT('Ctrl Pts',(-35.7014810107648,9.21315627151765,43.4685442591831));
#9807=CARTESIAN_POINT('Ctrl Pts',(-35.5464321188628,9.12646668010987,43.4685442591831));
#9808=CARTESIAN_POINT('Ctrl Pts',(-35.3039741329848,9.03239207321443,43.4685442591831));
#9809=CARTESIAN_POINT('Ctrl Pts',(-35.92155655846,9.40388100200929,43.9685442591831));
#9810=CARTESIAN_POINT('Ctrl Pts',(-35.92155655846,9.40388100200929,43.4685442591831));
#9811=CARTESIAN_POINT('Ctrl Pts',(-35.856529828161,9.29984586292543,43.9685442591831));
#9812=CARTESIAN_POINT('Ctrl Pts',(-35.856529828161,9.29984586292543,43.4685442591831));
#9813=CARTESIAN_POINT('Ctrl Pts',(-35.7014810107648,9.21315627151765,43.9685442591831));
#9814=CARTESIAN_POINT('Ctrl Pts',(-35.7014810107648,9.21315627151765,43.4685442591831));
#9815=CARTESIAN_POINT('',(-35.92155655846,9.40388100200929,43.9685442591831));
#9816=CARTESIAN_POINT('Ctrl Pts',(-35.92155655846,9.40388100200929,43.9685442591831));
#9817=CARTESIAN_POINT('Ctrl Pts',(-35.856529828161,9.29984586292543,43.9685442591831));
#9818=CARTESIAN_POINT('Ctrl Pts',(-35.7014810107648,9.21315627151765,43.9685442591831));
#9819=CARTESIAN_POINT('',(-35.92155655846,9.40388100200929,43.4685442591831));
#9820=CARTESIAN_POINT('',(-35.92155655846,9.40388100200929,43.9685442591831));
#9821=CARTESIAN_POINT('Ctrl Pts',(-35.92155655846,9.40388100200929,43.4685442591831));
#9822=CARTESIAN_POINT('Ctrl Pts',(-35.856529828161,9.29984586292543,43.4685442591831));
#9823=CARTESIAN_POINT('Ctrl Pts',(-35.7014810107648,9.21315627151765,43.4685442591831));
#9824=CARTESIAN_POINT('Ctrl Pts',(-35.9865832142532,9.66872172409333,43.9685442591831));
#9825=CARTESIAN_POINT('Ctrl Pts',(-35.9865832142532,9.66872172409333,43.4685442591831));
#9826=CARTESIAN_POINT('Ctrl Pts',(-35.9865832142532,9.5079155450467,43.9685442591831));
#9827=CARTESIAN_POINT('Ctrl Pts',(-35.9865832142532,9.5079155450467,43.4685442591831));
#9828=CARTESIAN_POINT('Ctrl Pts',(-35.92155655846,9.40388100200929,43.9685442591831));
#9829=CARTESIAN_POINT('Ctrl Pts',(-35.92155655846,9.40388100200929,43.4685442591831));
#9830=CARTESIAN_POINT('',(-35.9865832142532,9.66872172409333,43.9685442591831));
#9831=CARTESIAN_POINT('Ctrl Pts',(-35.9865832142532,9.66872172409333,43.9685442591831));
#9832=CARTESIAN_POINT('Ctrl Pts',(-35.9865832142532,9.5079155450467,43.9685442591831));
#9833=CARTESIAN_POINT('Ctrl Pts',(-35.92155655846,9.40388100200929,43.9685442591831));
#9834=CARTESIAN_POINT('',(-35.9865832142532,9.66872172409333,43.4685442591831));
#9835=CARTESIAN_POINT('',(-35.9865832142532,9.66872172409333,43.9685442591831));
#9836=CARTESIAN_POINT('Ctrl Pts',(-35.9865832142532,9.66872172409333,43.4685442591831));
#9837=CARTESIAN_POINT('Ctrl Pts',(-35.9865832142532,9.5079155450467,43.4685442591831));
#9838=CARTESIAN_POINT('Ctrl Pts',(-35.92155655846,9.40388100200929,43.4685442591831));
#9839=CARTESIAN_POINT('Ctrl Pts',(-35.8399040065705,9.99192314201631,43.9685442591831));
#9840=CARTESIAN_POINT('Ctrl Pts',(-35.8399040065705,9.99192314201631,43.4685442591831));
#9841=CARTESIAN_POINT('Ctrl Pts',(-35.9865832142532,9.86898975425996,43.9685442591831));
#9842=CARTESIAN_POINT('Ctrl Pts',(-35.9865832142532,9.86898975425996,43.4685442591831));
#9843=CARTESIAN_POINT('Ctrl Pts',(-35.9865832142532,9.66872172409333,43.9685442591831));
#9844=CARTESIAN_POINT('Ctrl Pts',(-35.9865832142532,9.66872172409333,43.4685442591831));
#9845=CARTESIAN_POINT('',(-35.8399040065705,9.99192314201631,43.9685442591831));
#9846=CARTESIAN_POINT('Ctrl Pts',(-35.8399040065705,9.99192314201631,43.9685442591831));
#9847=CARTESIAN_POINT('Ctrl Pts',(-35.9865832142532,9.86898975425996,43.9685442591831));
#9848=CARTESIAN_POINT('Ctrl Pts',(-35.9865832142532,9.66872172409333,43.9685442591831));
#9849=CARTESIAN_POINT('',(-35.8399040065705,9.99192314201631,43.4685442591831));
#9850=CARTESIAN_POINT('',(-35.8399040065705,9.99192314201631,43.9685442591831));
#9851=CARTESIAN_POINT('Ctrl Pts',(-35.8399040065705,9.99192314201631,43.4685442591831));
#9852=CARTESIAN_POINT('Ctrl Pts',(-35.9865832142532,9.86898975425996,43.4685442591831));
#9853=CARTESIAN_POINT('Ctrl Pts',(-35.9865832142532,9.66872172409333,43.4685442591831));
#9854=CARTESIAN_POINT('Ctrl Pts',(-35.3930495493114,10.1148562317494,43.9685442591831));
#9855=CARTESIAN_POINT('Ctrl Pts',(-35.3930495493114,10.1148562317494,43.4685442591831));
#9856=CARTESIAN_POINT('Ctrl Pts',(-35.6932247988879,10.1148562317494,43.9685442591831));
#9857=CARTESIAN_POINT('Ctrl Pts',(-35.6932247988879,10.1148562317494,43.4685442591831));
#9858=CARTESIAN_POINT('Ctrl Pts',(-35.8399040065705,9.99192314201631,43.9685442591831));
#9859=CARTESIAN_POINT('Ctrl Pts',(-35.8399040065705,9.99192314201631,43.4685442591831));
#9860=CARTESIAN_POINT('',(-35.3930495493114,10.1148562317494,43.9685442591831));
#9861=CARTESIAN_POINT('Ctrl Pts',(-35.3930495493114,10.1148562317494,43.9685442591831));
#9862=CARTESIAN_POINT('Ctrl Pts',(-35.6932247988879,10.1148562317494,43.9685442591831));
#9863=CARTESIAN_POINT('Ctrl Pts',(-35.8399040065705,9.99192314201631,43.9685442591831));
#9864=CARTESIAN_POINT('',(-35.3930495493114,10.1148562317494,43.4685442591831));
#9865=CARTESIAN_POINT('',(-35.3930495493114,10.1148562317494,43.9685442591831));
#9866=CARTESIAN_POINT('Ctrl Pts',(-35.3930495493114,10.1148562317494,43.4685442591831));
#9867=CARTESIAN_POINT('Ctrl Pts',(-35.6932247988879,10.1148562317494,43.4685442591831));
#9868=CARTESIAN_POINT('Ctrl Pts',(-35.8399040065705,9.99192314201631,43.4685442591831));
#9869=CARTESIAN_POINT('Ctrl Pts',(-34.9738797359168,10.063046980441,43.9685442591831));
#9870=CARTESIAN_POINT('Ctrl Pts',(-34.9738797359168,10.063046980441,43.4685442591831));
#9871=CARTESIAN_POINT('Ctrl Pts',(-35.1785412244498,10.1148562317494,43.9685442591831));
#9872=CARTESIAN_POINT('Ctrl Pts',(-35.1785412244498,10.1148562317494,43.4685442591831));
#9873=CARTESIAN_POINT('Ctrl Pts',(-35.3930495493114,10.1148562317494,43.9685442591831));
#9874=CARTESIAN_POINT('Ctrl Pts',(-35.3930495493114,10.1148562317494,43.4685442591831));
#9875=CARTESIAN_POINT('',(-34.9738797359168,10.063046980441,43.9685442591831));
#9876=CARTESIAN_POINT('Ctrl Pts',(-34.9738797359168,10.063046980441,43.9685442591831));
#9877=CARTESIAN_POINT('Ctrl Pts',(-35.1785412244498,10.1148562317494,43.9685442591831));
#9878=CARTESIAN_POINT('Ctrl Pts',(-35.3930495493114,10.1148562317494,43.9685442591831));
#9879=CARTESIAN_POINT('',(-34.9738797359168,10.063046980441,43.4685442591831));
#9880=CARTESIAN_POINT('',(-34.9738797359168,10.063046980441,43.9685442591831));
#9881=CARTESIAN_POINT('Ctrl Pts',(-34.9738797359168,10.063046980441,43.4685442591831));
#9882=CARTESIAN_POINT('Ctrl Pts',(-35.1785412244498,10.1148562317494,43.4685442591831));
#9883=CARTESIAN_POINT('Ctrl Pts',(-35.3930495493114,10.1148562317494,43.4685442591831));
#9884=CARTESIAN_POINT('Ctrl Pts',(-34.5520588569343,9.93412988239564,43.9685442591831));
#9885=CARTESIAN_POINT('Ctrl Pts',(-34.5520588569343,9.93412988239564,43.4685442591831));
#9886=CARTESIAN_POINT('Ctrl Pts',(-34.7692182473838,10.0112374311093,43.9685442591831));
#9887=CARTESIAN_POINT('Ctrl Pts',(-34.7692182473838,10.0112374311093,43.4685442591831));
#9888=CARTESIAN_POINT('Ctrl Pts',(-34.9738797359168,10.063046980441,43.9685442591831));
#9889=CARTESIAN_POINT('Ctrl Pts',(-34.9738797359168,10.063046980441,43.4685442591831));
#9890=CARTESIAN_POINT('',(-34.5520588569343,9.93412988239564,43.9685442591831));
#9891=CARTESIAN_POINT('Ctrl Pts',(-34.5520588569343,9.93412988239564,43.9685442591831));
#9892=CARTESIAN_POINT('Ctrl Pts',(-34.7692182473838,10.0112374311093,43.9685442591831));
#9893=CARTESIAN_POINT('Ctrl Pts',(-34.9738797359168,10.063046980441,43.9685442591831));
#9894=CARTESIAN_POINT('',(-34.5520588569343,9.93412988239564,43.4685442591831));
#9895=CARTESIAN_POINT('',(-34.5520588569343,9.93412988239564,43.9685442591831));
#9896=CARTESIAN_POINT('Ctrl Pts',(-34.5520588569343,9.93412988239564,43.4685442591831));
#9897=CARTESIAN_POINT('Ctrl Pts',(-34.7692182473838,10.0112374311093,43.4685442591831));
#9898=CARTESIAN_POINT('Ctrl Pts',(-34.9738797359168,10.063046980441,43.4685442591831));
#9899=CARTESIAN_POINT('Origin',(-34.3982218019664,10.3704180007581,43.9685442591831));
#9900=CARTESIAN_POINT('',(-34.3982218019664,10.3704180007581,43.9685442591831));
#9901=CARTESIAN_POINT('',(-29.489231848266,24.2925123258683,43.9685442591831));
#9902=CARTESIAN_POINT('',(-34.3982218019664,10.3704180007581,43.4685442591831));
#9903=CARTESIAN_POINT('',(-34.3982218019664,10.3704180007581,43.9685442591831));
#9904=CARTESIAN_POINT('',(-34.3982218019664,10.3704180007581,43.4685442591831));
#9905=CARTESIAN_POINT('Ctrl Pts',(-34.8593161813914,10.5289511566762,43.9685442591831));
#9906=CARTESIAN_POINT('Ctrl Pts',(-34.8593161813914,10.5289511566762,43.4685442591831));
#9907=CARTESIAN_POINT('Ctrl Pts',(-34.6202288381755,10.4752482658032,43.9685442591831));
#9908=CARTESIAN_POINT('Ctrl Pts',(-34.6202288381755,10.4752482658032,43.4685442591831));
#9909=CARTESIAN_POINT('Ctrl Pts',(-34.3982218019664,10.3704180007581,43.9685442591831));
#9910=CARTESIAN_POINT('Ctrl Pts',(-34.3982218019664,10.3704180007581,43.4685442591831));
#9911=CARTESIAN_POINT('',(-34.8593161813914,10.5289511566762,43.9685442591831));
#9912=CARTESIAN_POINT('Ctrl Pts',(-34.8593161813914,10.5289511566762,43.9685442591831));
#9913=CARTESIAN_POINT('Ctrl Pts',(-34.6202288381755,10.4752482658032,43.9685442591831));
#9914=CARTESIAN_POINT('Ctrl Pts',(-34.3982218019664,10.3704180007581,43.9685442591831));
#9915=CARTESIAN_POINT('',(-34.8593161813914,10.5289511566762,43.4685442591831));
#9916=CARTESIAN_POINT('',(-34.8593161813914,10.5289511566762,43.9685442591831));
#9917=CARTESIAN_POINT('Ctrl Pts',(-34.8593161813914,10.5289511566762,43.4685442591831));
#9918=CARTESIAN_POINT('Ctrl Pts',(-34.6202288381755,10.4752482658032,43.4685442591831));
#9919=CARTESIAN_POINT('Ctrl Pts',(-34.3982218019664,10.3704180007581,43.4685442591831));
#9920=CARTESIAN_POINT('Ctrl Pts',(-35.3835058026015,10.5826540475491,43.9685442591831));
#9921=CARTESIAN_POINT('Ctrl Pts',(-35.3835058026015,10.5826540475491,43.4685442591831));
#9922=CARTESIAN_POINT('Ctrl Pts',(-35.098403673619,10.5826540475491,43.9685442591831));
#9923=CARTESIAN_POINT('Ctrl Pts',(-35.098403673619,10.5826540475491,43.4685442591831));
#9924=CARTESIAN_POINT('Ctrl Pts',(-34.8593161813914,10.5289511566762,43.9685442591831));
#9925=CARTESIAN_POINT('Ctrl Pts',(-34.8593161813914,10.5289511566762,43.4685442591831));
#9926=CARTESIAN_POINT('',(-35.3835058026015,10.5826540475491,43.9685442591831));
#9927=CARTESIAN_POINT('Ctrl Pts',(-35.3835058026015,10.5826540475491,43.9685442591831));
#9928=CARTESIAN_POINT('Ctrl Pts',(-35.098403673619,10.5826540475491,43.9685442591831));
#9929=CARTESIAN_POINT('Ctrl Pts',(-34.8593161813914,10.5289511566762,43.9685442591831));
#9930=CARTESIAN_POINT('',(-35.3835058026015,10.5826540475491,43.4685442591831));
#9931=CARTESIAN_POINT('',(-35.3835058026015,10.5826540475491,43.9685442591831));
#9932=CARTESIAN_POINT('Ctrl Pts',(-35.3835058026015,10.5826540475491,43.4685442591831));
#9933=CARTESIAN_POINT('Ctrl Pts',(-35.098403673619,10.5826540475491,43.4685442591831));
#9934=CARTESIAN_POINT('Ctrl Pts',(-34.8593161813914,10.5289511566762,43.4685442591831));
#9935=CARTESIAN_POINT('Ctrl Pts',(-35.9693133644759,10.4728244429234,43.9685442591831));
#9936=CARTESIAN_POINT('Ctrl Pts',(-35.9693133644759,10.4728244429234,43.4685442591831));
#9937=CARTESIAN_POINT('Ctrl Pts',(-35.7122366689145,10.5826540475491,43.9685442591831));
#9938=CARTESIAN_POINT('Ctrl Pts',(-35.7122366689145,10.5826540475491,43.4685442591831));
#9939=CARTESIAN_POINT('Ctrl Pts',(-35.3835058026015,10.5826540475491,43.9685442591831));
#9940=CARTESIAN_POINT('Ctrl Pts',(-35.3835058026015,10.5826540475491,43.4685442591831));
#9941=CARTESIAN_POINT('',(-35.9693133644759,10.4728244429234,43.9685442591831));
#9942=CARTESIAN_POINT('Ctrl Pts',(-35.9693133644759,10.4728244429234,43.9685442591831));
#9943=CARTESIAN_POINT('Ctrl Pts',(-35.7122366689145,10.5826540475491,43.9685442591831));
#9944=CARTESIAN_POINT('Ctrl Pts',(-35.3835058026015,10.5826540475491,43.9685442591831));
#9945=CARTESIAN_POINT('',(-35.9693133644759,10.4728244429234,43.4685442591831));
#9946=CARTESIAN_POINT('',(-35.9693133644759,10.4728244429234,43.9685442591831));
#9947=CARTESIAN_POINT('Ctrl Pts',(-35.9693133644759,10.4728244429234,43.4685442591831));
#9948=CARTESIAN_POINT('Ctrl Pts',(-35.7122366689145,10.5826540475491,43.4685442591831));
#9949=CARTESIAN_POINT('Ctrl Pts',(-35.3835058026015,10.5826540475491,43.4685442591831));
#9950=CARTESIAN_POINT('Ctrl Pts',(-36.3713271357119,10.1605679278974,43.9685442591831));
#9951=CARTESIAN_POINT('Ctrl Pts',(-36.3713271357119,10.1605679278974,43.4685442591831));
#9952=CARTESIAN_POINT('Ctrl Pts',(-36.2263901345432,10.362995136321,43.9685442591831));
#9953=CARTESIAN_POINT('Ctrl Pts',(-36.2263901345432,10.362995136321,43.4685442591831));
#9954=CARTESIAN_POINT('Ctrl Pts',(-35.9693133644759,10.4728244429234,43.9685442591831));
#9955=CARTESIAN_POINT('Ctrl Pts',(-35.9693133644759,10.4728244429234,43.4685442591831));
#9956=CARTESIAN_POINT('',(-36.3713271357119,10.1605679278974,43.9685442591831));
#9957=CARTESIAN_POINT('Ctrl Pts',(-36.3713271357119,10.1605679278974,43.9685442591831));
#9958=CARTESIAN_POINT('Ctrl Pts',(-36.2263901345432,10.362995136321,43.9685442591831));
#9959=CARTESIAN_POINT('Ctrl Pts',(-35.9693133644759,10.4728244429234,43.9685442591831));
#9960=CARTESIAN_POINT('',(-36.3713271357119,10.1605679278974,43.4685442591831));
#9961=CARTESIAN_POINT('',(-36.3713271357119,10.1605679278974,43.9685442591831));
#9962=CARTESIAN_POINT('Ctrl Pts',(-36.3713271357119,10.1605679278974,43.4685442591831));
#9963=CARTESIAN_POINT('Ctrl Pts',(-36.2263901345432,10.362995136321,43.4685442591831));
#9964=CARTESIAN_POINT('Ctrl Pts',(-35.9693133644759,10.4728244429234,43.4685442591831));
#9965=CARTESIAN_POINT('Ctrl Pts',(-36.5162641555071,9.6734930759076,43.9685442591831));
#9966=CARTESIAN_POINT('Ctrl Pts',(-36.5162641555071,9.6734930759076,43.4685442591831));
#9967=CARTESIAN_POINT('Ctrl Pts',(-36.5162641555071,9.95814101749696,43.9685442591831));
#9968=CARTESIAN_POINT('Ctrl Pts',(-36.5162641555071,9.95814101749696,43.4685442591831));
#9969=CARTESIAN_POINT('Ctrl Pts',(-36.3713271357119,10.1605679278974,43.9685442591831));
#9970=CARTESIAN_POINT('Ctrl Pts',(-36.3713271357119,10.1605679278974,43.4685442591831));
#9971=CARTESIAN_POINT('',(-36.5162641555071,9.6734930759076,43.9685442591831));
#9972=CARTESIAN_POINT('Ctrl Pts',(-36.5162641555071,9.6734930759076,43.9685442591831));
#9973=CARTESIAN_POINT('Ctrl Pts',(-36.5162641555071,9.95814101749696,43.9685442591831));
#9974=CARTESIAN_POINT('Ctrl Pts',(-36.3713271357119,10.1605679278974,43.9685442591831));
#9975=CARTESIAN_POINT('',(-36.5162641555071,9.6734930759076,43.4685442591831));
#9976=CARTESIAN_POINT('',(-36.5162641555071,9.6734930759076,43.9685442591831));
#9977=CARTESIAN_POINT('Ctrl Pts',(-36.5162641555071,9.6734930759076,43.4685442591831));
#9978=CARTESIAN_POINT('Ctrl Pts',(-36.5162641555071,9.95814101749696,43.4685442591831));
#9979=CARTESIAN_POINT('Ctrl Pts',(-36.3713271357119,10.1605679278974,43.4685442591831));
#9980=CARTESIAN_POINT('Ctrl Pts',(-36.2841830961406,9.01921229416169,43.9685442591831));
#9981=CARTESIAN_POINT('Ctrl Pts',(-36.2841830961406,9.01921229416169,43.4685442591831));
#9982=CARTESIAN_POINT('Ctrl Pts',(-36.5162641555071,9.25879197174348,43.9685442591831));
#9983=CARTESIAN_POINT('Ctrl Pts',(-36.5162641555071,9.25879197174348,43.4685442591831));
#9984=CARTESIAN_POINT('Ctrl Pts',(-36.5162641555071,9.6734930759076,43.9685442591831));
#9985=CARTESIAN_POINT('Ctrl Pts',(-36.5162641555071,9.6734930759076,43.4685442591831));
#9986=CARTESIAN_POINT('',(-36.2841830961406,9.01921229416169,43.9685442591831));
#9987=CARTESIAN_POINT('Ctrl Pts',(-36.2841830961406,9.01921229416169,43.9685442591831));
#9988=CARTESIAN_POINT('Ctrl Pts',(-36.5162641555071,9.25879197174348,43.9685442591831));
#9989=CARTESIAN_POINT('Ctrl Pts',(-36.5162641555071,9.6734930759076,43.9685442591831));
#9990=CARTESIAN_POINT('',(-36.2841830961406,9.01921229416169,43.4685442591831));
#9991=CARTESIAN_POINT('',(-36.2841830961406,9.01921229416169,43.9685442591831));
#9992=CARTESIAN_POINT('Ctrl Pts',(-36.2841830961406,9.01921229416169,43.4685442591831));
#9993=CARTESIAN_POINT('Ctrl Pts',(-36.5162641555071,9.25879197174348,43.4685442591831));
#9994=CARTESIAN_POINT('Ctrl Pts',(-36.5162641555071,9.6734930759076,43.4685442591831));
#9995=CARTESIAN_POINT('Ctrl Pts',(-35.6094514392316,8.61913042122163,43.9685442591831));
#9996=CARTESIAN_POINT('Ctrl Pts',(-35.6094514392316,8.61913042122163,43.4685442591831));
#9997=CARTESIAN_POINT('Ctrl Pts',(-36.0521020554006,8.77963261657991,43.9685442591831));
#9998=CARTESIAN_POINT('Ctrl Pts',(-36.0521020554006,8.77963261657991,43.4685442591831));
#9999=CARTESIAN_POINT('Ctrl Pts',(-36.2841830961406,9.01921229416169,43.9685442591831));
#10000=CARTESIAN_POINT('Ctrl Pts',(-36.2841830961406,9.01921229416169,43.4685442591831));
#10001=CARTESIAN_POINT('',(-35.6094514392316,8.61913042122163,43.9685442591831));
#10002=CARTESIAN_POINT('Ctrl Pts',(-35.6094514392316,8.61913042122163,43.9685442591831));
#10003=CARTESIAN_POINT('Ctrl Pts',(-36.0521020554006,8.77963261657991,43.9685442591831));
#10004=CARTESIAN_POINT('Ctrl Pts',(-36.2841830961406,9.01921229416169,43.9685442591831));
#10005=CARTESIAN_POINT('',(-35.6094514392316,8.61913042122163,43.4685442591831));
#10006=CARTESIAN_POINT('',(-35.6094514392316,8.61913042122163,43.9685442591831));
#10007=CARTESIAN_POINT('Ctrl Pts',(-35.6094514392316,8.61913042122163,43.4685442591831));
#10008=CARTESIAN_POINT('Ctrl Pts',(-36.0521020554006,8.77963261657991,43.4685442591831));
#10009=CARTESIAN_POINT('Ctrl Pts',(-36.2841830961406,9.01921229416169,43.4685442591831));
#10010=CARTESIAN_POINT('Ctrl Pts',(-35.1370332948863,8.41757433468141,43.9685442591831));
#10011=CARTESIAN_POINT('Ctrl Pts',(-35.1370332948863,8.41757433468141,43.4685442591831));
#10012=CARTESIAN_POINT('Ctrl Pts',(-35.3025349788367,8.51051287704744,43.9685442591831));
#10013=CARTESIAN_POINT('Ctrl Pts',(-35.3025349788367,8.51051287704744,43.4685442591831));
#10014=CARTESIAN_POINT('Ctrl Pts',(-35.6094514392316,8.61913042122163,43.9685442591831));
#10015=CARTESIAN_POINT('Ctrl Pts',(-35.6094514392316,8.61913042122163,43.4685442591831));
#10016=CARTESIAN_POINT('',(-35.1370332948863,8.41757433468141,43.9685442591831));
#10017=CARTESIAN_POINT('Ctrl Pts',(-35.1370332948863,8.41757433468141,43.9685442591831));
#10018=CARTESIAN_POINT('Ctrl Pts',(-35.3025349788367,8.51051287704744,43.9685442591831));
#10019=CARTESIAN_POINT('Ctrl Pts',(-35.6094514392316,8.61913042122163,43.9685442591831));
#10020=CARTESIAN_POINT('',(-35.1370332948863,8.41757433468141,43.4685442591831));
#10021=CARTESIAN_POINT('',(-35.1370332948863,8.41757433468141,43.9685442591831));
#10022=CARTESIAN_POINT('Ctrl Pts',(-35.1370332948863,8.41757433468141,43.4685442591831));
#10023=CARTESIAN_POINT('Ctrl Pts',(-35.3025349788367,8.51051287704744,43.4685442591831));
#10024=CARTESIAN_POINT('Ctrl Pts',(-35.6094514392316,8.61913042122163,43.4685442591831));
#10025=CARTESIAN_POINT('Ctrl Pts',(-34.9069216661155,8.22124438339509,43.9685442591831));
#10026=CARTESIAN_POINT('Ctrl Pts',(-34.9069216661155,8.22124438339509,43.4685442591831));
#10027=CARTESIAN_POINT('Ctrl Pts',(-34.9715316109359,8.32463579231538,43.9685442591831));
#10028=CARTESIAN_POINT('Ctrl Pts',(-34.9715316109359,8.32463579231538,43.4685442591831));
#10029=CARTESIAN_POINT('Ctrl Pts',(-35.1370332948863,8.41757433468141,43.9685442591831));
#10030=CARTESIAN_POINT('Ctrl Pts',(-35.1370332948863,8.41757433468141,43.4685442591831));
#10031=CARTESIAN_POINT('',(-34.9069216661155,8.22124438339509,43.9685442591831));
#10032=CARTESIAN_POINT('Ctrl Pts',(-34.9069216661155,8.22124438339509,43.9685442591831));
#10033=CARTESIAN_POINT('Ctrl Pts',(-34.9715316109359,8.32463579231538,43.9685442591831));
#10034=CARTESIAN_POINT('Ctrl Pts',(-35.1370332948863,8.41757433468141,43.9685442591831));
#10035=CARTESIAN_POINT('',(-34.9069216661155,8.22124438339509,43.4685442591831));
#10036=CARTESIAN_POINT('',(-34.9069216661155,8.22124438339509,43.9685442591831));
#10037=CARTESIAN_POINT('Ctrl Pts',(-34.9069216661155,8.22124438339509,43.4685442591831));
#10038=CARTESIAN_POINT('Ctrl Pts',(-34.9715316109359,8.32463579231538,43.4685442591831));
#10039=CARTESIAN_POINT('Ctrl Pts',(-35.1370332948863,8.41757433468141,43.4685442591831));
#10040=CARTESIAN_POINT('Ctrl Pts',(-34.8423115722835,7.96621339374818,43.9685442591831));
#10041=CARTESIAN_POINT('Ctrl Pts',(-34.8423115722835,7.96621339374818,43.4685442591831));
#10042=CARTESIAN_POINT('Ctrl Pts',(-34.8423115722835,8.11785357052125,43.9685442591831));
#10043=CARTESIAN_POINT('Ctrl Pts',(-34.8423115722835,8.11785357052125,43.4685442591831));
#10044=CARTESIAN_POINT('Ctrl Pts',(-34.9069216661155,8.22124438339509,43.9685442591831));
#10045=CARTESIAN_POINT('Ctrl Pts',(-34.9069216661155,8.22124438339509,43.4685442591831));
#10046=CARTESIAN_POINT('',(-34.8423115722835,7.96621339374818,43.9685442591831));
#10047=CARTESIAN_POINT('Ctrl Pts',(-34.8423115722835,7.96621339374818,43.9685442591831));
#10048=CARTESIAN_POINT('Ctrl Pts',(-34.8423115722835,8.11785357052125,43.9685442591831));
#10049=CARTESIAN_POINT('Ctrl Pts',(-34.9069216661155,8.22124438339509,43.9685442591831));
#10050=CARTESIAN_POINT('',(-34.8423115722835,7.96621339374818,43.4685442591831));
#10051=CARTESIAN_POINT('',(-34.8423115722835,7.96621339374818,43.9685442591831));
#10052=CARTESIAN_POINT('Ctrl Pts',(-34.8423115722835,7.96621339374818,43.4685442591831));
#10053=CARTESIAN_POINT('Ctrl Pts',(-34.8423115722835,8.11785357052125,43.4685442591831));
#10054=CARTESIAN_POINT('Ctrl Pts',(-34.9069216661155,8.22124438339509,43.4685442591831));
#10055=CARTESIAN_POINT('Ctrl Pts',(-35.0191749446094,7.59839789921083,43.9685442591831));
#10056=CARTESIAN_POINT('Ctrl Pts',(-35.0191749446094,7.59839789921083,43.4685442591831));
#10057=CARTESIAN_POINT('Ctrl Pts',(-34.8423115722835,7.73382918888368,43.9685442591831));
#10058=CARTESIAN_POINT('Ctrl Pts',(-34.8423115722835,7.73382918888368,43.4685442591831));
#10059=CARTESIAN_POINT('Ctrl Pts',(-34.8423115722835,7.96621339374818,43.9685442591831));
#10060=CARTESIAN_POINT('Ctrl Pts',(-34.8423115722835,7.96621339374818,43.4685442591831));
#10061=CARTESIAN_POINT('',(-35.0191749446094,7.59839789921083,43.9685442591831));
#10062=CARTESIAN_POINT('Ctrl Pts',(-35.0191749446094,7.59839789921083,43.9685442591831));
#10063=CARTESIAN_POINT('Ctrl Pts',(-34.8423115722835,7.73382918888368,43.9685442591831));
#10064=CARTESIAN_POINT('Ctrl Pts',(-34.8423115722835,7.96621339374818,43.9685442591831));
#10065=CARTESIAN_POINT('',(-35.0191749446094,7.59839789921083,43.4685442591831));
#10066=CARTESIAN_POINT('',(-35.0191749446094,7.59839789921083,43.9685442591831));
#10067=CARTESIAN_POINT('Ctrl Pts',(-35.0191749446094,7.59839789921083,43.4685442591831));
#10068=CARTESIAN_POINT('Ctrl Pts',(-34.8423115722835,7.73382918888368,43.4685442591831));
#10069=CARTESIAN_POINT('Ctrl Pts',(-34.8423115722835,7.96621339374818,43.4685442591831));
#10070=CARTESIAN_POINT('Ctrl Pts',(-35.5594601295888,7.46296720558442,43.9685442591831));
#10071=CARTESIAN_POINT('Ctrl Pts',(-35.5594601295888,7.46296720558442,43.4685442591831));
#10072=CARTESIAN_POINT('Ctrl Pts',(-35.1960381679237,7.46296720558442,43.9685442591831));
#10073=CARTESIAN_POINT('Ctrl Pts',(-35.1960381679237,7.46296720558442,43.4685442591831));
#10074=CARTESIAN_POINT('Ctrl Pts',(-35.0191749446094,7.59839789921083,43.9685442591831));
#10075=CARTESIAN_POINT('Ctrl Pts',(-35.0191749446094,7.59839789921083,43.4685442591831));
#10076=CARTESIAN_POINT('',(-35.5594601295888,7.46296720558442,43.9685442591831));
#10077=CARTESIAN_POINT('Ctrl Pts',(-35.5594601295888,7.46296720558442,43.9685442591831));
#10078=CARTESIAN_POINT('Ctrl Pts',(-35.1960381679237,7.46296720558442,43.9685442591831));
#10079=CARTESIAN_POINT('Ctrl Pts',(-35.0191749446094,7.59839789921083,43.9685442591831));
#10080=CARTESIAN_POINT('',(-35.5594601295888,7.46296720558442,43.4685442591831));
#10081=CARTESIAN_POINT('',(-35.5594601295888,7.46296720558442,43.9685442591831));
#10082=CARTESIAN_POINT('Ctrl Pts',(-35.5594601295888,7.46296720558442,43.4685442591831));
#10083=CARTESIAN_POINT('Ctrl Pts',(-35.1960381679237,7.46296720558442,43.4685442591831));
#10084=CARTESIAN_POINT('Ctrl Pts',(-35.0191749446094,7.59839789921083,43.4685442591831));
#10085=CARTESIAN_POINT('Ctrl Pts',(-36.0749769769609,7.52375202232637,43.9685442591831));
#10086=CARTESIAN_POINT('Ctrl Pts',(-36.0749769769609,7.52375202232637,43.4685442591831));
#10087=CARTESIAN_POINT('Ctrl Pts',(-35.8249445073306,7.46296720558442,43.9685442591831));
#10088=CARTESIAN_POINT('Ctrl Pts',(-35.8249445073306,7.46296720558442,43.4685442591831));
#10089=CARTESIAN_POINT('Ctrl Pts',(-35.5594601295888,7.46296720558442,43.9685442591831));
#10090=CARTESIAN_POINT('Ctrl Pts',(-35.5594601295888,7.46296720558442,43.4685442591831));
#10091=CARTESIAN_POINT('',(-36.0749769769609,7.52375202232637,43.9685442591831));
#10092=CARTESIAN_POINT('Ctrl Pts',(-36.0749769769609,7.52375202232637,43.9685442591831));
#10093=CARTESIAN_POINT('Ctrl Pts',(-35.8249445073306,7.46296720558442,43.9685442591831));
#10094=CARTESIAN_POINT('Ctrl Pts',(-35.5594601295888,7.46296720558442,43.9685442591831));
#10095=CARTESIAN_POINT('',(-36.0749769769609,7.52375202232637,43.4685442591831));
#10096=CARTESIAN_POINT('',(-36.0749769769609,7.52375202232637,43.9685442591831));
#10097=CARTESIAN_POINT('Ctrl Pts',(-36.0749769769609,7.52375202232637,43.4685442591831));
#10098=CARTESIAN_POINT('Ctrl Pts',(-35.8249445073306,7.46296720558442,43.4685442591831));
#10099=CARTESIAN_POINT('Ctrl Pts',(-35.5594601295888,7.46296720558442,43.4685442591831));
#10100=CARTESIAN_POINT('Ctrl Pts',(-36.5590598247945,7.66755299621858,43.9685442591831));
#10101=CARTESIAN_POINT('Ctrl Pts',(-36.5590598247945,7.66755299621858,43.4685442591831));
#10102=CARTESIAN_POINT('Ctrl Pts',(-36.3250094093382,7.58453683906831,43.9685442591831));
#10103=CARTESIAN_POINT('Ctrl Pts',(-36.3250094093382,7.58453683906831,43.4685442591831));
#10104=CARTESIAN_POINT('Ctrl Pts',(-36.0749769769609,7.52375202232637,43.9685442591831));
#10105=CARTESIAN_POINT('Ctrl Pts',(-36.0749769769609,7.52375202232637,43.4685442591831));
#10106=CARTESIAN_POINT('',(-36.5590598247945,7.66755299621858,43.9685442591831));
#10107=CARTESIAN_POINT('Ctrl Pts',(-36.5590598247945,7.66755299621858,43.9685442591831));
#10108=CARTESIAN_POINT('Ctrl Pts',(-36.3250094093382,7.58453683906831,43.9685442591831));
#10109=CARTESIAN_POINT('Ctrl Pts',(-36.0749769769609,7.52375202232637,43.9685442591831));
#10110=CARTESIAN_POINT('',(-36.5590598247945,7.66755299621858,43.4685442591831));
#10111=CARTESIAN_POINT('',(-36.5590598247945,7.66755299621858,43.9685442591831));
#10112=CARTESIAN_POINT('Ctrl Pts',(-36.5590598247945,7.66755299621858,43.4685442591831));
#10113=CARTESIAN_POINT('Ctrl Pts',(-36.3250094093382,7.58453683906831,43.4685442591831));
#10114=CARTESIAN_POINT('Ctrl Pts',(-36.0749769769609,7.52375202232637,43.4685442591831));
#10115=CARTESIAN_POINT('Origin',(-36.5590598247945,7.1790011411313,43.9685442591831));
#10116=CARTESIAN_POINT('',(-36.5590598247945,7.1790011411313,43.9685442591831));
#10117=CARTESIAN_POINT('',(-36.5590598247945,18.3632547294501,43.9685442591831));
#10118=CARTESIAN_POINT('',(-36.5590598247945,7.1790011411313,43.4685442591831));
#10119=CARTESIAN_POINT('',(-36.5590598247945,7.1790011411313,43.9685442591831));
#10120=CARTESIAN_POINT('',(-36.5590598247945,7.1790011411313,43.4685442591831));
#10121=CARTESIAN_POINT('Ctrl Pts',(-36.117355953902,7.0430775170926,43.9685442591831));
#10122=CARTESIAN_POINT('Ctrl Pts',(-36.117355953902,7.0430775170926,43.4685442591831));
#10123=CARTESIAN_POINT('Ctrl Pts',(-36.3618212006986,7.086213994563,43.9685442591831));
#10124=CARTESIAN_POINT('Ctrl Pts',(-36.3618212006986,7.086213994563,43.4685442591831));
#10125=CARTESIAN_POINT('Ctrl Pts',(-36.5590598247945,7.1790011411313,43.9685442591831));
#10126=CARTESIAN_POINT('Ctrl Pts',(-36.5590598247945,7.1790011411313,43.4685442591831));
#10127=CARTESIAN_POINT('',(-36.117355953902,7.0430775170926,43.9685442591831));
#10128=CARTESIAN_POINT('Ctrl Pts',(-36.117355953902,7.0430775170926,43.9685442591831));
#10129=CARTESIAN_POINT('Ctrl Pts',(-36.3618212006986,7.086213994563,43.9685442591831));
#10130=CARTESIAN_POINT('Ctrl Pts',(-36.5590598247945,7.1790011411313,43.9685442591831));
#10131=CARTESIAN_POINT('',(-36.117355953902,7.0430775170926,43.4685442591831));
#10132=CARTESIAN_POINT('',(-36.117355953902,7.0430775170926,43.9685442591831));
#10133=CARTESIAN_POINT('Ctrl Pts',(-36.117355953902,7.0430775170926,43.4685442591831));
#10134=CARTESIAN_POINT('Ctrl Pts',(-36.3618212006986,7.086213994563,43.4685442591831));
#10135=CARTESIAN_POINT('Ctrl Pts',(-36.5590598247945,7.1790011411313,43.4685442591831));
#10136=CARTESIAN_POINT('Ctrl Pts',(-35.5784719996154,6.9999410396222,43.9685442591831));
#10137=CARTESIAN_POINT('Ctrl Pts',(-35.5784719996154,6.9999410396222,43.4685442591831));
#10138=CARTESIAN_POINT('Ctrl Pts',(-35.8728906325996,6.9999410396222,43.9685442591831));
#10139=CARTESIAN_POINT('Ctrl Pts',(-35.8728906325996,6.9999410396222,43.4685442591831));
#10140=CARTESIAN_POINT('Ctrl Pts',(-36.117355953902,7.0430775170926,43.9685442591831));
#10141=CARTESIAN_POINT('Ctrl Pts',(-36.117355953902,7.0430775170926,43.4685442591831));
#10142=CARTESIAN_POINT('',(-35.5784719996154,6.9999410396222,43.9685442591831));
#10143=CARTESIAN_POINT('Ctrl Pts',(-35.5784719996154,6.9999410396222,43.9685442591831));
#10144=CARTESIAN_POINT('Ctrl Pts',(-35.8728906325996,6.9999410396222,43.9685442591831));
#10145=CARTESIAN_POINT('Ctrl Pts',(-36.117355953902,7.0430775170926,43.9685442591831));
#10146=CARTESIAN_POINT('',(-35.5784719996154,6.9999410396222,43.4685442591831));
#10147=CARTESIAN_POINT('',(-35.5784719996154,6.9999410396222,43.9685442591831));
#10148=CARTESIAN_POINT('Ctrl Pts',(-35.5784719996154,6.9999410396222,43.4685442591831));
#10149=CARTESIAN_POINT('Ctrl Pts',(-35.8728906325996,6.9999410396222,43.4685442591831));
#10150=CARTESIAN_POINT('Ctrl Pts',(-36.117355953902,7.0430775170926,43.4685442591831));
#10151=CARTESIAN_POINT('Ctrl Pts',(-34.661736767739,7.26447837406434,43.9685442591831));
#10152=CARTESIAN_POINT('Ctrl Pts',(-34.661736767739,7.26447837406434,43.4685442591831));
#10153=CARTESIAN_POINT('Ctrl Pts',(-35.0061468593776,6.9999410396222,43.9685442591831));
#10154=CARTESIAN_POINT('Ctrl Pts',(-35.0061468593776,6.9999410396222,43.4685442591831));
#10155=CARTESIAN_POINT('Ctrl Pts',(-35.5784719996154,6.9999410396222,43.9685442591831));
#10156=CARTESIAN_POINT('Ctrl Pts',(-35.5784719996154,6.9999410396222,43.4685442591831));
#10157=CARTESIAN_POINT('',(-34.661736767739,7.26447837406434,43.9685442591831));
#10158=CARTESIAN_POINT('Ctrl Pts',(-34.661736767739,7.26447837406434,43.9685442591831));
#10159=CARTESIAN_POINT('Ctrl Pts',(-35.0061468593776,6.9999410396222,43.9685442591831));
#10160=CARTESIAN_POINT('Ctrl Pts',(-35.5784719996154,6.9999410396222,43.9685442591831));
#10161=CARTESIAN_POINT('',(-34.661736767739,7.26447837406434,43.4685442591831));
#10162=CARTESIAN_POINT('',(-34.661736767739,7.26447837406434,43.9685442591831));
#10163=CARTESIAN_POINT('Ctrl Pts',(-34.661736767739,7.26447837406434,43.4685442591831));
#10164=CARTESIAN_POINT('Ctrl Pts',(-35.0061468593776,6.9999410396222,43.4685442591831));
#10165=CARTESIAN_POINT('Ctrl Pts',(-35.5784719996154,6.9999410396222,43.4685442591831));
#10166=CARTESIAN_POINT('Ctrl Pts',(-34.3173268251121,8.00431268268861,43.9685442591831));
#10167=CARTESIAN_POINT('Ctrl Pts',(-34.3173268251121,8.00431268268861,43.4685442591831));
#10168=CARTESIAN_POINT('Ctrl Pts',(-34.3173268251121,7.52901630455293,43.9685442591831));
#10169=CARTESIAN_POINT('Ctrl Pts',(-34.3173268251121,7.52901630455293,43.4685442591831));
#10170=CARTESIAN_POINT('Ctrl Pts',(-34.661736767739,7.26447837406434,43.9685442591831));
#10171=CARTESIAN_POINT('Ctrl Pts',(-34.661736767739,7.26447837406434,43.4685442591831));
#10172=CARTESIAN_POINT('',(-34.3173268251121,8.00431268268861,43.9685442591831));
#10173=CARTESIAN_POINT('Ctrl Pts',(-34.3173268251121,8.00431268268861,43.9685442591831));
#10174=CARTESIAN_POINT('Ctrl Pts',(-34.3173268251121,7.52901630455293,43.9685442591831));
#10175=CARTESIAN_POINT('Ctrl Pts',(-34.661736767739,7.26447837406434,43.9685442591831));
#10176=CARTESIAN_POINT('',(-34.3173268251121,8.00431268268861,43.4685442591831));
#10177=CARTESIAN_POINT('',(-34.3173268251121,8.00431268268861,43.9685442591831));
#10178=CARTESIAN_POINT('Ctrl Pts',(-34.3173268251121,8.00431268268861,43.4685442591831));
#10179=CARTESIAN_POINT('Ctrl Pts',(-34.3173268251121,7.52901630455293,43.4685442591831));
#10180=CARTESIAN_POINT('Ctrl Pts',(-34.661736767739,7.26447837406434,43.4685442591831));
#10181=CARTESIAN_POINT('Ctrl Pts',(-34.4303753785789,8.46654312664308,43.9685442591831));
#10182=CARTESIAN_POINT('Ctrl Pts',(-34.4303753785789,8.46654312664308,43.4685442591831));
#10183=CARTESIAN_POINT('Ctrl Pts',(-34.3173268251121,8.28070418888368,43.9685442591831));
#10184=CARTESIAN_POINT('Ctrl Pts',(-34.3173268251121,8.28070418888368,43.4685442591831));
#10185=CARTESIAN_POINT('Ctrl Pts',(-34.3173268251121,8.00431268268861,43.9685442591831));
#10186=CARTESIAN_POINT('Ctrl Pts',(-34.3173268251121,8.00431268268861,43.4685442591831));
#10187=CARTESIAN_POINT('Ctrl Pts',(-34.4303753785789,8.46654312664308,43.9685442591831));
#10188=CARTESIAN_POINT('Ctrl Pts',(-34.3173268251121,8.28070418888368,43.9685442591831));
#10189=CARTESIAN_POINT('Ctrl Pts',(-34.3173268251121,8.00431268268861,43.9685442591831));
#10190=CARTESIAN_POINT('Ctrl Pts',(-34.4303753785789,8.46654312664308,43.4685442591831));
#10191=CARTESIAN_POINT('Ctrl Pts',(-34.3173268251121,8.28070418888368,43.4685442591831));
#10192=CARTESIAN_POINT('Ctrl Pts',(-34.3173268251121,8.00431268268861,43.4685442591831));
#10193=CARTESIAN_POINT('Origin',(-28.4993191994726,8.79129754358567,43.4685442591831));
#10194=CARTESIAN_POINT('Ctrl Pts',(-29.6500292234122,9.29211990886964,43.9685442591831));
#10195=CARTESIAN_POINT('Ctrl Pts',(-29.6500292234122,9.29211990886964,43.4685442591831));
#10196=CARTESIAN_POINT('Ctrl Pts',(-30.0146630220115,9.29211990886964,43.9685442591831));
#10197=CARTESIAN_POINT('Ctrl Pts',(-30.0146630220115,9.29211990886964,43.4685442591831));
#10198=CARTESIAN_POINT('Ctrl Pts',(-30.1790663413703,9.05212359482087,43.9685442591831));
#10199=CARTESIAN_POINT('Ctrl Pts',(-30.1790663413703,9.05212359482087,43.4685442591831));
#10200=CARTESIAN_POINT('',(-29.6500292234122,9.29211990886964,43.9685442591831));
#10201=CARTESIAN_POINT('',(-30.1790663413703,9.05212359482087,43.9685442591831));
#10202=CARTESIAN_POINT('Ctrl Pts',(-29.6500292234122,9.29211990886964,43.9685442591831));
#10203=CARTESIAN_POINT('Ctrl Pts',(-30.0146630220115,9.29211990886964,43.9685442591831));
#10204=CARTESIAN_POINT('Ctrl Pts',(-30.1790663413703,9.05212359482087,43.9685442591831));
#10205=CARTESIAN_POINT('',(-29.6500292234122,9.29211990886964,43.4685442591831));
#10206=CARTESIAN_POINT('',(-29.6500292234122,9.29211990886964,43.9685442591831));
#10207=CARTESIAN_POINT('',(-30.1790663413703,9.05212359482087,43.4685442591831));
#10208=CARTESIAN_POINT('Ctrl Pts',(-29.6500292234122,9.29211990886964,43.4685442591831));
#10209=CARTESIAN_POINT('Ctrl Pts',(-30.0146630220115,9.29211990886964,43.4685442591831));
#10210=CARTESIAN_POINT('Ctrl Pts',(-30.1790663413703,9.05212359482087,43.4685442591831));
#10211=CARTESIAN_POINT('',(-30.1790663413703,9.05212359482087,43.9685442591831));
#10212=CARTESIAN_POINT('Ctrl Pts',(-29.1164853982627,9.05144171768464,43.9685442591831));
#10213=CARTESIAN_POINT('Ctrl Pts',(-29.1164853982627,9.05144171768464,43.4685442591831));
#10214=CARTESIAN_POINT('Ctrl Pts',(-29.2858496122062,9.29211990886964,43.9685442591831));
#10215=CARTESIAN_POINT('Ctrl Pts',(-29.2858496122062,9.29211990886964,43.4685442591831));
#10216=CARTESIAN_POINT('Ctrl Pts',(-29.6500292234122,9.29211990886964,43.9685442591831));
#10217=CARTESIAN_POINT('Ctrl Pts',(-29.6500292234122,9.29211990886964,43.4685442591831));
#10218=CARTESIAN_POINT('',(-29.1164853982627,9.05144171768464,43.9685442591831));
#10219=CARTESIAN_POINT('Ctrl Pts',(-29.1164853982627,9.05144171768464,43.9685442591831));
#10220=CARTESIAN_POINT('Ctrl Pts',(-29.2858496122062,9.29211990886964,43.9685442591831));
#10221=CARTESIAN_POINT('Ctrl Pts',(-29.6500292234122,9.29211990886964,43.9685442591831));
#10222=CARTESIAN_POINT('',(-29.1164853982627,9.05144171768464,43.4685442591831));
#10223=CARTESIAN_POINT('',(-29.1164853982627,9.05144171768464,43.9685442591831));
#10224=CARTESIAN_POINT('Ctrl Pts',(-29.1164853982627,9.05144171768464,43.4685442591831));
#10225=CARTESIAN_POINT('Ctrl Pts',(-29.2858496122062,9.29211990886964,43.4685442591831));
#10226=CARTESIAN_POINT('Ctrl Pts',(-29.6500292234122,9.29211990886964,43.4685442591831));
#10227=CARTESIAN_POINT('Ctrl Pts',(-28.9471205882728,8.37523298317231,43.9685442591831));
#10228=CARTESIAN_POINT('Ctrl Pts',(-28.9471205882728,8.37523298317231,43.4685442591831));
#10229=CARTESIAN_POINT('Ctrl Pts',(-28.9471205882728,8.81076352649965,43.9685442591831));
#10230=CARTESIAN_POINT('Ctrl Pts',(-28.9471205882728,8.81076352649965,43.4685442591831));
#10231=CARTESIAN_POINT('Ctrl Pts',(-29.1164853982627,9.05144171768464,43.9685442591831));
#10232=CARTESIAN_POINT('Ctrl Pts',(-29.1164853982627,9.05144171768464,43.4685442591831));
#10233=CARTESIAN_POINT('',(-28.9471205882728,8.37523298317231,43.9685442591831));
#10234=CARTESIAN_POINT('Ctrl Pts',(-28.9471205882728,8.37523298317231,43.9685442591831));
#10235=CARTESIAN_POINT('Ctrl Pts',(-28.9471205882728,8.81076352649965,43.9685442591831));
#10236=CARTESIAN_POINT('Ctrl Pts',(-29.1164853982627,9.05144171768464,43.9685442591831));
#10237=CARTESIAN_POINT('',(-28.9471205882728,8.37523298317231,43.4685442591831));
#10238=CARTESIAN_POINT('',(-28.9471205882728,8.37523298317231,43.9685442591831));
#10239=CARTESIAN_POINT('Ctrl Pts',(-28.9471205882728,8.37523298317231,43.4685442591831));
#10240=CARTESIAN_POINT('Ctrl Pts',(-28.9471205882728,8.81076352649965,43.4685442591831));
#10241=CARTESIAN_POINT('Ctrl Pts',(-29.1164853982627,9.05144171768464,43.4685442591831));
#10242=CARTESIAN_POINT('Ctrl Pts',(-29.1171291284263,7.68751101547517,43.9685442591831));
#10243=CARTESIAN_POINT('Ctrl Pts',(-29.1171291284263,7.68751101547517,43.4685442591831));
#10244=CARTESIAN_POINT('Ctrl Pts',(-28.9471205882728,7.93583946281709,43.9685442591831));
#10245=CARTESIAN_POINT('Ctrl Pts',(-28.9471205882728,7.93583946281709,43.4685442591831));
#10246=CARTESIAN_POINT('Ctrl Pts',(-28.9471205882728,8.37523298317231,43.9685442591831));
#10247=CARTESIAN_POINT('Ctrl Pts',(-28.9471205882728,8.37523298317231,43.4685442591831));
#10248=CARTESIAN_POINT('',(-29.1171291284263,7.68751101547517,43.9685442591831));
#10249=CARTESIAN_POINT('Ctrl Pts',(-29.1171291284263,7.68751101547517,43.9685442591831));
#10250=CARTESIAN_POINT('Ctrl Pts',(-28.9471205882728,7.93583946281709,43.9685442591831));
#10251=CARTESIAN_POINT('Ctrl Pts',(-28.9471205882728,8.37523298317231,43.9685442591831));
#10252=CARTESIAN_POINT('',(-29.1171291284263,7.68751101547517,43.4685442591831));
#10253=CARTESIAN_POINT('',(-29.1171291284263,7.68751101547517,43.9685442591831));
#10254=CARTESIAN_POINT('Ctrl Pts',(-29.1171291284263,7.68751101547517,43.4685442591831));
#10255=CARTESIAN_POINT('Ctrl Pts',(-28.9471205882728,7.93583946281709,43.4685442591831));
#10256=CARTESIAN_POINT('Ctrl Pts',(-28.9471205882728,8.37523298317231,43.4685442591831));
#10257=CARTESIAN_POINT('Ctrl Pts',(-29.6452572755515,7.4391831641797,43.9685442591831));
#10258=CARTESIAN_POINT('Ctrl Pts',(-29.6452572755515,7.4391831641797,43.4685442591831));
#10259=CARTESIAN_POINT('Ctrl Pts',(-29.2871370725333,7.4391831641797,43.9685442591831));
#10260=CARTESIAN_POINT('Ctrl Pts',(-29.2871370725333,7.4391831641797,43.4685442591831));
#10261=CARTESIAN_POINT('Ctrl Pts',(-29.1171291284263,7.68751101547517,43.9685442591831));
#10262=CARTESIAN_POINT('Ctrl Pts',(-29.1171291284263,7.68751101547517,43.4685442591831));
#10263=CARTESIAN_POINT('',(-29.6452572755515,7.4391831641797,43.9685442591831));
#10264=CARTESIAN_POINT('Ctrl Pts',(-29.6452572755515,7.4391831641797,43.9685442591831));
#10265=CARTESIAN_POINT('Ctrl Pts',(-29.2871370725333,7.4391831641797,43.9685442591831));
#10266=CARTESIAN_POINT('Ctrl Pts',(-29.1171291284263,7.68751101547517,43.9685442591831));
#10267=CARTESIAN_POINT('',(-29.6452572755515,7.4391831641797,43.4685442591831));
#10268=CARTESIAN_POINT('',(-29.6452572755515,7.4391831641797,43.9685442591831));
#10269=CARTESIAN_POINT('Ctrl Pts',(-29.6452572755515,7.4391831641797,43.4685442591831));
#10270=CARTESIAN_POINT('Ctrl Pts',(-29.2871370725333,7.4391831641797,43.4685442591831));
#10271=CARTESIAN_POINT('Ctrl Pts',(-29.1171291284263,7.68751101547517,43.4685442591831));
#10272=CARTESIAN_POINT('Ctrl Pts',(-30.1759609393775,7.68705682808198,43.9685442591831));
#10273=CARTESIAN_POINT('Ctrl Pts',(-30.1759609393775,7.68705682808198,43.4685442591831));
#10274=CARTESIAN_POINT('Ctrl Pts',(-30.0084522180259,7.4391831641797,43.9685442591831));
#10275=CARTESIAN_POINT('Ctrl Pts',(-30.0084522180259,7.4391831641797,43.4685442591831));
#10276=CARTESIAN_POINT('Ctrl Pts',(-29.6452572755515,7.4391831641797,43.9685442591831));
#10277=CARTESIAN_POINT('Ctrl Pts',(-29.6452572755515,7.4391831641797,43.4685442591831));
#10278=CARTESIAN_POINT('',(-30.1759609393775,7.68705682808198,43.9685442591831));
#10279=CARTESIAN_POINT('Ctrl Pts',(-30.1759609393775,7.68705682808198,43.9685442591831));
#10280=CARTESIAN_POINT('Ctrl Pts',(-30.0084522180259,7.4391831641797,43.9685442591831));
#10281=CARTESIAN_POINT('Ctrl Pts',(-29.6452572755515,7.4391831641797,43.9685442591831));
#10282=CARTESIAN_POINT('',(-30.1759609393775,7.68705682808198,43.4685442591831));
#10283=CARTESIAN_POINT('',(-30.1759609393775,7.68705682808198,43.9685442591831));
#10284=CARTESIAN_POINT('Ctrl Pts',(-30.1759609393775,7.68705682808198,43.4685442591831));
#10285=CARTESIAN_POINT('Ctrl Pts',(-30.0084522180259,7.4391831641797,43.4685442591831));
#10286=CARTESIAN_POINT('Ctrl Pts',(-29.6452572755515,7.4391831641797,43.4685442591831));
#10287=CARTESIAN_POINT('Ctrl Pts',(-30.3434696607291,8.37523298317231,43.9685442591831));
#10288=CARTESIAN_POINT('Ctrl Pts',(-30.3434696607291,8.37523298317231,43.4685442591831));
#10289=CARTESIAN_POINT('Ctrl Pts',(-30.3434696607291,7.93493049198426,43.9685442591831));
#10290=CARTESIAN_POINT('Ctrl Pts',(-30.3434696607291,7.93493049198426,43.4685442591831));
#10291=CARTESIAN_POINT('Ctrl Pts',(-30.1759609393775,7.68705682808198,43.9685442591831));
#10292=CARTESIAN_POINT('Ctrl Pts',(-30.1759609393775,7.68705682808198,43.4685442591831));
#10293=CARTESIAN_POINT('',(-30.3434696607291,8.37523298317231,43.9685442591831));
#10294=CARTESIAN_POINT('Ctrl Pts',(-30.3434696607291,8.37523298317231,43.9685442591831));
#10295=CARTESIAN_POINT('Ctrl Pts',(-30.3434696607291,7.93493049198426,43.9685442591831));
#10296=CARTESIAN_POINT('Ctrl Pts',(-30.1759609393775,7.68705682808198,43.9685442591831));
#10297=CARTESIAN_POINT('',(-30.3434696607291,8.37523298317231,43.4685442591831));
#10298=CARTESIAN_POINT('',(-30.3434696607291,8.37523298317231,43.9685442591831));
#10299=CARTESIAN_POINT('Ctrl Pts',(-30.3434696607291,8.37523298317231,43.4685442591831));
#10300=CARTESIAN_POINT('Ctrl Pts',(-30.3434696607291,7.93493049198426,43.4685442591831));
#10301=CARTESIAN_POINT('Ctrl Pts',(-30.1759609393775,7.68705682808198,43.4685442591831));
#10302=CARTESIAN_POINT('Ctrl Pts',(-30.1790663413703,9.05212359482087,43.9685442591831));
#10303=CARTESIAN_POINT('Ctrl Pts',(-30.1790663413703,9.05212359482087,43.4685442591831));
#10304=CARTESIAN_POINT('Ctrl Pts',(-30.3434696607291,8.81212728077211,43.9685442591831));
#10305=CARTESIAN_POINT('Ctrl Pts',(-30.3434696607291,8.81212728077211,43.4685442591831));
#10306=CARTESIAN_POINT('Ctrl Pts',(-30.3434696607291,8.37523298317231,43.9685442591831));
#10307=CARTESIAN_POINT('Ctrl Pts',(-30.3434696607291,8.37523298317231,43.4685442591831));
#10308=CARTESIAN_POINT('Ctrl Pts',(-30.1790663413703,9.05212359482087,43.9685442591831));
#10309=CARTESIAN_POINT('Ctrl Pts',(-30.3434696607291,8.81212728077211,43.9685442591831));
#10310=CARTESIAN_POINT('Ctrl Pts',(-30.3434696607291,8.37523298317231,43.9685442591831));
#10311=CARTESIAN_POINT('Ctrl Pts',(-30.1790663413703,9.05212359482087,43.4685442591831));
#10312=CARTESIAN_POINT('Ctrl Pts',(-30.3434696607291,8.81212728077211,43.4685442591831));
#10313=CARTESIAN_POINT('Ctrl Pts',(-30.3434696607291,8.37523298317231,43.4685442591831));
#10314=CARTESIAN_POINT('Ctrl Pts',(-29.0038910321891,9.5746846681241,43.9685442591831));
#10315=CARTESIAN_POINT('Ctrl Pts',(-29.0038910321891,9.5746846681241,43.4685442591831));
#10316=CARTESIAN_POINT('Ctrl Pts',(-28.7282189540565,9.41323475891389,43.9685442591831));
#10317=CARTESIAN_POINT('Ctrl Pts',(-28.7282189540565,9.41323475891389,43.4685442591831));
#10318=CARTESIAN_POINT('Ctrl Pts',(-28.5728290490806,9.10984056049623,43.9685442591831));
#10319=CARTESIAN_POINT('Ctrl Pts',(-28.5728290490806,9.10984056049623,43.4685442591831));
#10320=CARTESIAN_POINT('',(-29.0038910321891,9.5746846681241,43.9685442591831));
#10321=CARTESIAN_POINT('',(-28.5728290490806,9.10984056049623,43.9685442591831));
#10322=CARTESIAN_POINT('Ctrl Pts',(-29.0038910321891,9.5746846681241,43.9685442591831));
#10323=CARTESIAN_POINT('Ctrl Pts',(-28.7282189540565,9.41323475891389,43.9685442591831));
#10324=CARTESIAN_POINT('Ctrl Pts',(-28.5728290490806,9.10984056049623,43.9685442591831));
#10325=CARTESIAN_POINT('',(-29.0038910321891,9.5746846681241,43.4685442591831));
#10326=CARTESIAN_POINT('',(-29.0038910321891,9.5746846681241,43.9685442591831));
#10327=CARTESIAN_POINT('',(-28.5728290490806,9.10984056049623,43.4685442591831));
#10328=CARTESIAN_POINT('Ctrl Pts',(-29.0038910321891,9.5746846681241,43.4685442591831));
#10329=CARTESIAN_POINT('Ctrl Pts',(-28.7282189540565,9.41323475891389,43.4685442591831));
#10330=CARTESIAN_POINT('Ctrl Pts',(-28.5728290490806,9.10984056049623,43.4685442591831));
#10331=CARTESIAN_POINT('',(-28.5728290490806,9.10984056049623,43.9685442591831));
#10332=CARTESIAN_POINT('Ctrl Pts',(-29.6405610255897,9.73613338524141,43.9685442591831));
#10333=CARTESIAN_POINT('Ctrl Pts',(-29.6405610255897,9.73613338524141,43.4685442591831));
#10334=CARTESIAN_POINT('Ctrl Pts',(-29.2795631103217,9.73613338524141,43.9685442591831));
#10335=CARTESIAN_POINT('Ctrl Pts',(-29.2795631103217,9.73613338524141,43.4685442591831));
#10336=CARTESIAN_POINT('Ctrl Pts',(-29.0038910321891,9.5746846681241,43.9685442591831));
#10337=CARTESIAN_POINT('Ctrl Pts',(-29.0038910321891,9.5746846681241,43.4685442591831));
#10338=CARTESIAN_POINT('',(-29.6405610255897,9.73613338524141,43.9685442591831));
#10339=CARTESIAN_POINT('Ctrl Pts',(-29.6405610255897,9.73613338524141,43.9685442591831));
#10340=CARTESIAN_POINT('Ctrl Pts',(-29.2795631103217,9.73613338524141,43.9685442591831));
#10341=CARTESIAN_POINT('Ctrl Pts',(-29.0038910321891,9.5746846681241,43.9685442591831));
#10342=CARTESIAN_POINT('',(-29.6405610255897,9.73613338524141,43.4685442591831));
#10343=CARTESIAN_POINT('',(-29.6405610255897,9.73613338524141,43.9685442591831));
#10344=CARTESIAN_POINT('Ctrl Pts',(-29.6405610255897,9.73613338524141,43.4685442591831));
#10345=CARTESIAN_POINT('Ctrl Pts',(-29.2795631103217,9.73613338524141,43.4685442591831));
#10346=CARTESIAN_POINT('Ctrl Pts',(-29.0038910321891,9.5746846681241,43.4685442591831));
#10347=CARTESIAN_POINT('Ctrl Pts',(-30.5414274148643,9.37964277321138,43.9685442591831));
#10348=CARTESIAN_POINT('Ctrl Pts',(-30.5414274148643,9.37964277321138,43.4685442591831));
#10349=CARTESIAN_POINT('Ctrl Pts',(-30.2097049169242,9.73613338524141,43.9685442591831));
#10350=CARTESIAN_POINT('Ctrl Pts',(-30.2097049169242,9.73613338524141,43.4685442591831));
#10351=CARTESIAN_POINT('Ctrl Pts',(-29.6405610255897,9.73613338524141,43.9685442591831));
#10352=CARTESIAN_POINT('Ctrl Pts',(-29.6405610255897,9.73613338524141,43.4685442591831));
#10353=CARTESIAN_POINT('',(-30.5414274148643,9.37964277321138,43.9685442591831));
#10354=CARTESIAN_POINT('Ctrl Pts',(-30.5414274148643,9.37964277321138,43.9685442591831));
#10355=CARTESIAN_POINT('Ctrl Pts',(-30.2097049169242,9.73613338524141,43.9685442591831));
#10356=CARTESIAN_POINT('Ctrl Pts',(-29.6405610255897,9.73613338524141,43.9685442591831));
#10357=CARTESIAN_POINT('',(-30.5414274148643,9.37964277321138,43.4685442591831));
#10358=CARTESIAN_POINT('',(-30.5414274148643,9.37964277321138,43.9685442591831));
#10359=CARTESIAN_POINT('Ctrl Pts',(-30.5414274148643,9.37964277321138,43.4685442591831));
#10360=CARTESIAN_POINT('Ctrl Pts',(-30.2097049169242,9.73613338524141,43.4685442591831));
#10361=CARTESIAN_POINT('Ctrl Pts',(-29.6405610255897,9.73613338524141,43.4685442591831));
#10362=CARTESIAN_POINT('Ctrl Pts',(-30.8731505088508,8.37523298317231,43.9685442591831));
#10363=CARTESIAN_POINT('Ctrl Pts',(-30.8731505088508,8.37523298317231,43.4685442591831));
#10364=CARTESIAN_POINT('Ctrl Pts',(-30.8731505088508,9.02315096908845,43.9685442591831));
#10365=CARTESIAN_POINT('Ctrl Pts',(-30.8731505088508,9.02315096908845,43.4685442591831));
#10366=CARTESIAN_POINT('Ctrl Pts',(-30.5414274148643,9.37964277321138,43.9685442591831));
#10367=CARTESIAN_POINT('Ctrl Pts',(-30.5414274148643,9.37964277321138,43.4685442591831));
#10368=CARTESIAN_POINT('',(-30.8731505088508,8.37523298317231,43.9685442591831));
#10369=CARTESIAN_POINT('Ctrl Pts',(-30.8731505088508,8.37523298317231,43.9685442591831));
#10370=CARTESIAN_POINT('Ctrl Pts',(-30.8731505088508,9.02315096908845,43.9685442591831));
#10371=CARTESIAN_POINT('Ctrl Pts',(-30.5414274148643,9.37964277321138,43.9685442591831));
#10372=CARTESIAN_POINT('',(-30.8731505088508,8.37523298317231,43.4685442591831));
#10373=CARTESIAN_POINT('',(-30.8731505088508,8.37523298317231,43.9685442591831));
#10374=CARTESIAN_POINT('Ctrl Pts',(-30.8731505088508,8.37523298317231,43.4685442591831));
#10375=CARTESIAN_POINT('Ctrl Pts',(-30.8731505088508,9.02315096908845,43.4685442591831));
#10376=CARTESIAN_POINT('Ctrl Pts',(-30.5414274148643,9.37964277321138,43.4685442591831));
#10377=CARTESIAN_POINT('Ctrl Pts',(-30.7150342874229,7.63074057155885,43.9685442591831));
#10378=CARTESIAN_POINT('Ctrl Pts',(-30.7150342874229,7.63074057155885,43.4685442591831));
#10379=CARTESIAN_POINT('Ctrl Pts',(-30.8731505088508,7.93955104404725,43.9685442591831));
#10380=CARTESIAN_POINT('Ctrl Pts',(-30.8731505088508,7.93955104404725,43.4685442591831));
#10381=CARTESIAN_POINT('Ctrl Pts',(-30.8731505088508,8.37523298317231,43.9685442591831));
#10382=CARTESIAN_POINT('Ctrl Pts',(-30.8731505088508,8.37523298317231,43.4685442591831));
#10383=CARTESIAN_POINT('',(-30.7150342874229,7.63074057155885,43.9685442591831));
#10384=CARTESIAN_POINT('Ctrl Pts',(-30.7150342874229,7.63074057155885,43.9685442591831));
#10385=CARTESIAN_POINT('Ctrl Pts',(-30.8731505088508,7.93955104404725,43.9685442591831));
#10386=CARTESIAN_POINT('Ctrl Pts',(-30.8731505088508,8.37523298317231,43.9685442591831));
#10387=CARTESIAN_POINT('',(-30.7150342874229,7.63074057155885,43.4685442591831));
#10388=CARTESIAN_POINT('',(-30.7150342874229,7.63074057155885,43.9685442591831));
#10389=CARTESIAN_POINT('Ctrl Pts',(-30.7150342874229,7.63074057155885,43.4685442591831));
#10390=CARTESIAN_POINT('Ctrl Pts',(-30.8731505088508,7.93955104404725,43.4685442591831));
#10391=CARTESIAN_POINT('Ctrl Pts',(-30.8731505088508,8.37523298317231,43.4685442591831));
#10392=CARTESIAN_POINT('Ctrl Pts',(-30.282002966851,7.16093616539277,43.9685442591831));
#10393=CARTESIAN_POINT('Ctrl Pts',(-30.282002966851,7.16093616539277,43.4685442591831));
#10394=CARTESIAN_POINT('Ctrl Pts',(-30.5569174699485,7.32193069511689,43.9685442591831));
#10395=CARTESIAN_POINT('Ctrl Pts',(-30.5569174699485,7.32193069511689,43.4685442591831));
#10396=CARTESIAN_POINT('Ctrl Pts',(-30.7150342874229,7.63074057155885,43.9685442591831));
#10397=CARTESIAN_POINT('Ctrl Pts',(-30.7150342874229,7.63074057155885,43.4685442591831));
#10398=CARTESIAN_POINT('',(-30.282002966851,7.16093616539277,43.9685442591831));
#10399=CARTESIAN_POINT('Ctrl Pts',(-30.282002966851,7.16093616539277,43.9685442591831));
#10400=CARTESIAN_POINT('Ctrl Pts',(-30.5569174699485,7.32193069511689,43.9685442591831));
#10401=CARTESIAN_POINT('Ctrl Pts',(-30.7150342874229,7.63074057155885,43.9685442591831));
#10402=CARTESIAN_POINT('',(-30.282002966851,7.16093616539277,43.4685442591831));
#10403=CARTESIAN_POINT('',(-30.282002966851,7.16093616539277,43.9685442591831));
#10404=CARTESIAN_POINT('Ctrl Pts',(-30.282002966851,7.16093616539277,43.4685442591831));
#10405=CARTESIAN_POINT('Ctrl Pts',(-30.5569174699485,7.32193069511689,43.4685442591831));
#10406=CARTESIAN_POINT('Ctrl Pts',(-30.7150342874229,7.63074057155885,43.4685442591831));
#10407=CARTESIAN_POINT('Ctrl Pts',(-29.654801171273,6.9999410396222,43.9685442591831));
#10408=CARTESIAN_POINT('Ctrl Pts',(-29.654801171273,6.9999410396222,43.4685442591831));
#10409=CARTESIAN_POINT('Ctrl Pts',(-30.0070884637534,6.9999410396222,43.9685442591831));
#10410=CARTESIAN_POINT('Ctrl Pts',(-30.0070884637534,6.9999410396222,43.4685442591831));
#10411=CARTESIAN_POINT('Ctrl Pts',(-30.282002966851,7.16093616539277,43.9685442591831));
#10412=CARTESIAN_POINT('Ctrl Pts',(-30.282002966851,7.16093616539277,43.4685442591831));
#10413=CARTESIAN_POINT('',(-29.654801171273,6.9999410396222,43.9685442591831));
#10414=CARTESIAN_POINT('Ctrl Pts',(-29.654801171273,6.9999410396222,43.9685442591831));
#10415=CARTESIAN_POINT('Ctrl Pts',(-30.0070884637534,6.9999410396222,43.9685442591831));
#10416=CARTESIAN_POINT('Ctrl Pts',(-30.282002966851,7.16093616539277,43.9685442591831));
#10417=CARTESIAN_POINT('',(-29.654801171273,6.9999410396222,43.4685442591831));
#10418=CARTESIAN_POINT('',(-29.654801171273,6.9999410396222,43.9685442591831));
#10419=CARTESIAN_POINT('Ctrl Pts',(-29.654801171273,6.9999410396222,43.4685442591831));
#10420=CARTESIAN_POINT('Ctrl Pts',(-30.0070884637534,6.9999410396222,43.4685442591831));
#10421=CARTESIAN_POINT('Ctrl Pts',(-30.282002966851,7.16093616539277,43.4685442591831));
#10422=CARTESIAN_POINT('Ctrl Pts',(-28.752267640084,7.36207501941957,43.9685442591831));
#10423=CARTESIAN_POINT('Ctrl Pts',(-28.752267640084,7.36207501941957,43.4685442591831));
#10424=CARTESIAN_POINT('Ctrl Pts',(-29.0870961360633,6.9999410396222,43.9685442591831));
#10425=CARTESIAN_POINT('Ctrl Pts',(-29.0870961360633,6.9999410396222,43.4685442591831));
#10426=CARTESIAN_POINT('Ctrl Pts',(-29.654801171273,6.9999410396222,43.9685442591831));
#10427=CARTESIAN_POINT('Ctrl Pts',(-29.654801171273,6.9999410396222,43.4685442591831));
#10428=CARTESIAN_POINT('',(-28.752267640084,7.36207501941957,43.9685442591831));
#10429=CARTESIAN_POINT('Ctrl Pts',(-28.752267640084,7.36207501941957,43.9685442591831));
#10430=CARTESIAN_POINT('Ctrl Pts',(-29.0870961360633,6.9999410396222,43.9685442591831));
#10431=CARTESIAN_POINT('Ctrl Pts',(-29.654801171273,6.9999410396222,43.9685442591831));
#10432=CARTESIAN_POINT('',(-28.752267640084,7.36207501941957,43.4685442591831));
#10433=CARTESIAN_POINT('',(-28.752267640084,7.36207501941957,43.9685442591831));
#10434=CARTESIAN_POINT('Ctrl Pts',(-28.752267640084,7.36207501941957,43.4685442591831));
#10435=CARTESIAN_POINT('Ctrl Pts',(-29.0870961360633,6.9999410396222,43.4685442591831));
#10436=CARTESIAN_POINT('Ctrl Pts',(-29.654801171273,6.9999410396222,43.4685442591831));
#10437=CARTESIAN_POINT('Ctrl Pts',(-28.4174397401511,8.37523298317231,43.9685442591831));
#10438=CARTESIAN_POINT('Ctrl Pts',(-28.4174397401511,8.37523298317231,43.4685442591831));
#10439=CARTESIAN_POINT('Ctrl Pts',(-28.4174397401511,7.72420959526338,43.9685442591831));
#10440=CARTESIAN_POINT('Ctrl Pts',(-28.4174397401511,7.72420959526338,43.4685442591831));
#10441=CARTESIAN_POINT('Ctrl Pts',(-28.752267640084,7.36207501941957,43.9685442591831));
#10442=CARTESIAN_POINT('Ctrl Pts',(-28.752267640084,7.36207501941957,43.4685442591831));
#10443=CARTESIAN_POINT('',(-28.4174397401511,8.37523298317231,43.9685442591831));
#10444=CARTESIAN_POINT('Ctrl Pts',(-28.4174397401511,8.37523298317231,43.9685442591831));
#10445=CARTESIAN_POINT('Ctrl Pts',(-28.4174397401511,7.72420959526338,43.9685442591831));
#10446=CARTESIAN_POINT('Ctrl Pts',(-28.752267640084,7.36207501941957,43.9685442591831));
#10447=CARTESIAN_POINT('',(-28.4174397401511,8.37523298317231,43.4685442591831));
#10448=CARTESIAN_POINT('',(-28.4174397401511,8.37523298317231,43.9685442591831));
#10449=CARTESIAN_POINT('Ctrl Pts',(-28.4174397401511,8.37523298317231,43.4685442591831));
#10450=CARTESIAN_POINT('Ctrl Pts',(-28.4174397401511,7.72420959526338,43.4685442591831));
#10451=CARTESIAN_POINT('Ctrl Pts',(-28.752267640084,7.36207501941957,43.4685442591831));
#10452=CARTESIAN_POINT('Ctrl Pts',(-28.5728290490806,9.10984056049623,43.9685442591831));
#10453=CARTESIAN_POINT('Ctrl Pts',(-28.5728290490806,9.10984056049623,43.4685442591831));
#10454=CARTESIAN_POINT('Ctrl Pts',(-28.4174397401511,8.80644636207856,43.9685442591831));
#10455=CARTESIAN_POINT('Ctrl Pts',(-28.4174397401511,8.80644636207856,43.4685442591831));
#10456=CARTESIAN_POINT('Ctrl Pts',(-28.4174397401511,8.37523298317231,43.9685442591831));
#10457=CARTESIAN_POINT('Ctrl Pts',(-28.4174397401511,8.37523298317231,43.4685442591831));
#10458=CARTESIAN_POINT('Ctrl Pts',(-28.5728290490806,9.10984056049623,43.9685442591831));
#10459=CARTESIAN_POINT('Ctrl Pts',(-28.4174397401511,8.80644636207856,43.9685442591831));
#10460=CARTESIAN_POINT('Ctrl Pts',(-28.4174397401511,8.37523298317231,43.9685442591831));
#10461=CARTESIAN_POINT('Ctrl Pts',(-28.5728290490806,9.10984056049623,43.4685442591831));
#10462=CARTESIAN_POINT('Ctrl Pts',(-28.4174397401511,8.80644636207856,43.4685442591831));
#10463=CARTESIAN_POINT('Ctrl Pts',(-28.4174397401511,8.37523298317231,43.4685442591831));
#10464=CARTESIAN_POINT('Origin',(-28.4993191994726,8.79129754358567,43.4685442591831));
#10465=CARTESIAN_POINT('Ctrl Pts',(-26.7123558931052,9.29211990886964,43.9685442591831));
#10466=CARTESIAN_POINT('Ctrl Pts',(-26.7123558931052,9.29211990886964,43.4685442591831));
#10467=CARTESIAN_POINT('Ctrl Pts',(-27.0769896917045,9.29211990886964,43.9685442591831));
#10468=CARTESIAN_POINT('Ctrl Pts',(-27.0769896917045,9.29211990886964,43.4685442591831));
#10469=CARTESIAN_POINT('Ctrl Pts',(-27.2413930110633,9.05212359482087,43.9685442591831));
#10470=CARTESIAN_POINT('Ctrl Pts',(-27.2413930110633,9.05212359482087,43.4685442591831));
#10471=CARTESIAN_POINT('',(-26.7123558931052,9.29211990886964,43.9685442591831));
#10472=CARTESIAN_POINT('',(-27.2413930110633,9.05212359482087,43.9685442591831));
#10473=CARTESIAN_POINT('Ctrl Pts',(-26.7123558931052,9.29211990886964,43.9685442591831));
#10474=CARTESIAN_POINT('Ctrl Pts',(-27.0769896917045,9.29211990886964,43.9685442591831));
#10475=CARTESIAN_POINT('Ctrl Pts',(-27.2413930110633,9.05212359482087,43.9685442591831));
#10476=CARTESIAN_POINT('',(-26.7123558931052,9.29211990886964,43.4685442591831));
#10477=CARTESIAN_POINT('',(-26.7123558931052,9.29211990886964,43.9685442591831));
#10478=CARTESIAN_POINT('',(-27.2413930110633,9.05212359482087,43.4685442591831));
#10479=CARTESIAN_POINT('Ctrl Pts',(-26.7123558931052,9.29211990886964,43.4685442591831));
#10480=CARTESIAN_POINT('Ctrl Pts',(-27.0769896917045,9.29211990886964,43.4685442591831));
#10481=CARTESIAN_POINT('Ctrl Pts',(-27.2413930110633,9.05212359482087,43.4685442591831));
#10482=CARTESIAN_POINT('',(-27.2413930110633,9.05212359482087,43.9685442591831));
#10483=CARTESIAN_POINT('Ctrl Pts',(-26.1788120679557,9.05144171768464,43.9685442591831));
#10484=CARTESIAN_POINT('Ctrl Pts',(-26.1788120679557,9.05144171768464,43.4685442591831));
#10485=CARTESIAN_POINT('Ctrl Pts',(-26.3481762818992,9.29211990886964,43.9685442591831));
#10486=CARTESIAN_POINT('Ctrl Pts',(-26.3481762818992,9.29211990886964,43.4685442591831));
#10487=CARTESIAN_POINT('Ctrl Pts',(-26.7123558931052,9.29211990886964,43.9685442591831));
#10488=CARTESIAN_POINT('Ctrl Pts',(-26.7123558931052,9.29211990886964,43.4685442591831));
#10489=CARTESIAN_POINT('',(-26.1788120679557,9.05144171768464,43.9685442591831));
#10490=CARTESIAN_POINT('Ctrl Pts',(-26.1788120679557,9.05144171768464,43.9685442591831));
#10491=CARTESIAN_POINT('Ctrl Pts',(-26.3481762818992,9.29211990886964,43.9685442591831));
#10492=CARTESIAN_POINT('Ctrl Pts',(-26.7123558931052,9.29211990886964,43.9685442591831));
#10493=CARTESIAN_POINT('',(-26.1788120679557,9.05144171768464,43.4685442591831));
#10494=CARTESIAN_POINT('',(-26.1788120679557,9.05144171768464,43.9685442591831));
#10495=CARTESIAN_POINT('Ctrl Pts',(-26.1788120679557,9.05144171768464,43.4685442591831));
#10496=CARTESIAN_POINT('Ctrl Pts',(-26.3481762818992,9.29211990886964,43.4685442591831));
#10497=CARTESIAN_POINT('Ctrl Pts',(-26.7123558931052,9.29211990886964,43.4685442591831));
#10498=CARTESIAN_POINT('Ctrl Pts',(-26.0094466619193,8.37523298317231,43.9685442591831));
#10499=CARTESIAN_POINT('Ctrl Pts',(-26.0094466619193,8.37523298317231,43.4685442591831));
#10500=CARTESIAN_POINT('Ctrl Pts',(-26.0094466619193,8.81076352649965,43.9685442591831));
#10501=CARTESIAN_POINT('Ctrl Pts',(-26.0094466619193,8.81076352649965,43.4685442591831));
#10502=CARTESIAN_POINT('Ctrl Pts',(-26.1788120679557,9.05144171768464,43.9685442591831));
#10503=CARTESIAN_POINT('Ctrl Pts',(-26.1788120679557,9.05144171768464,43.4685442591831));
#10504=CARTESIAN_POINT('',(-26.0094466619193,8.37523298317231,43.9685442591831));
#10505=CARTESIAN_POINT('Ctrl Pts',(-26.0094466619193,8.37523298317231,43.9685442591831));
#10506=CARTESIAN_POINT('Ctrl Pts',(-26.0094466619193,8.81076352649965,43.9685442591831));
#10507=CARTESIAN_POINT('Ctrl Pts',(-26.1788120679557,9.05144171768464,43.9685442591831));
#10508=CARTESIAN_POINT('',(-26.0094466619193,8.37523298317231,43.4685442591831));
#10509=CARTESIAN_POINT('',(-26.0094466619193,8.37523298317231,43.9685442591831));
#10510=CARTESIAN_POINT('Ctrl Pts',(-26.0094466619193,8.37523298317231,43.4685442591831));
#10511=CARTESIAN_POINT('Ctrl Pts',(-26.0094466619193,8.81076352649965,43.4685442591831));
#10512=CARTESIAN_POINT('Ctrl Pts',(-26.1788120679557,9.05144171768464,43.4685442591831));
#10513=CARTESIAN_POINT('Ctrl Pts',(-26.1794557981193,7.68751101547517,43.9685442591831));
#10514=CARTESIAN_POINT('Ctrl Pts',(-26.1794557981193,7.68751101547517,43.4685442591831));
#10515=CARTESIAN_POINT('Ctrl Pts',(-26.0094466619193,7.93583946281709,43.9685442591831));
#10516=CARTESIAN_POINT('Ctrl Pts',(-26.0094466619193,7.93583946281709,43.4685442591831));
#10517=CARTESIAN_POINT('Ctrl Pts',(-26.0094466619193,8.37523298317231,43.9685442591831));
#10518=CARTESIAN_POINT('Ctrl Pts',(-26.0094466619193,8.37523298317231,43.4685442591831));
#10519=CARTESIAN_POINT('',(-26.1794557981193,7.68751101547517,43.9685442591831));
#10520=CARTESIAN_POINT('Ctrl Pts',(-26.1794557981193,7.68751101547517,43.9685442591831));
#10521=CARTESIAN_POINT('Ctrl Pts',(-26.0094466619193,7.93583946281709,43.9685442591831));
#10522=CARTESIAN_POINT('Ctrl Pts',(-26.0094466619193,8.37523298317231,43.9685442591831));
#10523=CARTESIAN_POINT('',(-26.1794557981193,7.68751101547517,43.4685442591831));
#10524=CARTESIAN_POINT('',(-26.1794557981193,7.68751101547517,43.9685442591831));
#10525=CARTESIAN_POINT('Ctrl Pts',(-26.1794557981193,7.68751101547517,43.4685442591831));
#10526=CARTESIAN_POINT('Ctrl Pts',(-26.0094466619193,7.93583946281709,43.4685442591831));
#10527=CARTESIAN_POINT('Ctrl Pts',(-26.0094466619193,8.37523298317231,43.4685442591831));
#10528=CARTESIAN_POINT('Ctrl Pts',(-26.7075839452445,7.4391831641797,43.9685442591831));
#10529=CARTESIAN_POINT('Ctrl Pts',(-26.7075839452445,7.4391831641797,43.4685442591831));
#10530=CARTESIAN_POINT('Ctrl Pts',(-26.3494637422263,7.4391831641797,43.9685442591831));
#10531=CARTESIAN_POINT('Ctrl Pts',(-26.3494637422263,7.4391831641797,43.4685442591831));
#10532=CARTESIAN_POINT('Ctrl Pts',(-26.1794557981193,7.68751101547517,43.9685442591831));
#10533=CARTESIAN_POINT('Ctrl Pts',(-26.1794557981193,7.68751101547517,43.4685442591831));
#10534=CARTESIAN_POINT('',(-26.7075839452445,7.4391831641797,43.9685442591831));
#10535=CARTESIAN_POINT('Ctrl Pts',(-26.7075839452445,7.4391831641797,43.9685442591831));
#10536=CARTESIAN_POINT('Ctrl Pts',(-26.3494637422263,7.4391831641797,43.9685442591831));
#10537=CARTESIAN_POINT('Ctrl Pts',(-26.1794557981193,7.68751101547517,43.9685442591831));
#10538=CARTESIAN_POINT('',(-26.7075839452445,7.4391831641797,43.4685442591831));
#10539=CARTESIAN_POINT('',(-26.7075839452445,7.4391831641797,43.9685442591831));
#10540=CARTESIAN_POINT('Ctrl Pts',(-26.7075839452445,7.4391831641797,43.4685442591831));
#10541=CARTESIAN_POINT('Ctrl Pts',(-26.3494637422263,7.4391831641797,43.4685442591831));
#10542=CARTESIAN_POINT('Ctrl Pts',(-26.1794557981193,7.68751101547517,43.4685442591831));
#10543=CARTESIAN_POINT('Ctrl Pts',(-27.2382876090705,7.68705682808198,43.9685442591831));
#10544=CARTESIAN_POINT('Ctrl Pts',(-27.2382876090705,7.68705682808198,43.4685442591831));
#10545=CARTESIAN_POINT('Ctrl Pts',(-27.0707788877189,7.4391831641797,43.9685442591831));
#10546=CARTESIAN_POINT('Ctrl Pts',(-27.0707788877189,7.4391831641797,43.4685442591831));
#10547=CARTESIAN_POINT('Ctrl Pts',(-26.7075839452445,7.4391831641797,43.9685442591831));
#10548=CARTESIAN_POINT('Ctrl Pts',(-26.7075839452445,7.4391831641797,43.4685442591831));
#10549=CARTESIAN_POINT('',(-27.2382876090705,7.68705682808198,43.9685442591831));
#10550=CARTESIAN_POINT('Ctrl Pts',(-27.2382876090705,7.68705682808198,43.9685442591831));
#10551=CARTESIAN_POINT('Ctrl Pts',(-27.0707788877189,7.4391831641797,43.9685442591831));
#10552=CARTESIAN_POINT('Ctrl Pts',(-26.7075839452445,7.4391831641797,43.9685442591831));
#10553=CARTESIAN_POINT('',(-27.2382876090705,7.68705682808198,43.4685442591831));
#10554=CARTESIAN_POINT('',(-27.2382876090705,7.68705682808198,43.9685442591831));
#10555=CARTESIAN_POINT('Ctrl Pts',(-27.2382876090705,7.68705682808198,43.4685442591831));
#10556=CARTESIAN_POINT('Ctrl Pts',(-27.0707788877189,7.4391831641797,43.4685442591831));
#10557=CARTESIAN_POINT('Ctrl Pts',(-26.7075839452445,7.4391831641797,43.4685442591831));
#10558=CARTESIAN_POINT('Ctrl Pts',(-27.4057963304221,8.37523298317231,43.9685442591831));
#10559=CARTESIAN_POINT('Ctrl Pts',(-27.4057963304221,8.37523298317231,43.4685442591831));
#10560=CARTESIAN_POINT('Ctrl Pts',(-27.4057963304221,7.93493049198426,43.9685442591831));
#10561=CARTESIAN_POINT('Ctrl Pts',(-27.4057963304221,7.93493049198426,43.4685442591831));
#10562=CARTESIAN_POINT('Ctrl Pts',(-27.2382876090705,7.68705682808198,43.9685442591831));
#10563=CARTESIAN_POINT('Ctrl Pts',(-27.2382876090705,7.68705682808198,43.4685442591831));
#10564=CARTESIAN_POINT('',(-27.4057963304221,8.37523298317231,43.9685442591831));
#10565=CARTESIAN_POINT('Ctrl Pts',(-27.4057963304221,8.37523298317231,43.9685442591831));
#10566=CARTESIAN_POINT('Ctrl Pts',(-27.4057963304221,7.93493049198426,43.9685442591831));
#10567=CARTESIAN_POINT('Ctrl Pts',(-27.2382876090705,7.68705682808198,43.9685442591831));
#10568=CARTESIAN_POINT('',(-27.4057963304221,8.37523298317231,43.4685442591831));
#10569=CARTESIAN_POINT('',(-27.4057963304221,8.37523298317231,43.9685442591831));
#10570=CARTESIAN_POINT('Ctrl Pts',(-27.4057963304221,8.37523298317231,43.4685442591831));
#10571=CARTESIAN_POINT('Ctrl Pts',(-27.4057963304221,7.93493049198426,43.4685442591831));
#10572=CARTESIAN_POINT('Ctrl Pts',(-27.2382876090705,7.68705682808198,43.4685442591831));
#10573=CARTESIAN_POINT('Ctrl Pts',(-27.2413930110633,9.05212359482087,43.9685442591831));
#10574=CARTESIAN_POINT('Ctrl Pts',(-27.2413930110633,9.05212359482087,43.4685442591831));
#10575=CARTESIAN_POINT('Ctrl Pts',(-27.4057963304221,8.81212728077211,43.9685442591831));
#10576=CARTESIAN_POINT('Ctrl Pts',(-27.4057963304221,8.81212728077211,43.4685442591831));
#10577=CARTESIAN_POINT('Ctrl Pts',(-27.4057963304221,8.37523298317231,43.9685442591831));
#10578=CARTESIAN_POINT('Ctrl Pts',(-27.4057963304221,8.37523298317231,43.4685442591831));
#10579=CARTESIAN_POINT('Ctrl Pts',(-27.2413930110633,9.05212359482087,43.9685442591831));
#10580=CARTESIAN_POINT('Ctrl Pts',(-27.4057963304221,8.81212728077211,43.9685442591831));
#10581=CARTESIAN_POINT('Ctrl Pts',(-27.4057963304221,8.37523298317231,43.9685442591831));
#10582=CARTESIAN_POINT('Ctrl Pts',(-27.2413930110633,9.05212359482087,43.4685442591831));
#10583=CARTESIAN_POINT('Ctrl Pts',(-27.4057963304221,8.81212728077211,43.4685442591831));
#10584=CARTESIAN_POINT('Ctrl Pts',(-27.4057963304221,8.37523298317231,43.4685442591831));
#10585=CARTESIAN_POINT('Ctrl Pts',(-26.0662177018821,9.5746846681241,43.9685442591831));
#10586=CARTESIAN_POINT('Ctrl Pts',(-26.0662177018821,9.5746846681241,43.4685442591831));
#10587=CARTESIAN_POINT('Ctrl Pts',(-25.7905462197959,9.41323475891389,43.9685442591831));
#10588=CARTESIAN_POINT('Ctrl Pts',(-25.7905462197959,9.41323475891389,43.4685442591831));
#10589=CARTESIAN_POINT('Ctrl Pts',(-25.6351557187736,9.10984056049623,43.9685442591831));
#10590=CARTESIAN_POINT('Ctrl Pts',(-25.6351557187736,9.10984056049623,43.4685442591831));
#10591=CARTESIAN_POINT('',(-26.0662177018821,9.5746846681241,43.9685442591831));
#10592=CARTESIAN_POINT('',(-25.6351557187736,9.10984056049623,43.9685442591831));
#10593=CARTESIAN_POINT('Ctrl Pts',(-26.0662177018821,9.5746846681241,43.9685442591831));
#10594=CARTESIAN_POINT('Ctrl Pts',(-25.7905462197959,9.41323475891389,43.9685442591831));
#10595=CARTESIAN_POINT('Ctrl Pts',(-25.6351557187736,9.10984056049623,43.9685442591831));
#10596=CARTESIAN_POINT('',(-26.0662177018821,9.5746846681241,43.4685442591831));
#10597=CARTESIAN_POINT('',(-26.0662177018821,9.5746846681241,43.9685442591831));
#10598=CARTESIAN_POINT('',(-25.6351557187736,9.10984056049623,43.4685442591831));
#10599=CARTESIAN_POINT('Ctrl Pts',(-26.0662177018821,9.5746846681241,43.4685442591831));
#10600=CARTESIAN_POINT('Ctrl Pts',(-25.7905462197959,9.41323475891389,43.4685442591831));
#10601=CARTESIAN_POINT('Ctrl Pts',(-25.6351557187736,9.10984056049623,43.4685442591831));
#10602=CARTESIAN_POINT('',(-25.6351557187736,9.10984056049623,43.9685442591831));
#10603=CARTESIAN_POINT('Ctrl Pts',(-26.7028882913291,9.73613338524141,43.9685442591831));
#10604=CARTESIAN_POINT('Ctrl Pts',(-26.7028882913291,9.73613338524141,43.4685442591831));
#10605=CARTESIAN_POINT('Ctrl Pts',(-26.3418891839683,9.73613338524141,43.9685442591831));
#10606=CARTESIAN_POINT('Ctrl Pts',(-26.3418891839683,9.73613338524141,43.4685442591831));
#10607=CARTESIAN_POINT('Ctrl Pts',(-26.0662177018821,9.5746846681241,43.9685442591831));
#10608=CARTESIAN_POINT('Ctrl Pts',(-26.0662177018821,9.5746846681241,43.4685442591831));
#10609=CARTESIAN_POINT('',(-26.7028882913291,9.73613338524141,43.9685442591831));
#10610=CARTESIAN_POINT('Ctrl Pts',(-26.7028882913291,9.73613338524141,43.9685442591831));
#10611=CARTESIAN_POINT('Ctrl Pts',(-26.3418891839683,9.73613338524141,43.9685442591831));
#10612=CARTESIAN_POINT('Ctrl Pts',(-26.0662177018821,9.5746846681241,43.9685442591831));
#10613=CARTESIAN_POINT('',(-26.7028882913291,9.73613338524141,43.4685442591831));
#10614=CARTESIAN_POINT('',(-26.7028882913291,9.73613338524141,43.9685442591831));
#10615=CARTESIAN_POINT('Ctrl Pts',(-26.7028882913291,9.73613338524141,43.4685442591831));
#10616=CARTESIAN_POINT('Ctrl Pts',(-26.3418891839683,9.73613338524141,43.4685442591831));
#10617=CARTESIAN_POINT('Ctrl Pts',(-26.0662177018821,9.5746846681241,43.4685442591831));
#10618=CARTESIAN_POINT('Ctrl Pts',(-27.6037540845573,9.37964277321138,43.9685442591831));
#10619=CARTESIAN_POINT('Ctrl Pts',(-27.6037540845573,9.37964277321138,43.4685442591831));
#10620=CARTESIAN_POINT('Ctrl Pts',(-27.2720315866172,9.73613338524141,43.9685442591831));
#10621=CARTESIAN_POINT('Ctrl Pts',(-27.2720315866172,9.73613338524141,43.4685442591831));
#10622=CARTESIAN_POINT('Ctrl Pts',(-26.7028882913291,9.73613338524141,43.9685442591831));
#10623=CARTESIAN_POINT('Ctrl Pts',(-26.7028882913291,9.73613338524141,43.4685442591831));
#10624=CARTESIAN_POINT('',(-27.6037540845573,9.37964277321138,43.9685442591831));
#10625=CARTESIAN_POINT('Ctrl Pts',(-27.6037540845573,9.37964277321138,43.9685442591831));
#10626=CARTESIAN_POINT('Ctrl Pts',(-27.2720315866172,9.73613338524141,43.9685442591831));
#10627=CARTESIAN_POINT('Ctrl Pts',(-26.7028882913291,9.73613338524141,43.9685442591831));
#10628=CARTESIAN_POINT('',(-27.6037540845573,9.37964277321138,43.4685442591831));
#10629=CARTESIAN_POINT('',(-27.6037540845573,9.37964277321138,43.9685442591831));
#10630=CARTESIAN_POINT('Ctrl Pts',(-27.6037540845573,9.37964277321138,43.4685442591831));
#10631=CARTESIAN_POINT('Ctrl Pts',(-27.2720315866172,9.73613338524141,43.4685442591831));
#10632=CARTESIAN_POINT('Ctrl Pts',(-26.7028882913291,9.73613338524141,43.4685442591831));
#10633=CARTESIAN_POINT('Ctrl Pts',(-27.9354771785438,8.37523298317231,43.9685442591831));
#10634=CARTESIAN_POINT('Ctrl Pts',(-27.9354771785438,8.37523298317231,43.4685442591831));
#10635=CARTESIAN_POINT('Ctrl Pts',(-27.9354771785438,9.02315096908845,43.9685442591831));
#10636=CARTESIAN_POINT('Ctrl Pts',(-27.9354771785438,9.02315096908845,43.4685442591831));
#10637=CARTESIAN_POINT('Ctrl Pts',(-27.6037540845573,9.37964277321138,43.9685442591831));
#10638=CARTESIAN_POINT('Ctrl Pts',(-27.6037540845573,9.37964277321138,43.4685442591831));
#10639=CARTESIAN_POINT('',(-27.9354771785438,8.37523298317231,43.9685442591831));
#10640=CARTESIAN_POINT('Ctrl Pts',(-27.9354771785438,8.37523298317231,43.9685442591831));
#10641=CARTESIAN_POINT('Ctrl Pts',(-27.9354771785438,9.02315096908845,43.9685442591831));
#10642=CARTESIAN_POINT('Ctrl Pts',(-27.6037540845573,9.37964277321138,43.9685442591831));
#10643=CARTESIAN_POINT('',(-27.9354771785438,8.37523298317231,43.4685442591831));
#10644=CARTESIAN_POINT('',(-27.9354771785438,8.37523298317231,43.9685442591831));
#10645=CARTESIAN_POINT('Ctrl Pts',(-27.9354771785438,8.37523298317231,43.4685442591831));
#10646=CARTESIAN_POINT('Ctrl Pts',(-27.9354771785438,9.02315096908845,43.4685442591831));
#10647=CARTESIAN_POINT('Ctrl Pts',(-27.6037540845573,9.37964277321138,43.4685442591831));
#10648=CARTESIAN_POINT('Ctrl Pts',(-27.7773609571159,7.63074057155885,43.9685442591831));
#10649=CARTESIAN_POINT('Ctrl Pts',(-27.7773609571159,7.63074057155885,43.4685442591831));
#10650=CARTESIAN_POINT('Ctrl Pts',(-27.9354771785438,7.93955104404725,43.9685442591831));
#10651=CARTESIAN_POINT('Ctrl Pts',(-27.9354771785438,7.93955104404725,43.4685442591831));
#10652=CARTESIAN_POINT('Ctrl Pts',(-27.9354771785438,8.37523298317231,43.9685442591831));
#10653=CARTESIAN_POINT('Ctrl Pts',(-27.9354771785438,8.37523298317231,43.4685442591831));
#10654=CARTESIAN_POINT('',(-27.7773609571159,7.63074057155885,43.9685442591831));
#10655=CARTESIAN_POINT('Ctrl Pts',(-27.7773609571159,7.63074057155885,43.9685442591831));
#10656=CARTESIAN_POINT('Ctrl Pts',(-27.9354771785438,7.93955104404725,43.9685442591831));
#10657=CARTESIAN_POINT('Ctrl Pts',(-27.9354771785438,8.37523298317231,43.9685442591831));
#10658=CARTESIAN_POINT('',(-27.7773609571159,7.63074057155885,43.4685442591831));
#10659=CARTESIAN_POINT('',(-27.7773609571159,7.63074057155885,43.9685442591831));
#10660=CARTESIAN_POINT('Ctrl Pts',(-27.7773609571159,7.63074057155885,43.4685442591831));
#10661=CARTESIAN_POINT('Ctrl Pts',(-27.9354771785438,7.93955104404725,43.4685442591831));
#10662=CARTESIAN_POINT('Ctrl Pts',(-27.9354771785438,8.37523298317231,43.4685442591831));
#10663=CARTESIAN_POINT('Ctrl Pts',(-27.344329636544,7.16093616539277,43.9685442591831));
#10664=CARTESIAN_POINT('Ctrl Pts',(-27.344329636544,7.16093616539277,43.4685442591831));
#10665=CARTESIAN_POINT('Ctrl Pts',(-27.6192441396415,7.32193069511689,43.9685442591831));
#10666=CARTESIAN_POINT('Ctrl Pts',(-27.6192441396415,7.32193069511689,43.4685442591831));
#10667=CARTESIAN_POINT('Ctrl Pts',(-27.7773609571159,7.63074057155885,43.9685442591831));
#10668=CARTESIAN_POINT('Ctrl Pts',(-27.7773609571159,7.63074057155885,43.4685442591831));
#10669=CARTESIAN_POINT('',(-27.344329636544,7.16093616539277,43.9685442591831));
#10670=CARTESIAN_POINT('Ctrl Pts',(-27.344329636544,7.16093616539277,43.9685442591831));
#10671=CARTESIAN_POINT('Ctrl Pts',(-27.6192441396415,7.32193069511689,43.9685442591831));
#10672=CARTESIAN_POINT('Ctrl Pts',(-27.7773609571159,7.63074057155885,43.9685442591831));
#10673=CARTESIAN_POINT('',(-27.344329636544,7.16093616539277,43.4685442591831));
#10674=CARTESIAN_POINT('',(-27.344329636544,7.16093616539277,43.9685442591831));
#10675=CARTESIAN_POINT('Ctrl Pts',(-27.344329636544,7.16093616539277,43.4685442591831));
#10676=CARTESIAN_POINT('Ctrl Pts',(-27.6192441396415,7.32193069511689,43.4685442591831));
#10677=CARTESIAN_POINT('Ctrl Pts',(-27.7773609571159,7.63074057155885,43.4685442591831));
#10678=CARTESIAN_POINT('Ctrl Pts',(-26.717127840966,6.9999410396222,43.9685442591831));
#10679=CARTESIAN_POINT('Ctrl Pts',(-26.717127840966,6.9999410396222,43.4685442591831));
#10680=CARTESIAN_POINT('Ctrl Pts',(-27.0694151334464,6.9999410396222,43.9685442591831));
#10681=CARTESIAN_POINT('Ctrl Pts',(-27.0694151334464,6.9999410396222,43.4685442591831));
#10682=CARTESIAN_POINT('Ctrl Pts',(-27.344329636544,7.16093616539277,43.9685442591831));
#10683=CARTESIAN_POINT('Ctrl Pts',(-27.344329636544,7.16093616539277,43.4685442591831));
#10684=CARTESIAN_POINT('',(-26.717127840966,6.9999410396222,43.9685442591831));
#10685=CARTESIAN_POINT('Ctrl Pts',(-26.717127840966,6.9999410396222,43.9685442591831));
#10686=CARTESIAN_POINT('Ctrl Pts',(-27.0694151334464,6.9999410396222,43.9685442591831));
#10687=CARTESIAN_POINT('Ctrl Pts',(-27.344329636544,7.16093616539277,43.9685442591831));
#10688=CARTESIAN_POINT('',(-26.717127840966,6.9999410396222,43.4685442591831));
#10689=CARTESIAN_POINT('',(-26.717127840966,6.9999410396222,43.9685442591831));
#10690=CARTESIAN_POINT('Ctrl Pts',(-26.717127840966,6.9999410396222,43.4685442591831));
#10691=CARTESIAN_POINT('Ctrl Pts',(-27.0694151334464,6.9999410396222,43.4685442591831));
#10692=CARTESIAN_POINT('Ctrl Pts',(-27.344329636544,7.16093616539277,43.4685442591831));
#10693=CARTESIAN_POINT('Ctrl Pts',(-25.814594309777,7.36207501941957,43.9685442591831));
#10694=CARTESIAN_POINT('Ctrl Pts',(-25.814594309777,7.36207501941957,43.4685442591831));
#10695=CARTESIAN_POINT('Ctrl Pts',(-26.1494234018027,6.9999410396222,43.9685442591831));
#10696=CARTESIAN_POINT('Ctrl Pts',(-26.1494234018027,6.9999410396222,43.4685442591831));
#10697=CARTESIAN_POINT('Ctrl Pts',(-26.717127840966,6.9999410396222,43.9685442591831));
#10698=CARTESIAN_POINT('Ctrl Pts',(-26.717127840966,6.9999410396222,43.4685442591831));
#10699=CARTESIAN_POINT('',(-25.814594309777,7.36207501941957,43.9685442591831));
#10700=CARTESIAN_POINT('Ctrl Pts',(-25.814594309777,7.36207501941957,43.9685442591831));
#10701=CARTESIAN_POINT('Ctrl Pts',(-26.1494234018027,6.9999410396222,43.9685442591831));
#10702=CARTESIAN_POINT('Ctrl Pts',(-26.717127840966,6.9999410396222,43.9685442591831));
#10703=CARTESIAN_POINT('',(-25.814594309777,7.36207501941957,43.4685442591831));
#10704=CARTESIAN_POINT('',(-25.814594309777,7.36207501941957,43.9685442591831));
#10705=CARTESIAN_POINT('Ctrl Pts',(-25.814594309777,7.36207501941957,43.4685442591831));
#10706=CARTESIAN_POINT('Ctrl Pts',(-26.1494234018027,6.9999410396222,43.4685442591831));
#10707=CARTESIAN_POINT('Ctrl Pts',(-26.717127840966,6.9999410396222,43.4685442591831));
#10708=CARTESIAN_POINT('Ctrl Pts',(-25.4797664098441,8.37523298317231,43.9685442591831));
#10709=CARTESIAN_POINT('Ctrl Pts',(-25.4797664098441,8.37523298317231,43.4685442591831));
#10710=CARTESIAN_POINT('Ctrl Pts',(-25.4797664098441,7.72420959526338,43.9685442591831));
#10711=CARTESIAN_POINT('Ctrl Pts',(-25.4797664098441,7.72420959526338,43.4685442591831));
#10712=CARTESIAN_POINT('Ctrl Pts',(-25.814594309777,7.36207501941957,43.9685442591831));
#10713=CARTESIAN_POINT('Ctrl Pts',(-25.814594309777,7.36207501941957,43.4685442591831));
#10714=CARTESIAN_POINT('',(-25.4797664098441,8.37523298317231,43.9685442591831));
#10715=CARTESIAN_POINT('Ctrl Pts',(-25.4797664098441,8.37523298317231,43.9685442591831));
#10716=CARTESIAN_POINT('Ctrl Pts',(-25.4797664098441,7.72420959526338,43.9685442591831));
#10717=CARTESIAN_POINT('Ctrl Pts',(-25.814594309777,7.36207501941957,43.9685442591831));
#10718=CARTESIAN_POINT('',(-25.4797664098441,8.37523298317231,43.4685442591831));
#10719=CARTESIAN_POINT('',(-25.4797664098441,8.37523298317231,43.9685442591831));
#10720=CARTESIAN_POINT('Ctrl Pts',(-25.4797664098441,8.37523298317231,43.4685442591831));
#10721=CARTESIAN_POINT('Ctrl Pts',(-25.4797664098441,7.72420959526338,43.4685442591831));
#10722=CARTESIAN_POINT('Ctrl Pts',(-25.814594309777,7.36207501941957,43.4685442591831));
#10723=CARTESIAN_POINT('Ctrl Pts',(-25.6351557187736,9.10984056049623,43.9685442591831));
#10724=CARTESIAN_POINT('Ctrl Pts',(-25.6351557187736,9.10984056049623,43.4685442591831));
#10725=CARTESIAN_POINT('Ctrl Pts',(-25.4797664098441,8.80644636207856,43.9685442591831));
#10726=CARTESIAN_POINT('Ctrl Pts',(-25.4797664098441,8.80644636207856,43.4685442591831));
#10727=CARTESIAN_POINT('Ctrl Pts',(-25.4797664098441,8.37523298317231,43.9685442591831));
#10728=CARTESIAN_POINT('Ctrl Pts',(-25.4797664098441,8.37523298317231,43.4685442591831));
#10729=CARTESIAN_POINT('Ctrl Pts',(-25.6351557187736,9.10984056049623,43.9685442591831));
#10730=CARTESIAN_POINT('Ctrl Pts',(-25.4797664098441,8.80644636207856,43.9685442591831));
#10731=CARTESIAN_POINT('Ctrl Pts',(-25.4797664098441,8.37523298317231,43.9685442591831));
#10732=CARTESIAN_POINT('Ctrl Pts',(-25.6351557187736,9.10984056049623,43.4685442591831));
#10733=CARTESIAN_POINT('Ctrl Pts',(-25.4797664098441,8.80644636207856,43.4685442591831));
#10734=CARTESIAN_POINT('Ctrl Pts',(-25.4797664098441,8.37523298317231,43.4685442591831));
#10735=CARTESIAN_POINT('Origin',(-28.4993191994726,8.79129754358567,43.4685442591831));
#10736=CARTESIAN_POINT('Origin',(-24.4966032914817,7.46296720558442,43.9685442591831));
#10737=CARTESIAN_POINT('',(-24.4966032914817,7.46296720558442,43.9685442591831));
#10738=CARTESIAN_POINT('',(-23.1127515248954,7.46296720558442,43.9685442591831));
#10739=CARTESIAN_POINT('',(-12.2483016457408,7.46296720558442,43.9685442591831));
#10740=CARTESIAN_POINT('',(-24.4966032914817,7.46296720558442,43.4685442591831));
#10741=CARTESIAN_POINT('',(-24.4966032914817,7.46296720558442,43.9685442591831));
#10742=CARTESIAN_POINT('',(-23.1127515248954,7.46296720558442,43.4685442591831));
#10743=CARTESIAN_POINT('',(-24.4966032914817,7.46296720558442,43.4685442591831));
#10744=CARTESIAN_POINT('',(-23.1127515248954,7.46296720558442,43.9685442591831));
#10745=CARTESIAN_POINT('Origin',(-23.1460788659751,9.31590335422792,43.9685442591831));
#10746=CARTESIAN_POINT('',(-23.1460788659751,9.31590335422792,43.9685442591831));
#10747=CARTESIAN_POINT('',(-14.3159762255849,21.4309129531651,43.9685442591831));
#10748=CARTESIAN_POINT('',(-23.1460788659751,9.31590335422792,43.4685442591831));
#10749=CARTESIAN_POINT('',(-23.1460788659751,9.31590335422792,43.9685442591831));
#10750=CARTESIAN_POINT('',(-23.1460788659751,9.31590335422792,43.4685442591831));
#10751=CARTESIAN_POINT('Origin',(-23.1460788659751,9.68856649452485,43.9685442591831));
#10752=CARTESIAN_POINT('',(-23.1460788659751,9.68856649452485,43.9685442591831));
#10753=CARTESIAN_POINT('',(-23.1460788659751,19.6180374061469,43.9685442591831));
#10754=CARTESIAN_POINT('',(-23.1460788659751,9.68856649452485,43.4685442591831));
#10755=CARTESIAN_POINT('',(-23.1460788659751,9.68856649452485,43.9685442591831));
#10756=CARTESIAN_POINT('',(-23.1460788659751,9.68856649452485,43.4685442591831));
#10757=CARTESIAN_POINT('Origin',(-24.9930324964225,9.68856649452485,43.9685442591831));
#10758=CARTESIAN_POINT('',(-24.9930324964225,9.68856649452485,43.9685442591831));
#10759=CARTESIAN_POINT('',(-12.4965162482112,9.68856649452485,43.9685442591831));
#10760=CARTESIAN_POINT('',(-24.9930324964225,9.68856649452485,43.4685442591831));
#10761=CARTESIAN_POINT('',(-24.9930324964225,9.68856649452485,43.9685442591831));
#10762=CARTESIAN_POINT('',(-24.9930324964225,9.68856649452485,43.4685442591831));
#10763=CARTESIAN_POINT('Origin',(-24.9930324964225,9.27310781532563,43.9685442591831));
#10764=CARTESIAN_POINT('',(-24.9930324964225,9.27310781532563,43.9685442591831));
#10765=CARTESIAN_POINT('',(-24.9930324964225,19.4103080665473,43.9685442591831));
#10766=CARTESIAN_POINT('',(-24.9930324964225,9.27310781532563,43.4685442591831));
#10767=CARTESIAN_POINT('',(-24.9930324964225,9.27310781532563,43.9685442591831));
#10768=CARTESIAN_POINT('',(-24.9930324964225,9.27310781532563,43.4685442591831));
#10769=CARTESIAN_POINT('Origin',(-23.7043157033622,9.27310781532563,43.9685442591831));
#10770=CARTESIAN_POINT('',(-23.7043157033622,9.27310781532563,43.9685442591831));
#10771=CARTESIAN_POINT('',(-11.8521578516811,9.27310781532563,43.9685442591831));
#10772=CARTESIAN_POINT('',(-23.7043157033622,9.27310781532563,43.4685442591831));
#10773=CARTESIAN_POINT('',(-23.7043157033622,9.27310781532563,43.9685442591831));
#10774=CARTESIAN_POINT('',(-23.7043157033622,9.27310781532563,43.4685442591831));
#10775=CARTESIAN_POINT('Origin',(-25.0738516263663,7.38442020469941,43.9685442591831));
#10776=CARTESIAN_POINT('',(-25.0738516263663,7.38442020469941,43.9685442591831));
#10777=CARTESIAN_POINT('',(-15.4871106110749,20.6052190736665,43.9685442591831));
#10778=CARTESIAN_POINT('',(-25.0738516263663,7.38442020469941,43.4685442591831));
#10779=CARTESIAN_POINT('',(-25.0738516263663,7.38442020469941,43.9685442591831));
#10780=CARTESIAN_POINT('',(-25.0738516263663,7.38442020469941,43.4685442591831));
#10781=CARTESIAN_POINT('Origin',(-25.0738516263663,7.0475085263852,43.9685442591831));
#10782=CARTESIAN_POINT('',(-25.0738516263663,7.0475085263852,43.9685442591831));
#10783=CARTESIAN_POINT('',(-25.0738516263663,18.2975084220771,43.9685442591831));
#10784=CARTESIAN_POINT('',(-25.0738516263663,7.0475085263852,43.4685442591831));
#10785=CARTESIAN_POINT('',(-25.0738516263663,7.0475085263852,43.9685442591831));
#10786=CARTESIAN_POINT('',(-25.0738516263663,7.0475085263852,43.4685442591831));
#10787=CARTESIAN_POINT('Origin',(-23.1127515248954,7.0475085263852,43.9685442591831));
#10788=CARTESIAN_POINT('',(-23.1127515248954,7.0475085263852,43.9685442591831));
#10789=CARTESIAN_POINT('',(-11.5563757624477,7.0475085263852,43.9685442591831));
#10790=CARTESIAN_POINT('',(-23.1127515248954,7.0475085263852,43.4685442591831));
#10791=CARTESIAN_POINT('',(-23.1127515248954,7.0475085263852,43.9685442591831));
#10792=CARTESIAN_POINT('',(-23.1127515248954,7.0475085263852,43.4685442591831));
#10793=CARTESIAN_POINT('Origin',(-23.1127515248954,7.46296720558442,43.9685442591831));
#10794=CARTESIAN_POINT('',(-23.1127515248954,18.5052377616767,43.9685442591831));
#10795=CARTESIAN_POINT('',(-23.1127515248954,7.46296720558442,43.4685442591831));
#10796=CARTESIAN_POINT('Origin',(-28.4993191994726,8.79129754358567,43.4685442591831));
#10797=CARTESIAN_POINT('Ctrl Pts',(-20.9740319661796,8.66616742664613,43.9685442591831));
#10798=CARTESIAN_POINT('Ctrl Pts',(-20.9740319661796,8.66616742664613,43.4685442591831));
#10799=CARTESIAN_POINT('Ctrl Pts',(-20.9785762242973,8.9293034558896,43.9685442591831));
#10800=CARTESIAN_POINT('Ctrl Pts',(-20.9785762242973,8.9293034558896,43.4685442591831));
#10801=CARTESIAN_POINT('Ctrl Pts',(-21.1143484525382,9.11548333221711,43.9685442591831));
#10802=CARTESIAN_POINT('Ctrl Pts',(-21.1143484525382,9.11548333221711,43.4685442591831));
#10803=CARTESIAN_POINT('',(-20.9740319661796,8.66616742664613,43.9685442591831));
#10804=CARTESIAN_POINT('',(-21.1143484525382,9.11548333221711,43.9685442591831));
#10805=CARTESIAN_POINT('Ctrl Pts',(-20.9740319661796,8.66616742664613,43.9685442591831));
#10806=CARTESIAN_POINT('Ctrl Pts',(-20.9785762242973,8.9293034558896,43.9685442591831));
#10807=CARTESIAN_POINT('Ctrl Pts',(-21.1143484525382,9.11548333221711,43.9685442591831));
#10808=CARTESIAN_POINT('',(-20.9740319661796,8.66616742664613,43.4685442591831));
#10809=CARTESIAN_POINT('',(-20.9740319661796,8.66616742664613,43.9685442591831));
#10810=CARTESIAN_POINT('',(-21.1143484525382,9.11548333221711,43.4685442591831));
#10811=CARTESIAN_POINT('Ctrl Pts',(-20.9740319661796,8.66616742664613,43.4685442591831));
#10812=CARTESIAN_POINT('Ctrl Pts',(-20.9785762242973,8.9293034558896,43.4685442591831));
#10813=CARTESIAN_POINT('Ctrl Pts',(-21.1143484525382,9.11548333221711,43.4685442591831));
#10814=CARTESIAN_POINT('',(-21.1143484525382,9.11548333221711,43.9685442591831));
#10815=CARTESIAN_POINT('Origin',(-22.1753385476768,8.66616742664613,43.9685442591831));
#10816=CARTESIAN_POINT('',(-22.1753385476768,8.66616742664613,43.9685442591831));
#10817=CARTESIAN_POINT('',(-11.0876692738384,8.66616742664613,43.9685442591831));
#10818=CARTESIAN_POINT('',(-22.1753385476768,8.66616742664613,43.4685442591831));
#10819=CARTESIAN_POINT('',(-22.1753385476768,8.66616742664613,43.9685442591831));
#10820=CARTESIAN_POINT('',(-22.1753385476768,8.66616742664613,43.4685442591831));
#10821=CARTESIAN_POINT('Ctrl Pts',(-21.9831743650138,9.12290649467744,43.9685442591831));
#10822=CARTESIAN_POINT('Ctrl Pts',(-21.9831743650138,9.12290649467744,43.4685442591831));
#10823=CARTESIAN_POINT('Ctrl Pts',(-22.1442833356559,8.94414978081025,43.9685442591831));
#10824=CARTESIAN_POINT('Ctrl Pts',(-22.1442833356559,8.94414978081025,43.4685442591831));
#10825=CARTESIAN_POINT('Ctrl Pts',(-22.1753385476768,8.66616742664613,43.9685442591831));
#10826=CARTESIAN_POINT('Ctrl Pts',(-22.1753385476768,8.66616742664613,43.4685442591831));
#10827=CARTESIAN_POINT('',(-21.9831743650138,9.12290649467744,43.9685442591831));
#10828=CARTESIAN_POINT('Ctrl Pts',(-21.9831743650138,9.12290649467744,43.9685442591831));
#10829=CARTESIAN_POINT('Ctrl Pts',(-22.1442833356559,8.94414978081025,43.9685442591831));
#10830=CARTESIAN_POINT('Ctrl Pts',(-22.1753385476768,8.66616742664613,43.9685442591831));
#10831=CARTESIAN_POINT('',(-21.9831743650138,9.12290649467744,43.4685442591831));
#10832=CARTESIAN_POINT('',(-21.9831743650138,9.12290649467744,43.9685442591831));
#10833=CARTESIAN_POINT('Ctrl Pts',(-21.9831743650138,9.12290649467744,43.4685442591831));
#10834=CARTESIAN_POINT('Ctrl Pts',(-22.1442833356559,8.94414978081025,43.4685442591831));
#10835=CARTESIAN_POINT('Ctrl Pts',(-22.1753385476768,8.66616742664613,43.4685442591831));
#10836=CARTESIAN_POINT('Ctrl Pts',(-21.5437808446586,9.30166320854463,43.9685442591831));
#10837=CARTESIAN_POINT('Ctrl Pts',(-21.5437808446586,9.30166320854463,43.4685442591831));
#10838=CARTESIAN_POINT('Ctrl Pts',(-21.8220665864646,9.30166320854463,43.9685442591831));
#10839=CARTESIAN_POINT('Ctrl Pts',(-21.8220665864646,9.30166320854463,43.4685442591831));
#10840=CARTESIAN_POINT('Ctrl Pts',(-21.9831743650138,9.12290649467744,43.9685442591831));
#10841=CARTESIAN_POINT('Ctrl Pts',(-21.9831743650138,9.12290649467744,43.4685442591831));
#10842=CARTESIAN_POINT('',(-21.5437808446586,9.30166320854463,43.9685442591831));
#10843=CARTESIAN_POINT('Ctrl Pts',(-21.5437808446586,9.30166320854463,43.9685442591831));
#10844=CARTESIAN_POINT('Ctrl Pts',(-21.8220665864646,9.30166320854463,43.9685442591831));
#10845=CARTESIAN_POINT('Ctrl Pts',(-21.9831743650138,9.12290649467744,43.9685442591831));
#10846=CARTESIAN_POINT('',(-21.5437808446586,9.30166320854463,43.4685442591831));
#10847=CARTESIAN_POINT('',(-21.5437808446586,9.30166320854463,43.9685442591831));
#10848=CARTESIAN_POINT('Ctrl Pts',(-21.5437808446586,9.30166320854463,43.4685442591831));
#10849=CARTESIAN_POINT('Ctrl Pts',(-21.8220665864646,9.30166320854463,43.4685442591831));
#10850=CARTESIAN_POINT('Ctrl Pts',(-21.9831743650138,9.12290649467744,43.4685442591831));
#10851=CARTESIAN_POINT('Ctrl Pts',(-21.1143484525382,9.11548333221711,43.9685442591831));
#10852=CARTESIAN_POINT('Ctrl Pts',(-21.1143484525382,9.11548333221711,43.4685442591831));
#10853=CARTESIAN_POINT('Ctrl Pts',(-21.2501194886863,9.30166320854463,43.9685442591831));
#10854=CARTESIAN_POINT('Ctrl Pts',(-21.2501194886863,9.30166320854463,43.4685442591831));
#10855=CARTESIAN_POINT('Ctrl Pts',(-21.5437808446586,9.30166320854463,43.9685442591831));
#10856=CARTESIAN_POINT('Ctrl Pts',(-21.5437808446586,9.30166320854463,43.4685442591831));
#10857=CARTESIAN_POINT('Ctrl Pts',(-21.1143484525382,9.11548333221711,43.9685442591831));
#10858=CARTESIAN_POINT('Ctrl Pts',(-21.2501194886863,9.30166320854463,43.9685442591831));
#10859=CARTESIAN_POINT('Ctrl Pts',(-21.5437808446586,9.30166320854463,43.9685442591831));
#10860=CARTESIAN_POINT('Ctrl Pts',(-21.1143484525382,9.11548333221711,43.4685442591831));
#10861=CARTESIAN_POINT('Ctrl Pts',(-21.2501194886863,9.30166320854463,43.4685442591831));
#10862=CARTESIAN_POINT('Ctrl Pts',(-21.5437808446586,9.30166320854463,43.4685442591831));
#10863=CARTESIAN_POINT('Ctrl Pts',(-22.5695505551994,9.08832924419679,43.9685442591831));
#10864=CARTESIAN_POINT('Ctrl Pts',(-22.5695505551994,9.08832924419679,43.4685442591831));
#10865=CARTESIAN_POINT('Ctrl Pts',(-22.4245384149253,9.39801054054536,43.9685442591831));
#10866=CARTESIAN_POINT('Ctrl Pts',(-22.4245384149253,9.39801054054536,43.4685442591831));
#10867=CARTESIAN_POINT('Ctrl Pts',(-22.158485930413,9.56707196289338,43.9685442591831));
#10868=CARTESIAN_POINT('Ctrl Pts',(-22.158485930413,9.56707196289338,43.4685442591831));
#10869=CARTESIAN_POINT('',(-22.5695505551994,9.08832924419679,43.9685442591831));
#10870=CARTESIAN_POINT('',(-22.158485930413,9.56707196289338,43.9685442591831));
#10871=CARTESIAN_POINT('Ctrl Pts',(-22.5695505551994,9.08832924419679,43.9685442591831));
#10872=CARTESIAN_POINT('Ctrl Pts',(-22.4245384149253,9.39801054054536,43.9685442591831));
#10873=CARTESIAN_POINT('Ctrl Pts',(-22.158485930413,9.56707196289338,43.9685442591831));
#10874=CARTESIAN_POINT('',(-22.5695505551994,9.08832924419679,43.4685442591831));
#10875=CARTESIAN_POINT('',(-22.5695505551994,9.08832924419679,43.9685442591831));
#10876=CARTESIAN_POINT('',(-22.158485930413,9.56707196289338,43.4685442591831));
#10877=CARTESIAN_POINT('Ctrl Pts',(-22.5695505551994,9.08832924419679,43.4685442591831));
#10878=CARTESIAN_POINT('Ctrl Pts',(-22.4245384149253,9.39801054054536,43.4685442591831));
#10879=CARTESIAN_POINT('Ctrl Pts',(-22.158485930413,9.56707196289338,43.4685442591831));
#10880=CARTESIAN_POINT('',(-22.158485930413,9.56707196289338,43.9685442591831));
#10881=CARTESIAN_POINT('Ctrl Pts',(-22.7145638875663,8.35144953781404,43.9685442591831));
#10882=CARTESIAN_POINT('Ctrl Pts',(-22.7145638875663,8.35144953781404,43.4685442591831));
#10883=CARTESIAN_POINT('Ctrl Pts',(-22.7145638875663,8.77864794784822,43.9685442591831));
#10884=CARTESIAN_POINT('Ctrl Pts',(-22.7145638875663,8.77864794784822,43.4685442591831));
#10885=CARTESIAN_POINT('Ctrl Pts',(-22.5695505551994,9.08832924419679,43.9685442591831));
#10886=CARTESIAN_POINT('Ctrl Pts',(-22.5695505551994,9.08832924419679,43.4685442591831));
#10887=CARTESIAN_POINT('',(-22.7145638875663,8.35144953781404,43.9685442591831));
#10888=CARTESIAN_POINT('Ctrl Pts',(-22.7145638875663,8.35144953781404,43.9685442591831));
#10889=CARTESIAN_POINT('Ctrl Pts',(-22.7145638875663,8.77864794784822,43.9685442591831));
#10890=CARTESIAN_POINT('Ctrl Pts',(-22.5695505551994,9.08832924419679,43.9685442591831));
#10891=CARTESIAN_POINT('',(-22.7145638875663,8.35144953781404,43.4685442591831));
#10892=CARTESIAN_POINT('',(-22.7145638875663,8.35144953781404,43.9685442591831));
#10893=CARTESIAN_POINT('Ctrl Pts',(-22.7145638875663,8.35144953781404,43.4685442591831));
#10894=CARTESIAN_POINT('Ctrl Pts',(-22.7145638875663,8.77864794784822,43.4685442591831));
#10895=CARTESIAN_POINT('Ctrl Pts',(-22.5695505551994,9.08832924419679,43.4685442591831));
#10896=CARTESIAN_POINT('Ctrl Pts',(-22.553834002465,7.61134998852052,43.9685442591831));
#10897=CARTESIAN_POINT('Ctrl Pts',(-22.553834002465,7.61134998852052,43.4685442591831));
#10898=CARTESIAN_POINT('Ctrl Pts',(-22.7145638875663,7.91546421104707,43.9685442591831));
#10899=CARTESIAN_POINT('Ctrl Pts',(-22.7145638875663,7.91546421104707,43.4685442591831));
#10900=CARTESIAN_POINT('Ctrl Pts',(-22.7145638875663,8.35144953781404,43.9685442591831));
#10901=CARTESIAN_POINT('Ctrl Pts',(-22.7145638875663,8.35144953781404,43.4685442591831));
#10902=CARTESIAN_POINT('',(-22.553834002465,7.61134998852052,43.9685442591831));
#10903=CARTESIAN_POINT('Ctrl Pts',(-22.553834002465,7.61134998852052,43.9685442591831));
#10904=CARTESIAN_POINT('Ctrl Pts',(-22.7145638875663,7.91546421104707,43.9685442591831));
#10905=CARTESIAN_POINT('Ctrl Pts',(-22.7145638875663,8.35144953781404,43.9685442591831));
#10906=CARTESIAN_POINT('',(-22.553834002465,7.61134998852052,43.4685442591831));
#10907=CARTESIAN_POINT('',(-22.553834002465,7.61134998852052,43.9685442591831));
#10908=CARTESIAN_POINT('Ctrl Pts',(-22.553834002465,7.61134998852052,43.4685442591831));
#10909=CARTESIAN_POINT('Ctrl Pts',(-22.7145638875663,7.91546421104707,43.4685442591831));
#10910=CARTESIAN_POINT('Ctrl Pts',(-22.7145638875663,8.35144953781404,43.4685442591831));
#10911=CARTESIAN_POINT('Ctrl Pts',(-22.1031918935477,7.15358870083131,43.9685442591831));
#10912=CARTESIAN_POINT('Ctrl Pts',(-22.1031918935477,7.15358870083131,43.4685442591831));
#10913=CARTESIAN_POINT('Ctrl Pts',(-22.3931041173637,7.30723636204042,43.9685442591831));
#10914=CARTESIAN_POINT('Ctrl Pts',(-22.3931041173637,7.30723636204042,43.4685442591831));
#10915=CARTESIAN_POINT('Ctrl Pts',(-22.553834002465,7.61134998852052,43.9685442591831));
#10916=CARTESIAN_POINT('Ctrl Pts',(-22.553834002465,7.61134998852052,43.4685442591831));
#10917=CARTESIAN_POINT('',(-22.1031918935477,7.15358870083131,43.9685442591831));
#10918=CARTESIAN_POINT('Ctrl Pts',(-22.1031918935477,7.15358870083131,43.9685442591831));
#10919=CARTESIAN_POINT('Ctrl Pts',(-22.3931041173637,7.30723636204042,43.9685442591831));
#10920=CARTESIAN_POINT('Ctrl Pts',(-22.553834002465,7.61134998852052,43.9685442591831));
#10921=CARTESIAN_POINT('',(-22.1031918935477,7.15358870083131,43.4685442591831));
#10922=CARTESIAN_POINT('',(-22.1031918935477,7.15358870083131,43.9685442591831));
#10923=CARTESIAN_POINT('Ctrl Pts',(-22.1031918935477,7.15358870083131,43.4685442591831));
#10924=CARTESIAN_POINT('Ctrl Pts',(-22.3931041173637,7.30723636204042,43.4685442591831));
#10925=CARTESIAN_POINT('Ctrl Pts',(-22.553834002465,7.61134998852052,43.4685442591831));
#10926=CARTESIAN_POINT('Ctrl Pts',(-21.4391782693565,6.9999410396222,43.9685442591831));
#10927=CARTESIAN_POINT('Ctrl Pts',(-21.4391782693565,6.9999410396222,43.4685442591831));
#10928=CARTESIAN_POINT('Ctrl Pts',(-21.8132796697318,6.9999410396222,43.9685442591831));
#10929=CARTESIAN_POINT('Ctrl Pts',(-21.8132796697318,6.9999410396222,43.4685442591831));
#10930=CARTESIAN_POINT('Ctrl Pts',(-22.1031918935477,7.15358870083131,43.9685442591831));
#10931=CARTESIAN_POINT('Ctrl Pts',(-22.1031918935477,7.15358870083131,43.4685442591831));
#10932=CARTESIAN_POINT('',(-21.4391782693565,6.9999410396222,43.9685442591831));
#10933=CARTESIAN_POINT('Ctrl Pts',(-21.4391782693565,6.9999410396222,43.9685442591831));
#10934=CARTESIAN_POINT('Ctrl Pts',(-21.8132796697318,6.9999410396222,43.9685442591831));
#10935=CARTESIAN_POINT('Ctrl Pts',(-22.1031918935477,7.15358870083131,43.9685442591831));
#10936=CARTESIAN_POINT('',(-21.4391782693565,6.9999410396222,43.4685442591831));
#10937=CARTESIAN_POINT('',(-21.4391782693565,6.9999410396222,43.9685442591831));
#10938=CARTESIAN_POINT('Ctrl Pts',(-21.4391782693565,6.9999410396222,43.4685442591831));
#10939=CARTESIAN_POINT('Ctrl Pts',(-21.8132796697318,6.9999410396222,43.4685442591831));
#10940=CARTESIAN_POINT('Ctrl Pts',(-22.1031918935477,7.15358870083131,43.4685442591831));
#10941=CARTESIAN_POINT('Ctrl Pts',(-20.9770610742271,7.04118387752809,43.9685442591831));
#10942=CARTESIAN_POINT('Ctrl Pts',(-20.9770610742271,7.04118387752809,43.4685442591831));
#10943=CARTESIAN_POINT('Ctrl Pts',(-21.1711183004081,6.9999410396222,43.9685442591831));
#10944=CARTESIAN_POINT('Ctrl Pts',(-21.1711183004081,6.9999410396222,43.4685442591831));
#10945=CARTESIAN_POINT('Ctrl Pts',(-21.4391782693565,6.9999410396222,43.9685442591831));
#10946=CARTESIAN_POINT('Ctrl Pts',(-21.4391782693565,6.9999410396222,43.4685442591831));
#10947=CARTESIAN_POINT('',(-20.9770610742271,7.04118387752809,43.9685442591831));
#10948=CARTESIAN_POINT('Ctrl Pts',(-20.9770610742271,7.04118387752809,43.9685442591831));
#10949=CARTESIAN_POINT('Ctrl Pts',(-21.1711183004081,6.9999410396222,43.9685442591831));
#10950=CARTESIAN_POINT('Ctrl Pts',(-21.4391782693565,6.9999410396222,43.9685442591831));
#10951=CARTESIAN_POINT('',(-20.9770610742271,7.04118387752809,43.4685442591831));
#10952=CARTESIAN_POINT('',(-20.9770610742271,7.04118387752809,43.9685442591831));
#10953=CARTESIAN_POINT('Ctrl Pts',(-20.9770610742271,7.04118387752809,43.4685442591831));
#10954=CARTESIAN_POINT('Ctrl Pts',(-21.1711183004081,6.9999410396222,43.4685442591831));
#10955=CARTESIAN_POINT('Ctrl Pts',(-21.4391782693565,6.9999410396222,43.4685442591831));
#10956=CARTESIAN_POINT('Ctrl Pts',(-20.5537250451743,7.18316690975465,43.9685442591831));
#10957=CARTESIAN_POINT('Ctrl Pts',(-20.5537250451743,7.18316690975465,43.4685442591831));
#10958=CARTESIAN_POINT('Ctrl Pts',(-20.783003848046,7.08242671543397,43.9685442591831));
#10959=CARTESIAN_POINT('Ctrl Pts',(-20.783003848046,7.08242671543397,43.4685442591831));
#10960=CARTESIAN_POINT('Ctrl Pts',(-20.9770610742271,7.04118387752809,43.9685442591831));
#10961=CARTESIAN_POINT('Ctrl Pts',(-20.9770610742271,7.04118387752809,43.4685442591831));
#10962=CARTESIAN_POINT('',(-20.5537250451743,7.18316690975465,43.9685442591831));
#10963=CARTESIAN_POINT('Ctrl Pts',(-20.5537250451743,7.18316690975465,43.9685442591831));
#10964=CARTESIAN_POINT('Ctrl Pts',(-20.783003848046,7.08242671543397,43.9685442591831));
#10965=CARTESIAN_POINT('Ctrl Pts',(-20.9770610742271,7.04118387752809,43.9685442591831));
#10966=CARTESIAN_POINT('',(-20.5537250451743,7.18316690975465,43.4685442591831));
#10967=CARTESIAN_POINT('',(-20.5537250451743,7.18316690975465,43.9685442591831));
#10968=CARTESIAN_POINT('Ctrl Pts',(-20.5537250451743,7.18316690975465,43.4685442591831));
#10969=CARTESIAN_POINT('Ctrl Pts',(-20.783003848046,7.08242671543397,43.4685442591831));
#10970=CARTESIAN_POINT('Ctrl Pts',(-20.9770610742271,7.04118387752809,43.4685442591831));
#10971=CARTESIAN_POINT('Origin',(-20.5537250451743,7.62952880913057,43.9685442591831));
#10972=CARTESIAN_POINT('',(-20.5537250451743,7.62952880913057,43.9685442591831));
#10973=CARTESIAN_POINT('',(-20.5537250451743,18.5885185634498,43.9685442591831));
#10974=CARTESIAN_POINT('',(-20.5537250451743,7.62952880913057,43.4685442591831));
#10975=CARTESIAN_POINT('',(-20.5537250451743,7.62952880913057,43.9685442591831));
#10976=CARTESIAN_POINT('',(-20.5537250451743,7.62952880913057,43.4685442591831));
#10977=CARTESIAN_POINT('Ctrl Pts',(-21.0004284791648,7.4927343612317,43.9685442591831));
#10978=CARTESIAN_POINT('Ctrl Pts',(-21.0004284791648,7.4927343612317,43.4685442591831));
#10979=CARTESIAN_POINT('Ctrl Pts',(-20.8176186494529,7.53674225860872,43.9685442591831));
#10980=CARTESIAN_POINT('Ctrl Pts',(-20.8176186494529,7.53674225860872,43.4685442591831));
#10981=CARTESIAN_POINT('Ctrl Pts',(-20.5537250451743,7.62952880913057,43.9685442591831));
#10982=CARTESIAN_POINT('Ctrl Pts',(-20.5537250451743,7.62952880913057,43.4685442591831));
#10983=CARTESIAN_POINT('',(-21.0004284791648,7.4927343612317,43.9685442591831));
#10984=CARTESIAN_POINT('Ctrl Pts',(-21.0004284791648,7.4927343612317,43.9685442591831));
#10985=CARTESIAN_POINT('Ctrl Pts',(-20.8176186494529,7.53674225860872,43.9685442591831));
#10986=CARTESIAN_POINT('Ctrl Pts',(-20.5537250451743,7.62952880913057,43.9685442591831));
#10987=CARTESIAN_POINT('',(-21.0004284791648,7.4927343612317,43.4685442591831));
#10988=CARTESIAN_POINT('',(-21.0004284791648,7.4927343612317,43.9685442591831));
#10989=CARTESIAN_POINT('Ctrl Pts',(-21.0004284791648,7.4927343612317,43.4685442591831));
#10990=CARTESIAN_POINT('Ctrl Pts',(-20.8176186494529,7.53674225860872,43.4685442591831));
#10991=CARTESIAN_POINT('Ctrl Pts',(-20.5537250451743,7.62952880913057,43.4685442591831));
#10992=CARTESIAN_POINT('Ctrl Pts',(-21.4200904779136,7.44872705990113,43.9685442591831));
#10993=CARTESIAN_POINT('Ctrl Pts',(-21.4200904779136,7.44872705990113,43.4685442591831));
#10994=CARTESIAN_POINT('Ctrl Pts',(-21.1832383088767,7.44872705990113,43.9685442591831));
#10995=CARTESIAN_POINT('Ctrl Pts',(-21.1832383088767,7.44872705990113,43.4685442591831));
#10996=CARTESIAN_POINT('Ctrl Pts',(-21.0004284791648,7.4927343612317,43.9685442591831));
#10997=CARTESIAN_POINT('Ctrl Pts',(-21.0004284791648,7.4927343612317,43.4685442591831));
#10998=CARTESIAN_POINT('',(-21.4200904779136,7.44872705990113,43.9685442591831));
#10999=CARTESIAN_POINT('Ctrl Pts',(-21.4200904779136,7.44872705990113,43.9685442591831));
#11000=CARTESIAN_POINT('Ctrl Pts',(-21.1832383088767,7.44872705990113,43.9685442591831));
#11001=CARTESIAN_POINT('Ctrl Pts',(-21.0004284791648,7.4927343612317,43.9685442591831));
#11002=CARTESIAN_POINT('',(-21.4200904779136,7.44872705990113,43.4685442591831));
#11003=CARTESIAN_POINT('',(-21.4200904779136,7.44872705990113,43.9685442591831));
#11004=CARTESIAN_POINT('Ctrl Pts',(-21.4200904779136,7.44872705990113,43.4685442591831));
#11005=CARTESIAN_POINT('Ctrl Pts',(-21.1832383088767,7.44872705990113,43.4685442591831));
#11006=CARTESIAN_POINT('Ctrl Pts',(-21.0004284791648,7.4927343612317,43.4685442591831));
#11007=CARTESIAN_POINT('Ctrl Pts',(-21.9777586869895,7.66073541694917,43.9685442591831));
#11008=CARTESIAN_POINT('Ctrl Pts',(-21.9777586869895,7.66073541694917,43.4685442591831));
#11009=CARTESIAN_POINT('Ctrl Pts',(-21.7791190557182,7.44872705990113,43.9685442591831));
#11010=CARTESIAN_POINT('Ctrl Pts',(-21.7791190557182,7.44872705990113,43.4685442591831));
#11011=CARTESIAN_POINT('Ctrl Pts',(-21.4200904779136,7.44872705990113,43.9685442591831));
#11012=CARTESIAN_POINT('Ctrl Pts',(-21.4200904779136,7.44872705990113,43.4685442591831));
#11013=CARTESIAN_POINT('',(-21.9777586869895,7.66073541694917,43.9685442591831));
#11014=CARTESIAN_POINT('Ctrl Pts',(-21.9777586869895,7.66073541694917,43.9685442591831));
#11015=CARTESIAN_POINT('Ctrl Pts',(-21.7791190557182,7.44872705990113,43.9685442591831));
#11016=CARTESIAN_POINT('Ctrl Pts',(-21.4200904779136,7.44872705990113,43.9685442591831));
#11017=CARTESIAN_POINT('',(-21.9777586869895,7.66073541694917,43.4685442591831));
#11018=CARTESIAN_POINT('',(-21.9777586869895,7.66073541694917,43.9685442591831));
#11019=CARTESIAN_POINT('Ctrl Pts',(-21.9777586869895,7.66073541694917,43.4685442591831));
#11020=CARTESIAN_POINT('Ctrl Pts',(-21.7791190557182,7.44872705990113,43.4685442591831));
#11021=CARTESIAN_POINT('Ctrl Pts',(-21.4200904779136,7.44872705990113,43.4685442591831));
#11022=CARTESIAN_POINT('Ctrl Pts',(-22.1848824433982,8.24116544777192,43.9685442591831));
#11023=CARTESIAN_POINT('Ctrl Pts',(-22.1848824433982,8.24116544777192,43.4685442591831));
#11024=CARTESIAN_POINT('Ctrl Pts',(-22.1763995103538,7.87274437004365,43.9685442591831));
#11025=CARTESIAN_POINT('Ctrl Pts',(-22.1763995103538,7.87274437004365,43.4685442591831));
#11026=CARTESIAN_POINT('Ctrl Pts',(-21.9777586869895,7.66073541694917,43.9685442591831));
#11027=CARTESIAN_POINT('Ctrl Pts',(-21.9777586869895,7.66073541694917,43.4685442591831));
#11028=CARTESIAN_POINT('',(-22.1848824433982,8.24116544777192,43.9685442591831));
#11029=CARTESIAN_POINT('Ctrl Pts',(-22.1848824433982,8.24116544777192,43.9685442591831));
#11030=CARTESIAN_POINT('Ctrl Pts',(-22.1763995103538,7.87274437004365,43.9685442591831));
#11031=CARTESIAN_POINT('Ctrl Pts',(-21.9777586869895,7.66073541694917,43.9685442591831));
#11032=CARTESIAN_POINT('',(-22.1848824433982,8.24116544777192,43.4685442591831));
#11033=CARTESIAN_POINT('',(-22.1848824433982,8.24116544777192,43.9685442591831));
#11034=CARTESIAN_POINT('Ctrl Pts',(-22.1848824433982,8.24116544777192,43.4685442591831));
#11035=CARTESIAN_POINT('Ctrl Pts',(-22.1763995103538,7.87274437004365,43.4685442591831));
#11036=CARTESIAN_POINT('Ctrl Pts',(-21.9777586869895,7.66073541694917,43.4685442591831));
#11037=CARTESIAN_POINT('Origin',(-20.4395785741508,8.24116544777192,43.9685442591831));
#11038=CARTESIAN_POINT('',(-20.4395785741508,8.24116544777192,43.9685442591831));
#11039=CARTESIAN_POINT('',(-10.2197892870754,8.24116544777192,43.9685442591831));
#11040=CARTESIAN_POINT('',(-20.4395785741508,8.24116544777192,43.4685442591831));
#11041=CARTESIAN_POINT('',(-20.4395785741508,8.24116544777192,43.9685442591831));
#11042=CARTESIAN_POINT('',(-20.4395785741508,8.24116544777192,43.4685442591831));
#11043=CARTESIAN_POINT('Origin',(-20.4395785741508,8.54164378696717,43.9685442591831));
#11044=CARTESIAN_POINT('',(-20.4395785741508,8.54164378696717,43.9685442591831));
#11045=CARTESIAN_POINT('',(-20.4395785741508,19.0445760523681,43.9685442591831));
#11046=CARTESIAN_POINT('',(-20.4395785741508,8.54164378696717,43.4685442591831));
#11047=CARTESIAN_POINT('',(-20.4395785741508,8.54164378696717,43.9685442591831));
#11048=CARTESIAN_POINT('',(-20.4395785741508,8.54164378696717,43.4685442591831));
#11049=CARTESIAN_POINT('Ctrl Pts',(-20.5708053521812,9.16623251491822,43.9685442591831));
#11050=CARTESIAN_POINT('Ctrl Pts',(-20.5708053521812,9.16623251491822,43.4685442591831));
#11051=CARTESIAN_POINT('Ctrl Pts',(-20.4395785741508,8.89635520035066,43.9685442591831));
#11052=CARTESIAN_POINT('Ctrl Pts',(-20.4395785741508,8.89635520035066,43.4685442591831));
#11053=CARTESIAN_POINT('Ctrl Pts',(-20.4395785741508,8.54164378696717,43.9685442591831));
#11054=CARTESIAN_POINT('Ctrl Pts',(-20.4395785741508,8.54164378696717,43.4685442591831));
#11055=CARTESIAN_POINT('',(-20.5708053521812,9.16623251491822,43.9685442591831));
#11056=CARTESIAN_POINT('Ctrl Pts',(-20.5708053521812,9.16623251491822,43.9685442591831));
#11057=CARTESIAN_POINT('Ctrl Pts',(-20.4395785741508,8.89635520035066,43.9685442591831));
#11058=CARTESIAN_POINT('Ctrl Pts',(-20.4395785741508,8.54164378696717,43.9685442591831));
#11059=CARTESIAN_POINT('',(-20.5708053521812,9.16623251491822,43.4685442591831));
#11060=CARTESIAN_POINT('',(-20.5708053521812,9.16623251491822,43.9685442591831));
#11061=CARTESIAN_POINT('Ctrl Pts',(-20.5708053521812,9.16623251491822,43.4685442591831));
#11062=CARTESIAN_POINT('Ctrl Pts',(-20.4395785741508,8.89635520035066,43.4685442591831));
#11063=CARTESIAN_POINT('Ctrl Pts',(-20.4395785741508,8.54164378696717,43.4685442591831));
#11064=CARTESIAN_POINT('Ctrl Pts',(-20.9496035985648,9.5861216073636,43.9685442591831));
#11065=CARTESIAN_POINT('Ctrl Pts',(-20.9496035985648,9.5861216073636,43.4685442591831));
#11066=CARTESIAN_POINT('Ctrl Pts',(-20.7020333223045,9.43610982948579,43.9685442591831));
#11067=CARTESIAN_POINT('Ctrl Pts',(-20.7020333223045,9.43610982948579,43.4685442591831));
#11068=CARTESIAN_POINT('Ctrl Pts',(-20.5708053521812,9.16623251491822,43.9685442591831));
#11069=CARTESIAN_POINT('Ctrl Pts',(-20.5708053521812,9.16623251491822,43.4685442591831));
#11070=CARTESIAN_POINT('',(-20.9496035985648,9.5861216073636,43.9685442591831));
#11071=CARTESIAN_POINT('Ctrl Pts',(-20.9496035985648,9.5861216073636,43.9685442591831));
#11072=CARTESIAN_POINT('Ctrl Pts',(-20.7020333223045,9.43610982948579,43.9685442591831));
#11073=CARTESIAN_POINT('Ctrl Pts',(-20.5708053521812,9.16623251491822,43.9685442591831));
#11074=CARTESIAN_POINT('',(-20.9496035985648,9.5861216073636,43.4685442591831));
#11075=CARTESIAN_POINT('',(-20.9496035985648,9.5861216073636,43.9685442591831));
#11076=CARTESIAN_POINT('Ctrl Pts',(-20.9496035985648,9.5861216073636,43.4685442591831));
#11077=CARTESIAN_POINT('Ctrl Pts',(-20.7020333223045,9.43610982948579,43.4685442591831));
#11078=CARTESIAN_POINT('Ctrl Pts',(-20.5708053521812,9.16623251491822,43.4685442591831));
#11079=CARTESIAN_POINT('Ctrl Pts',(-21.5390088967979,9.73613338524141,43.9685442591831));
#11080=CARTESIAN_POINT('Ctrl Pts',(-21.5390088967979,9.73613338524141,43.4685442591831));
#11081=CARTESIAN_POINT('Ctrl Pts',(-21.1971750669181,9.73613338524141,43.9685442591831));
#11082=CARTESIAN_POINT('Ctrl Pts',(-21.1971750669181,9.73613338524141,43.4685442591831));
#11083=CARTESIAN_POINT('Ctrl Pts',(-20.9496035985648,9.5861216073636,43.9685442591831));
#11084=CARTESIAN_POINT('Ctrl Pts',(-20.9496035985648,9.5861216073636,43.4685442591831));
#11085=CARTESIAN_POINT('',(-21.5390088967979,9.73613338524141,43.9685442591831));
#11086=CARTESIAN_POINT('Ctrl Pts',(-21.5390088967979,9.73613338524141,43.9685442591831));
#11087=CARTESIAN_POINT('Ctrl Pts',(-21.1971750669181,9.73613338524141,43.9685442591831));
#11088=CARTESIAN_POINT('Ctrl Pts',(-20.9496035985648,9.5861216073636,43.9685442591831));
#11089=CARTESIAN_POINT('',(-21.5390088967979,9.73613338524141,43.4685442591831));
#11090=CARTESIAN_POINT('',(-21.5390088967979,9.73613338524141,43.9685442591831));
#11091=CARTESIAN_POINT('Ctrl Pts',(-21.5390088967979,9.73613338524141,43.4685442591831));
#11092=CARTESIAN_POINT('Ctrl Pts',(-21.1971750669181,9.73613338524141,43.4685442591831));
#11093=CARTESIAN_POINT('Ctrl Pts',(-20.9496035985648,9.5861216073636,43.4685442591831));
#11094=CARTESIAN_POINT('Ctrl Pts',(-22.158485930413,9.56707196289338,43.9685442591831));
#11095=CARTESIAN_POINT('Ctrl Pts',(-22.158485930413,9.56707196289338,43.4685442591831));
#11096=CARTESIAN_POINT('Ctrl Pts',(-21.8924334459007,9.73613338524141,43.9685442591831));
#11097=CARTESIAN_POINT('Ctrl Pts',(-21.8924334459007,9.73613338524141,43.4685442591831));
#11098=CARTESIAN_POINT('Ctrl Pts',(-21.5390088967979,9.73613338524141,43.9685442591831));
#11099=CARTESIAN_POINT('Ctrl Pts',(-21.5390088967979,9.73613338524141,43.4685442591831));
#11100=CARTESIAN_POINT('Ctrl Pts',(-22.158485930413,9.56707196289338,43.9685442591831));
#11101=CARTESIAN_POINT('Ctrl Pts',(-21.8924334459007,9.73613338524141,43.9685442591831));
#11102=CARTESIAN_POINT('Ctrl Pts',(-21.5390088967979,9.73613338524141,43.9685442591831));
#11103=CARTESIAN_POINT('Ctrl Pts',(-22.158485930413,9.56707196289338,43.4685442591831));
#11104=CARTESIAN_POINT('Ctrl Pts',(-21.8924334459007,9.73613338524141,43.4685442591831));
#11105=CARTESIAN_POINT('Ctrl Pts',(-21.5390088967979,9.73613338524141,43.4685442591831));
#11106=CARTESIAN_POINT('Origin',(-28.4993191994726,8.79129754358567,43.4685442591831));
#11107=CARTESIAN_POINT('Ctrl Pts',(-33.2880353741348,9.34142904335298,43.9685442591831));
#11108=CARTESIAN_POINT('Ctrl Pts',(-33.2880353741348,9.34142904335298,43.4685442591831));
#11109=CARTESIAN_POINT('Ctrl Pts',(-33.1710102967918,9.53048782402314,43.9685442591831));
#11110=CARTESIAN_POINT('Ctrl Pts',(-33.1710102967918,9.53048782402314,43.4685442591831));
#11111=CARTESIAN_POINT('Ctrl Pts',(-32.9402547888457,9.63331060463227,43.9685442591831));
#11112=CARTESIAN_POINT('Ctrl Pts',(-32.9402547888457,9.63331060463227,43.4685442591831));
#11113=CARTESIAN_POINT('',(-33.2880353741348,9.34142904335298,43.9685442591831));
#11114=CARTESIAN_POINT('',(-32.9402547888457,9.63331060463227,43.9685442591831));
#11115=CARTESIAN_POINT('Ctrl Pts',(-33.2880353741348,9.34142904335298,43.9685442591831));
#11116=CARTESIAN_POINT('Ctrl Pts',(-33.1710102967918,9.53048782402314,43.9685442591831));
#11117=CARTESIAN_POINT('Ctrl Pts',(-32.9402547888457,9.63331060463227,43.9685442591831));
#11118=CARTESIAN_POINT('',(-33.2880353741348,9.34142904335298,43.4685442591831));
#11119=CARTESIAN_POINT('',(-33.2880353741348,9.34142904335298,43.9685442591831));
#11120=CARTESIAN_POINT('',(-32.9402547888457,9.63331060463227,43.4685442591831));
#11121=CARTESIAN_POINT('Ctrl Pts',(-33.2880353741348,9.34142904335298,43.4685442591831));
#11122=CARTESIAN_POINT('Ctrl Pts',(-33.1710102967918,9.53048782402314,43.4685442591831));
#11123=CARTESIAN_POINT('Ctrl Pts',(-32.9402547888457,9.63331060463227,43.4685442591831));
#11124=CARTESIAN_POINT('',(-32.9402547888457,9.63331060463227,43.9685442591831));
#11125=CARTESIAN_POINT('Origin',(-33.2419827394187,9.34142904335298,43.9685442591831));
#11126=CARTESIAN_POINT('',(-33.2419827394187,9.34142904335298,43.9685442591831));
#11127=CARTESIAN_POINT('',(-16.6209913697093,9.34142904335298,43.9685442591831));
#11128=CARTESIAN_POINT('',(-33.2419827394187,9.34142904335298,43.4685442591831));
#11129=CARTESIAN_POINT('',(-33.2419827394187,9.34142904335298,43.9685442591831));
#11130=CARTESIAN_POINT('',(-33.2419827394187,9.34142904335298,43.4685442591831));
#11131=CARTESIAN_POINT('Origin',(-33.3037900738418,9.68856649452485,43.9685442591831));
#11132=CARTESIAN_POINT('',(-33.3037900738418,9.68856649452485,43.9685442591831));
#11133=CARTESIAN_POINT('',(-34.5057286341872,16.4391874717628,43.9685442591831));
#11134=CARTESIAN_POINT('',(-33.3037900738418,9.68856649452485,43.4685442591831));
#11135=CARTESIAN_POINT('',(-33.3037900738418,9.68856649452485,43.9685442591831));
#11136=CARTESIAN_POINT('',(-33.3037900738418,9.68856649452485,43.4685442591831));
#11137=CARTESIAN_POINT('Origin',(-33.7311404757201,9.68856649452485,43.9685442591831));
#11138=CARTESIAN_POINT('',(-33.7311404757201,9.68856649452485,43.9685442591831));
#11139=CARTESIAN_POINT('',(-16.8655702378601,9.68856649452485,43.9685442591831));
#11140=CARTESIAN_POINT('',(-33.7311404757201,9.68856649452485,43.4685442591831));
#11141=CARTESIAN_POINT('',(-33.7311404757201,9.68856649452485,43.9685442591831));
#11142=CARTESIAN_POINT('',(-33.7311404757201,9.68856649452485,43.4685442591831));
#11143=CARTESIAN_POINT('Origin',(-33.7311404757201,7.0475085263852,43.9685442591831));
#11144=CARTESIAN_POINT('',(-33.7311404757201,7.0475085263852,43.9685442591831));
#11145=CARTESIAN_POINT('',(-33.7311404757201,18.2975084220771,43.9685442591831));
#11146=CARTESIAN_POINT('',(-33.7311404757201,7.0475085263852,43.4685442591831));
#11147=CARTESIAN_POINT('',(-33.7311404757201,7.0475085263852,43.9685442591831));
#11148=CARTESIAN_POINT('',(-33.7311404757201,7.0475085263852,43.4685442591831));
#11149=CARTESIAN_POINT('Origin',(-33.2156994752586,7.0475085263852,43.9685442591831));
#11150=CARTESIAN_POINT('',(-33.2156994752586,7.0475085263852,43.9685442591831));
#11151=CARTESIAN_POINT('',(-16.6078497376293,7.0475085263852,43.9685442591831));
#11152=CARTESIAN_POINT('',(-33.2156994752586,7.0475085263852,43.4685442591831));
#11153=CARTESIAN_POINT('',(-33.2156994752586,7.0475085263852,43.9685442591831));
#11154=CARTESIAN_POINT('',(-33.2156994752586,7.0475085263852,43.4685442591831));
#11155=CARTESIAN_POINT('Origin',(-33.2156994752586,8.4180285220746,43.9685442591831));
#11156=CARTESIAN_POINT('',(-33.2156994752586,8.4180285220746,43.9685442591831));
#11157=CARTESIAN_POINT('',(-33.2156994752586,18.9827684199218,43.9685442591831));
#11158=CARTESIAN_POINT('',(-33.2156994752586,8.4180285220746,43.4685442591831));
#11159=CARTESIAN_POINT('',(-33.2156994752586,8.4180285220746,43.9685442591831));
#11160=CARTESIAN_POINT('',(-33.2156994752586,8.4180285220746,43.4685442591831));
#11161=CARTESIAN_POINT('Ctrl Pts',(-33.0657633952796,9.07162742668428,43.9685442591831));
#11162=CARTESIAN_POINT('Ctrl Pts',(-33.0657633952796,9.07162742668428,43.4685442591831));
#11163=CARTESIAN_POINT('Ctrl Pts',(-33.2156994752586,8.85113554054536,43.9685442591831));
#11164=CARTESIAN_POINT('Ctrl Pts',(-33.2156994752586,8.85113554054536,43.4685442591831));
#11165=CARTESIAN_POINT('Ctrl Pts',(-33.2156994752586,8.4180285220746,43.9685442591831));
#11166=CARTESIAN_POINT('Ctrl Pts',(-33.2156994752586,8.4180285220746,43.4685442591831));
#11167=CARTESIAN_POINT('',(-33.0657633952796,9.07162742668428,43.9685442591831));
#11168=CARTESIAN_POINT('Ctrl Pts',(-33.0657633952796,9.07162742668428,43.9685442591831));
#11169=CARTESIAN_POINT('Ctrl Pts',(-33.2156994752586,8.85113554054536,43.9685442591831));
#11170=CARTESIAN_POINT('Ctrl Pts',(-33.2156994752586,8.4180285220746,43.9685442591831));
#11171=CARTESIAN_POINT('',(-33.0657633952796,9.07162742668428,43.4685442591831));
#11172=CARTESIAN_POINT('',(-33.0657633952796,9.07162742668428,43.9685442591831));
#11173=CARTESIAN_POINT('Ctrl Pts',(-33.0657633952796,9.07162742668428,43.4685442591831));
#11174=CARTESIAN_POINT('Ctrl Pts',(-33.2156994752586,8.85113554054536,43.4685442591831));
#11175=CARTESIAN_POINT('Ctrl Pts',(-33.2156994752586,8.4180285220746,43.4685442591831));
#11176=CARTESIAN_POINT('Ctrl Pts',(-32.5175627879798,9.29211990886964,43.9685442591831));
#11177=CARTESIAN_POINT('Ctrl Pts',(-32.5175627879798,9.29211990886964,43.4685442591831));
#11178=CARTESIAN_POINT('Ctrl Pts',(-32.9158270172775,9.29211990886964,43.9685442591831));
#11179=CARTESIAN_POINT('Ctrl Pts',(-32.9158270172775,9.29211990886964,43.4685442591831));
#11180=CARTESIAN_POINT('Ctrl Pts',(-33.0657633952796,9.07162742668428,43.9685442591831));
#11181=CARTESIAN_POINT('Ctrl Pts',(-33.0657633952796,9.07162742668428,43.4685442591831));
#11182=CARTESIAN_POINT('',(-32.5175627879798,9.29211990886964,43.9685442591831));
#11183=CARTESIAN_POINT('Ctrl Pts',(-32.5175627879798,9.29211990886964,43.9685442591831));
#11184=CARTESIAN_POINT('Ctrl Pts',(-32.9158270172775,9.29211990886964,43.9685442591831));
#11185=CARTESIAN_POINT('Ctrl Pts',(-33.0657633952796,9.07162742668428,43.9685442591831));
#11186=CARTESIAN_POINT('',(-32.5175627879798,9.29211990886964,43.4685442591831));
#11187=CARTESIAN_POINT('',(-32.5175627879798,9.29211990886964,43.9685442591831));
#11188=CARTESIAN_POINT('Ctrl Pts',(-32.5175627879798,9.29211990886964,43.4685442591831));
#11189=CARTESIAN_POINT('Ctrl Pts',(-32.9158270172775,9.29211990886964,43.4685442591831));
#11190=CARTESIAN_POINT('Ctrl Pts',(-33.0657633952796,9.07162742668428,43.4685442591831));
#11191=CARTESIAN_POINT('Ctrl Pts',(-31.9953805021941,8.72714178615846,43.9685442591831));
#11192=CARTESIAN_POINT('Ctrl Pts',(-31.9953805021941,8.72714178615846,43.4685442591831));
#11193=CARTESIAN_POINT('Ctrl Pts',(-31.9953805021941,9.29211990886964,43.9685442591831));
#11194=CARTESIAN_POINT('Ctrl Pts',(-31.9953805021941,9.29211990886964,43.4685442591831));
#11195=CARTESIAN_POINT('Ctrl Pts',(-32.5175627879798,9.29211990886964,43.9685442591831));
#11196=CARTESIAN_POINT('Ctrl Pts',(-32.5175627879798,9.29211990886964,43.4685442591831));
#11197=CARTESIAN_POINT('',(-31.9953805021941,8.72714178615846,43.9685442591831));
#11198=CARTESIAN_POINT('Ctrl Pts',(-31.9953805021941,8.72714178615846,43.9685442591831));
#11199=CARTESIAN_POINT('Ctrl Pts',(-31.9953805021941,9.29211990886964,43.9685442591831));
#11200=CARTESIAN_POINT('Ctrl Pts',(-32.5175627879798,9.29211990886964,43.9685442591831));
#11201=CARTESIAN_POINT('',(-31.9953805021941,8.72714178615846,43.4685442591831));
#11202=CARTESIAN_POINT('',(-31.9953805021941,8.72714178615846,43.9685442591831));
#11203=CARTESIAN_POINT('Ctrl Pts',(-31.9953805021941,8.72714178615846,43.4685442591831));
#11204=CARTESIAN_POINT('Ctrl Pts',(-31.9953805021941,9.29211990886964,43.4685442591831));
#11205=CARTESIAN_POINT('Ctrl Pts',(-32.5175627879798,9.29211990886964,43.4685442591831));
#11206=CARTESIAN_POINT('Origin',(-31.9953805021941,7.0475085263852,43.9685442591831));
#11207=CARTESIAN_POINT('',(-31.9953805021941,7.0475085263852,43.9685442591831));
#11208=CARTESIAN_POINT('',(-31.9953805021941,18.2975084220771,43.9685442591831));
#11209=CARTESIAN_POINT('',(-31.9953805021941,7.0475085263852,43.4685442591831));
#11210=CARTESIAN_POINT('',(-31.9953805021941,7.0475085263852,43.9685442591831));
#11211=CARTESIAN_POINT('',(-31.9953805021941,7.0475085263852,43.4685442591831));
#11212=CARTESIAN_POINT('Origin',(-31.4847114495933,7.0475085263852,43.9685442591831));
#11213=CARTESIAN_POINT('',(-31.4847114495933,7.0475085263852,43.9685442591831));
#11214=CARTESIAN_POINT('',(-15.7423557247966,7.0475085263852,43.9685442591831));
#11215=CARTESIAN_POINT('',(-31.4847114495933,7.0475085263852,43.4685442591831));
#11216=CARTESIAN_POINT('',(-31.4847114495933,7.0475085263852,43.9685442591831));
#11217=CARTESIAN_POINT('',(-31.4847114495933,7.0475085263852,43.4685442591831));
#11218=CARTESIAN_POINT('Origin',(-31.4847114495933,8.7556977754239,43.9685442591831));
#11219=CARTESIAN_POINT('',(-31.4847114495933,8.7556977754239,43.9685442591831));
#11220=CARTESIAN_POINT('',(-31.4847114495933,19.1516030465964,43.9685442591831));
#11221=CARTESIAN_POINT('',(-31.4847114495933,8.7556977754239,43.4685442591831));
#11222=CARTESIAN_POINT('',(-31.4847114495933,8.7556977754239,43.9685442591831));
#11223=CARTESIAN_POINT('',(-31.4847114495933,8.7556977754239,43.4685442591831));
#11224=CARTESIAN_POINT('Ctrl Pts',(-31.7317893914878,9.50166659408845,43.9685442591831));
#11225=CARTESIAN_POINT('Ctrl Pts',(-31.7317893914878,9.50166659408845,43.4685442591831));
#11226=CARTESIAN_POINT('Ctrl Pts',(-31.4847114495933,9.2671998029355,43.9685442591831));
#11227=CARTESIAN_POINT('Ctrl Pts',(-31.4847114495933,9.2671998029355,43.4685442591831));
#11228=CARTESIAN_POINT('Ctrl Pts',(-31.4847114495933,8.7556977754239,43.9685442591831));
#11229=CARTESIAN_POINT('Ctrl Pts',(-31.4847114495933,8.7556977754239,43.4685442591831));
#11230=CARTESIAN_POINT('',(-31.7317893914878,9.50166659408845,43.9685442591831));
#11231=CARTESIAN_POINT('Ctrl Pts',(-31.7317893914878,9.50166659408845,43.9685442591831));
#11232=CARTESIAN_POINT('Ctrl Pts',(-31.4847114495933,9.2671998029355,43.9685442591831));
#11233=CARTESIAN_POINT('Ctrl Pts',(-31.4847114495933,8.7556977754239,43.9685442591831));
#11234=CARTESIAN_POINT('',(-31.7317893914878,9.50166659408845,43.4685442591831));
#11235=CARTESIAN_POINT('',(-31.7317893914878,9.50166659408845,43.9685442591831));
#11236=CARTESIAN_POINT('Ctrl Pts',(-31.7317893914878,9.50166659408845,43.4685442591831));
#11237=CARTESIAN_POINT('Ctrl Pts',(-31.4847114495933,9.2671998029355,43.4685442591831));
#11238=CARTESIAN_POINT('Ctrl Pts',(-31.4847114495933,8.7556977754239,43.4685442591831));
#11239=CARTESIAN_POINT('Ctrl Pts',(-32.4557551555335,9.73613338524141,43.9685442591831));
#11240=CARTESIAN_POINT('Ctrl Pts',(-32.4557551555335,9.73613338524141,43.4685442591831));
#11241=CARTESIAN_POINT('Ctrl Pts',(-31.978868227452,9.73613338524141,43.9685442591831));
#11242=CARTESIAN_POINT('Ctrl Pts',(-31.978868227452,9.73613338524141,43.4685442591831));
#11243=CARTESIAN_POINT('Ctrl Pts',(-31.7317893914878,9.50166659408845,43.9685442591831));
#11244=CARTESIAN_POINT('Ctrl Pts',(-31.7317893914878,9.50166659408845,43.4685442591831));
#11245=CARTESIAN_POINT('',(-32.4557551555335,9.73613338524141,43.9685442591831));
#11246=CARTESIAN_POINT('Ctrl Pts',(-32.4557551555335,9.73613338524141,43.9685442591831));
#11247=CARTESIAN_POINT('Ctrl Pts',(-31.978868227452,9.73613338524141,43.9685442591831));
#11248=CARTESIAN_POINT('Ctrl Pts',(-31.7317893914878,9.50166659408845,43.9685442591831));
#11249=CARTESIAN_POINT('',(-32.4557551555335,9.73613338524141,43.4685442591831));
#11250=CARTESIAN_POINT('',(-32.4557551555335,9.73613338524141,43.9685442591831));
#11251=CARTESIAN_POINT('Ctrl Pts',(-32.4557551555335,9.73613338524141,43.4685442591831));
#11252=CARTESIAN_POINT('Ctrl Pts',(-31.978868227452,9.73613338524141,43.4685442591831));
#11253=CARTESIAN_POINT('Ctrl Pts',(-31.7317893914878,9.50166659408845,43.4685442591831));
#11254=CARTESIAN_POINT('Ctrl Pts',(-32.9402547888457,9.63331060463227,43.9685442591831));
#11255=CARTESIAN_POINT('Ctrl Pts',(-32.9402547888457,9.63331060463227,43.4685442591831));
#11256=CARTESIAN_POINT('Ctrl Pts',(-32.7094992808997,9.73613338524141,43.9685442591831));
#11257=CARTESIAN_POINT('Ctrl Pts',(-32.7094992808997,9.73613338524141,43.4685442591831));
#11258=CARTESIAN_POINT('Ctrl Pts',(-32.4557551555335,9.73613338524141,43.9685442591831));
#11259=CARTESIAN_POINT('Ctrl Pts',(-32.4557551555335,9.73613338524141,43.4685442591831));
#11260=CARTESIAN_POINT('Ctrl Pts',(-32.9402547888457,9.63331060463227,43.9685442591831));
#11261=CARTESIAN_POINT('Ctrl Pts',(-32.7094992808997,9.73613338524141,43.9685442591831));
#11262=CARTESIAN_POINT('Ctrl Pts',(-32.4557551555335,9.73613338524141,43.9685442591831));
#11263=CARTESIAN_POINT('Ctrl Pts',(-32.9402547888457,9.63331060463227,43.4685442591831));
#11264=CARTESIAN_POINT('Ctrl Pts',(-32.7094992808997,9.73613338524141,43.4685442591831));
#11265=CARTESIAN_POINT('Ctrl Pts',(-32.4557551555335,9.73613338524141,43.4685442591831));
#11266=CARTESIAN_POINT('Origin',(-28.4993191994726,8.79129754358567,43.4685442591831));
#11267=CARTESIAN_POINT('Ctrl Pts',(-6.94595608706143,7.84737007671632,43.9685442591831));
#11268=CARTESIAN_POINT('Ctrl Pts',(-6.94595608706143,7.84737007671632,43.4685442591831));
#11269=CARTESIAN_POINT('Ctrl Pts',(-6.94595608706143,7.63058917576112,43.9685442591831));
#11270=CARTESIAN_POINT('Ctrl Pts',(-6.94595608706143,7.63058917576112,43.4685442591831));
#11271=CARTESIAN_POINT('Ctrl Pts',(-6.84786710734036,7.53253834301271,43.9685442591831));
#11272=CARTESIAN_POINT('Ctrl Pts',(-6.84786710734036,7.53253834301271,43.4685442591831));
#11273=CARTESIAN_POINT('',(-6.94595608706143,7.84737007671632,43.9685442591831));
#11274=CARTESIAN_POINT('',(-6.84786710734036,7.53253834301271,43.9685442591831));
#11275=CARTESIAN_POINT('Ctrl Pts',(-6.94595608706143,7.84737007671632,43.9685442591831));
#11276=CARTESIAN_POINT('Ctrl Pts',(-6.94595608706143,7.63058917576112,43.9685442591831));
#11277=CARTESIAN_POINT('Ctrl Pts',(-6.84786710734036,7.53253834301271,43.9685442591831));
#11278=CARTESIAN_POINT('',(-6.94595608706143,7.84737007671632,43.4685442591831));
#11279=CARTESIAN_POINT('',(-6.94595608706143,7.84737007671632,43.9685442591831));
#11280=CARTESIAN_POINT('',(-6.84786710734036,7.53253834301271,43.4685442591831));
#11281=CARTESIAN_POINT('Ctrl Pts',(-6.94595608706143,7.84737007671632,43.4685442591831));
#11282=CARTESIAN_POINT('Ctrl Pts',(-6.94595608706143,7.63058917576112,43.4685442591831));
#11283=CARTESIAN_POINT('Ctrl Pts',(-6.84786710734036,7.53253834301271,43.4685442591831));
#11284=CARTESIAN_POINT('',(-6.84786710734036,7.53253834301271,43.9685442591831));
#11285=CARTESIAN_POINT('Origin',(-6.94595608706143,9.27310781532563,43.9685442591831));
#11286=CARTESIAN_POINT('',(-6.94595608706143,9.27310781532563,43.9685442591831));
#11287=CARTESIAN_POINT('',(-6.94595608706143,19.4103080665473,43.9685442591831));
#11288=CARTESIAN_POINT('',(-6.94595608706143,9.27310781532563,43.4685442591831));
#11289=CARTESIAN_POINT('',(-6.94595608706143,9.27310781532563,43.9685442591831));
#11290=CARTESIAN_POINT('',(-6.94595608706143,9.27310781532563,43.4685442591831));
#11291=CARTESIAN_POINT('Origin',(-6.20881114000943,9.27310781532563,43.9685442591831));
#11292=CARTESIAN_POINT('',(-6.20881114000943,9.27310781532563,43.9685442591831));
#11293=CARTESIAN_POINT('',(-3.1044055700047,9.27310781532563,43.9685442591831));
#11294=CARTESIAN_POINT('',(-6.20881114000943,9.27310781532563,43.4685442591831));
#11295=CARTESIAN_POINT('',(-6.20881114000943,9.27310781532563,43.9685442591831));
#11296=CARTESIAN_POINT('',(-6.20881114000943,9.27310781532563,43.4685442591831));
#11297=CARTESIAN_POINT('Origin',(-6.20881114000943,9.68856649452485,43.9685442591831));
#11298=CARTESIAN_POINT('',(-6.20881114000943,9.68856649452485,43.9685442591831));
#11299=CARTESIAN_POINT('',(-6.20881114000943,19.6180374061469,43.9685442591831));
#11300=CARTESIAN_POINT('',(-6.20881114000943,9.68856649452485,43.4685442591831));
#11301=CARTESIAN_POINT('',(-6.20881114000943,9.68856649452485,43.9685442591831));
#11302=CARTESIAN_POINT('',(-6.20881114000943,9.68856649452485,43.4685442591831));
#11303=CARTESIAN_POINT('Origin',(-6.94595608706143,9.68856649452485,43.9685442591831));
#11304=CARTESIAN_POINT('',(-6.94595608706143,9.68856649452485,43.9685442591831));
#11305=CARTESIAN_POINT('',(-3.4729780435307,9.68856649452485,43.9685442591831));
#11306=CARTESIAN_POINT('',(-6.94595608706143,9.68856649452485,43.4685442591831));
#11307=CARTESIAN_POINT('',(-6.94595608706143,9.68856649452485,43.9685442591831));
#11308=CARTESIAN_POINT('',(-6.94595608706143,9.68856649452485,43.4685442591831));
#11309=CARTESIAN_POINT('Origin',(-6.94595608706143,10.2735407834653,43.9685442591831));
#11310=CARTESIAN_POINT('',(-6.94595608706143,10.2735407834653,43.9685442591831));
#11311=CARTESIAN_POINT('',(-6.94595608706143,19.9105245506171,43.9685442591831));
#11312=CARTESIAN_POINT('',(-6.94595608706143,10.2735407834653,43.4685442591831));
#11313=CARTESIAN_POINT('',(-6.94595608706143,10.2735407834653,43.9685442591831));
#11314=CARTESIAN_POINT('',(-6.94595608706143,10.2735407834653,43.4685442591831));
#11315=CARTESIAN_POINT('Origin',(-7.27908048624661,10.2735407834653,43.9685442591831));
#11316=CARTESIAN_POINT('',(-7.27908048624661,10.2735407834653,43.9685442591831));
#11317=CARTESIAN_POINT('',(-3.63954024312329,10.2735407834653,43.9685442591831));
#11318=CARTESIAN_POINT('',(-7.27908048624661,10.2735407834653,43.4685442591831));
#11319=CARTESIAN_POINT('',(-7.27908048624661,10.2735407834653,43.9685442591831));
#11320=CARTESIAN_POINT('',(-7.27908048624661,10.2735407834653,43.4685442591831));
#11321=CARTESIAN_POINT('Origin',(-7.44965705866483,9.71772747093476,43.9685442591831));
#11322=CARTESIAN_POINT('',(-7.44965705866483,9.71772747093476,43.9685442591831));
#11323=CARTESIAN_POINT('',(-4.34811797648772,19.8239025849544,43.9685442591831));
#11324=CARTESIAN_POINT('',(-7.44965705866483,9.71772747093476,43.4685442591831));
#11325=CARTESIAN_POINT('',(-7.44965705866483,9.71772747093476,43.9685442591831));
#11326=CARTESIAN_POINT('',(-7.44965705866483,9.71772747093476,43.4685442591831));
#11327=CARTESIAN_POINT('Origin',(-7.8227737903085,9.54813556724824,43.9685442591831));
#11328=CARTESIAN_POINT('',(-7.8227737903085,9.54813556724824,43.9685442591831));
#11329=CARTESIAN_POINT('',(-0.814193061672676,12.7337299057116,43.9685442591831));
#11330=CARTESIAN_POINT('',(-7.8227737903085,9.54813556724824,43.4685442591831));
#11331=CARTESIAN_POINT('',(-7.8227737903085,9.54813556724824,43.9685442591831));
#11332=CARTESIAN_POINT('',(-7.8227737903085,9.54813556724824,43.4685442591831));
#11333=CARTESIAN_POINT('Origin',(-7.8227737903085,9.27310781532563,43.9685442591831));
#11334=CARTESIAN_POINT('',(-7.8227737903085,9.27310781532563,43.9685442591831));
#11335=CARTESIAN_POINT('',(-7.8227737903085,19.4103080665473,43.9685442591831));
#11336=CARTESIAN_POINT('',(-7.8227737903085,9.27310781532563,43.4685442591831));
#11337=CARTESIAN_POINT('',(-7.8227737903085,9.27310781532563,43.9685442591831));
#11338=CARTESIAN_POINT('',(-7.8227737903085,9.27310781532563,43.4685442591831));
#11339=CARTESIAN_POINT('Origin',(-7.46139738554624,9.27310781532563,43.9685442591831));
#11340=CARTESIAN_POINT('',(-7.46139738554624,9.27310781532563,43.9685442591831));
#11341=CARTESIAN_POINT('',(-3.7306986927731,9.27310781532563,43.9685442591831));
#11342=CARTESIAN_POINT('',(-7.46139738554624,9.27310781532563,43.4685442591831));
#11343=CARTESIAN_POINT('',(-7.46139738554624,9.27310781532563,43.9685442591831));
#11344=CARTESIAN_POINT('',(-7.46139738554624,9.27310781532563,43.4685442591831));
#11345=CARTESIAN_POINT('Origin',(-7.46139738554624,7.83782618099488,43.9685442591831));
#11346=CARTESIAN_POINT('',(-7.46139738554624,7.83782618099488,43.9685442591831));
#11347=CARTESIAN_POINT('',(-7.46139738554624,18.6926672493819,43.9685442591831));
#11348=CARTESIAN_POINT('',(-7.46139738554624,7.83782618099488,43.4685442591831));
#11349=CARTESIAN_POINT('',(-7.46139738554624,7.83782618099488,43.9685442591831));
#11350=CARTESIAN_POINT('',(-7.46139738554624,7.83782618099488,43.4685442591831));
#11351=CARTESIAN_POINT('Ctrl Pts',(-7.34910521502164,7.33041422420778,43.9685442591831));
#11352=CARTESIAN_POINT('Ctrl Pts',(-7.34910521502164,7.33041422420778,43.4685442591831));
#11353=CARTESIAN_POINT('Ctrl Pts',(-7.46139738554624,7.51409428173341,43.9685442591831));
#11354=CARTESIAN_POINT('Ctrl Pts',(-7.46139738554624,7.51409428173341,43.4685442591831));
#11355=CARTESIAN_POINT('Ctrl Pts',(-7.46139738554624,7.83782618099488,43.9685442591831));
#11356=CARTESIAN_POINT('Ctrl Pts',(-7.46139738554624,7.83782618099488,43.4685442591831));
#11357=CARTESIAN_POINT('',(-7.34910521502164,7.33041422420778,43.9685442591831));
#11358=CARTESIAN_POINT('Ctrl Pts',(-7.34910521502164,7.33041422420778,43.9685442591831));
#11359=CARTESIAN_POINT('Ctrl Pts',(-7.46139738554624,7.51409428173341,43.9685442591831));
#11360=CARTESIAN_POINT('Ctrl Pts',(-7.46139738554624,7.83782618099488,43.9685442591831));
#11361=CARTESIAN_POINT('',(-7.34910521502164,7.33041422420778,43.4685442591831));
#11362=CARTESIAN_POINT('',(-7.34910521502164,7.33041422420778,43.9685442591831));
#11363=CARTESIAN_POINT('Ctrl Pts',(-7.34910521502164,7.33041422420778,43.4685442591831));
#11364=CARTESIAN_POINT('Ctrl Pts',(-7.46139738554624,7.51409428173341,43.4685442591831));
#11365=CARTESIAN_POINT('Ctrl Pts',(-7.46139738554624,7.83782618099488,43.4685442591831));
#11366=CARTESIAN_POINT('Ctrl Pts',(-7.05718669886258,7.07333760315217,43.9685442591831));
#11367=CARTESIAN_POINT('Ctrl Pts',(-7.05718669886258,7.07333760315217,43.4685442591831));
#11368=CARTESIAN_POINT('Ctrl Pts',(-7.23681483263638,7.14673357063569,43.9685442591831));
#11369=CARTESIAN_POINT('Ctrl Pts',(-7.23681483263638,7.14673357063569,43.4685442591831));
#11370=CARTESIAN_POINT('Ctrl Pts',(-7.34910521502164,7.33041422420778,43.9685442591831));
#11371=CARTESIAN_POINT('Ctrl Pts',(-7.34910521502164,7.33041422420778,43.4685442591831));
#11372=CARTESIAN_POINT('',(-7.05718669886258,7.07333760315217,43.9685442591831));
#11373=CARTESIAN_POINT('Ctrl Pts',(-7.05718669886258,7.07333760315217,43.9685442591831));
#11374=CARTESIAN_POINT('Ctrl Pts',(-7.23681483263638,7.14673357063569,43.9685442591831));
#11375=CARTESIAN_POINT('Ctrl Pts',(-7.34910521502164,7.33041422420778,43.9685442591831));
#11376=CARTESIAN_POINT('',(-7.05718669886258,7.07333760315217,43.4685442591831));
#11377=CARTESIAN_POINT('',(-7.05718669886258,7.07333760315217,43.9685442591831));
#11378=CARTESIAN_POINT('Ctrl Pts',(-7.05718669886258,7.07333760315217,43.4685442591831));
#11379=CARTESIAN_POINT('Ctrl Pts',(-7.23681483263638,7.14673357063569,43.4685442591831));
#11380=CARTESIAN_POINT('Ctrl Pts',(-7.34910521502164,7.33041422420778,43.4685442591831));
#11381=CARTESIAN_POINT('Ctrl Pts',(-6.66630778307584,6.9999410396222,43.9685442591831));
#11382=CARTESIAN_POINT('Ctrl Pts',(-6.66630778307584,6.9999410396222,43.4685442591831));
#11383=CARTESIAN_POINT('Ctrl Pts',(-6.87755856508878,6.9999410396222,43.9685442591831));
#11384=CARTESIAN_POINT('Ctrl Pts',(-6.87755856508878,6.9999410396222,43.4685442591831));
#11385=CARTESIAN_POINT('Ctrl Pts',(-7.05718669886258,7.07333760315217,43.9685442591831));
#11386=CARTESIAN_POINT('Ctrl Pts',(-7.05718669886258,7.07333760315217,43.4685442591831));
#11387=CARTESIAN_POINT('',(-6.66630778307584,6.9999410396222,43.9685442591831));
#11388=CARTESIAN_POINT('Ctrl Pts',(-6.66630778307584,6.9999410396222,43.9685442591831));
#11389=CARTESIAN_POINT('Ctrl Pts',(-6.87755856508878,6.9999410396222,43.9685442591831));
#11390=CARTESIAN_POINT('Ctrl Pts',(-7.05718669886258,7.07333760315217,43.9685442591831));
#11391=CARTESIAN_POINT('',(-6.66630778307584,6.9999410396222,43.4685442591831));
#11392=CARTESIAN_POINT('',(-6.66630778307584,6.9999410396222,43.9685442591831));
#11393=CARTESIAN_POINT('Ctrl Pts',(-6.66630778307584,6.9999410396222,43.4685442591831));
#11394=CARTESIAN_POINT('Ctrl Pts',(-6.87755856508878,6.9999410396222,43.4685442591831));
#11395=CARTESIAN_POINT('Ctrl Pts',(-7.05718669886258,7.07333760315217,43.4685442591831));
#11396=CARTESIAN_POINT('Ctrl Pts',(-6.41752514834073,7.02194469028749,43.9685442591831));
#11397=CARTESIAN_POINT('Ctrl Pts',(-6.41752514834073,7.02194469028749,43.4685442591831));
#11398=CARTESIAN_POINT('Ctrl Pts',(-6.54473814959195,6.9999410396222,43.9685442591831));
#11399=CARTESIAN_POINT('Ctrl Pts',(-6.54473814959195,6.9999410396222,43.4685442591831));
#11400=CARTESIAN_POINT('Ctrl Pts',(-6.66630778307584,6.9999410396222,43.9685442591831));
#11401=CARTESIAN_POINT('Ctrl Pts',(-6.66630778307584,6.9999410396222,43.4685442591831));
#11402=CARTESIAN_POINT('',(-6.41752514834073,7.02194469028749,43.9685442591831));
#11403=CARTESIAN_POINT('Ctrl Pts',(-6.41752514834073,7.02194469028749,43.9685442591831));
#11404=CARTESIAN_POINT('Ctrl Pts',(-6.54473814959195,6.9999410396222,43.9685442591831));
#11405=CARTESIAN_POINT('Ctrl Pts',(-6.66630778307584,6.9999410396222,43.9685442591831));
#11406=CARTESIAN_POINT('',(-6.41752514834073,7.02194469028749,43.4685442591831));
#11407=CARTESIAN_POINT('',(-6.41752514834073,7.02194469028749,43.9685442591831));
#11408=CARTESIAN_POINT('Ctrl Pts',(-6.41752514834073,7.02194469028749,43.4685442591831));
#11409=CARTESIAN_POINT('Ctrl Pts',(-6.54473814959195,6.9999410396222,43.4685442591831));
#11410=CARTESIAN_POINT('Ctrl Pts',(-6.66630778307584,6.9999410396222,43.4685442591831));
#11411=CARTESIAN_POINT('Ctrl Pts',(-6.18979964251187,7.09424274021424,43.9685442591831));
#11412=CARTESIAN_POINT('Ctrl Pts',(-6.18979964251187,7.09424274021424,43.4685442591831));
#11413=CARTESIAN_POINT('Ctrl Pts',(-6.29031214708951,7.04394834095277,43.9685442591831));
#11414=CARTESIAN_POINT('Ctrl Pts',(-6.29031214708951,7.04394834095277,43.4685442591831));
#11415=CARTESIAN_POINT('Ctrl Pts',(-6.41752514834073,7.02194469028749,43.9685442591831));
#11416=CARTESIAN_POINT('Ctrl Pts',(-6.41752514834073,7.02194469028749,43.4685442591831));
#11417=CARTESIAN_POINT('',(-6.18979964251187,7.09424274021424,43.9685442591831));
#11418=CARTESIAN_POINT('Ctrl Pts',(-6.18979964251187,7.09424274021424,43.9685442591831));
#11419=CARTESIAN_POINT('Ctrl Pts',(-6.29031214708951,7.04394834095277,43.9685442591831));
#11420=CARTESIAN_POINT('Ctrl Pts',(-6.41752514834073,7.02194469028749,43.9685442591831));
#11421=CARTESIAN_POINT('',(-6.18979964251187,7.09424274021424,43.4685442591831));
#11422=CARTESIAN_POINT('',(-6.18979964251187,7.09424274021424,43.9685442591831));
#11423=CARTESIAN_POINT('Ctrl Pts',(-6.18979964251187,7.09424274021424,43.4685442591831));
#11424=CARTESIAN_POINT('Ctrl Pts',(-6.29031214708951,7.04394834095277,43.4685442591831));
#11425=CARTESIAN_POINT('Ctrl Pts',(-6.41752514834073,7.02194469028749,43.4685442591831));
#11426=CARTESIAN_POINT('Origin',(-6.18979964251187,7.49159829670228,43.9685442591831));
#11427=CARTESIAN_POINT('',(-6.18979964251187,7.49159829670228,43.9685442591831));
#11428=CARTESIAN_POINT('',(-6.18979964251187,18.5195533072356,43.9685442591831));
#11429=CARTESIAN_POINT('',(-6.18979964251187,7.49159829670228,43.4685442591831));
#11430=CARTESIAN_POINT('',(-6.18979964251187,7.49159829670228,43.9685442591831));
#11431=CARTESIAN_POINT('',(-6.18979964251187,7.49159829670228,43.4685442591831));
#11432=CARTESIAN_POINT('Ctrl Pts',(-6.40794310564664,7.45050685459413,43.9685442591831));
#11433=CARTESIAN_POINT('Ctrl Pts',(-6.40794310564664,7.45050685459413,43.4685442591831));
#11434=CARTESIAN_POINT('Ctrl Pts',(-6.31182346338895,7.46652679497041,43.9685442591831));
#11435=CARTESIAN_POINT('Ctrl Pts',(-6.31182346338895,7.46652679497041,43.4685442591831));
#11436=CARTESIAN_POINT('Ctrl Pts',(-6.18979964251187,7.49159829670228,43.9685442591831));
#11437=CARTESIAN_POINT('Ctrl Pts',(-6.18979964251187,7.49159829670228,43.4685442591831));
#11438=CARTESIAN_POINT('',(-6.40794310564664,7.45050685459413,43.9685442591831));
#11439=CARTESIAN_POINT('Ctrl Pts',(-6.40794310564664,7.45050685459413,43.9685442591831));
#11440=CARTESIAN_POINT('Ctrl Pts',(-6.31182346338895,7.46652679497041,43.9685442591831));
#11441=CARTESIAN_POINT('Ctrl Pts',(-6.18979964251187,7.49159829670228,43.9685442591831));
#11442=CARTESIAN_POINT('',(-6.40794310564664,7.45050685459413,43.4685442591831));
#11443=CARTESIAN_POINT('',(-6.40794310564664,7.45050685459413,43.9685442591831));
#11444=CARTESIAN_POINT('Ctrl Pts',(-6.40794310564664,7.45050685459413,43.4685442591831));
#11445=CARTESIAN_POINT('Ctrl Pts',(-6.31182346338895,7.46652679497041,43.4685442591831));
#11446=CARTESIAN_POINT('Ctrl Pts',(-6.18979964251187,7.49159829670228,43.4685442591831));
#11447=CARTESIAN_POINT('Ctrl Pts',(-6.59495625490811,7.43448691421785,43.9685442591831));
#11448=CARTESIAN_POINT('Ctrl Pts',(-6.59495625490811,7.43448691421785,43.4685442591831));
#11449=CARTESIAN_POINT('Ctrl Pts',(-6.50406274790433,7.43448691421785,43.9685442591831));
#11450=CARTESIAN_POINT('Ctrl Pts',(-6.50406274790433,7.43448691421785,43.4685442591831));
#11451=CARTESIAN_POINT('Ctrl Pts',(-6.40794310564664,7.45050685459413,43.9685442591831));
#11452=CARTESIAN_POINT('Ctrl Pts',(-6.40794310564664,7.45050685459413,43.4685442591831));
#11453=CARTESIAN_POINT('',(-6.59495625490811,7.43448691421785,43.9685442591831));
#11454=CARTESIAN_POINT('Ctrl Pts',(-6.59495625490811,7.43448691421785,43.9685442591831));
#11455=CARTESIAN_POINT('Ctrl Pts',(-6.50406274790433,7.43448691421785,43.9685442591831));
#11456=CARTESIAN_POINT('Ctrl Pts',(-6.40794310564664,7.45050685459413,43.9685442591831));
#11457=CARTESIAN_POINT('',(-6.59495625490811,7.43448691421785,43.4685442591831));
#11458=CARTESIAN_POINT('',(-6.59495625490811,7.43448691421785,43.9685442591831));
#11459=CARTESIAN_POINT('Ctrl Pts',(-6.59495625490811,7.43448691421785,43.4685442591831));
#11460=CARTESIAN_POINT('Ctrl Pts',(-6.50406274790433,7.43448691421785,43.4685442591831));
#11461=CARTESIAN_POINT('Ctrl Pts',(-6.40794310564664,7.45050685459413,43.4685442591831));
#11462=CARTESIAN_POINT('Ctrl Pts',(-6.84786710734036,7.53253834301271,43.9685442591831));
#11463=CARTESIAN_POINT('Ctrl Pts',(-6.84786710734036,7.53253834301271,43.4685442591831));
#11464=CARTESIAN_POINT('Ctrl Pts',(-6.74977812761929,7.43448691421785,43.9685442591831));
#11465=CARTESIAN_POINT('Ctrl Pts',(-6.74977812761929,7.43448691421785,43.4685442591831));
#11466=CARTESIAN_POINT('Ctrl Pts',(-6.59495625490811,7.43448691421785,43.9685442591831));
#11467=CARTESIAN_POINT('Ctrl Pts',(-6.59495625490811,7.43448691421785,43.4685442591831));
#11468=CARTESIAN_POINT('Ctrl Pts',(-6.84786710734036,7.53253834301271,43.9685442591831));
#11469=CARTESIAN_POINT('Ctrl Pts',(-6.74977812761929,7.43448691421785,43.9685442591831));
#11470=CARTESIAN_POINT('Ctrl Pts',(-6.59495625490811,7.43448691421785,43.9685442591831));
#11471=CARTESIAN_POINT('Ctrl Pts',(-6.84786710734036,7.53253834301271,43.4685442591831));
#11472=CARTESIAN_POINT('Ctrl Pts',(-6.74977812761929,7.43448691421785,43.4685442591831));
#11473=CARTESIAN_POINT('Ctrl Pts',(-6.59495625490811,7.43448691421785,43.4685442591831));
#11474=CARTESIAN_POINT('Origin',(-9.62564382548001,8.79129754358567,43.4685442591831));
#11475=CARTESIAN_POINT('Ctrl Pts',(-11.2599817275491,8.78281431251802,43.9685442591831));
#11476=CARTESIAN_POINT('Ctrl Pts',(-11.2599817275491,8.78281431251802,43.4685442591831));
#11477=CARTESIAN_POINT('Ctrl Pts',(-11.0458520411935,8.65238206440248,43.9685442591831));
#11478=CARTESIAN_POINT('Ctrl Pts',(-11.0458520411935,8.65238206440248,43.4685442591831));
#11479=CARTESIAN_POINT('Ctrl Pts',(-10.9328034877267,8.46654312664308,43.9685442591831));
#11480=CARTESIAN_POINT('Ctrl Pts',(-10.9328034877267,8.46654312664308,43.4685442591831));
#11481=CARTESIAN_POINT('',(-11.2599817275491,8.78281431251802,43.9685442591831));
#11482=CARTESIAN_POINT('',(-10.9328034877267,8.46654312664308,43.9685442591831));
#11483=CARTESIAN_POINT('Ctrl Pts',(-11.2599817275491,8.78281431251802,43.9685442591831));
#11484=CARTESIAN_POINT('Ctrl Pts',(-11.0458520411935,8.65238206440248,43.9685442591831));
#11485=CARTESIAN_POINT('Ctrl Pts',(-10.9328034877267,8.46654312664308,43.9685442591831));
#11486=CARTESIAN_POINT('',(-11.2599817275491,8.78281431251802,43.4685442591831));
#11487=CARTESIAN_POINT('',(-11.2599817275491,8.78281431251802,43.9685442591831));
#11488=CARTESIAN_POINT('',(-10.9328034877267,8.46654312664308,43.4685442591831));
#11489=CARTESIAN_POINT('Ctrl Pts',(-11.2599817275491,8.78281431251802,43.4685442591831));
#11490=CARTESIAN_POINT('Ctrl Pts',(-11.0458520411935,8.65238206440248,43.4685442591831));
#11491=CARTESIAN_POINT('Ctrl Pts',(-10.9328034877267,8.46654312664308,43.4685442591831));
#11492=CARTESIAN_POINT('',(-10.9328034877267,8.46654312664308,43.9685442591831));
#11493=CARTESIAN_POINT('Ctrl Pts',(-11.8064025401559,9.03239207321443,43.9685442591831));
#11494=CARTESIAN_POINT('Ctrl Pts',(-11.8064025401559,9.03239207321443,43.4685442591831));
#11495=CARTESIAN_POINT('Ctrl Pts',(-11.4741114139047,8.91324596458711,43.9685442591831));
#11496=CARTESIAN_POINT('Ctrl Pts',(-11.4741114139047,8.91324596458711,43.4685442591831));
#11497=CARTESIAN_POINT('Ctrl Pts',(-11.2599817275491,8.78281431251802,43.9685442591831));
#11498=CARTESIAN_POINT('Ctrl Pts',(-11.2599817275491,8.78281431251802,43.4685442591831));
#11499=CARTESIAN_POINT('',(-11.8064025401559,9.03239207321443,43.9685442591831));
#11500=CARTESIAN_POINT('Ctrl Pts',(-11.8064025401559,9.03239207321443,43.9685442591831));
#11501=CARTESIAN_POINT('Ctrl Pts',(-11.4741114139047,8.91324596458711,43.9685442591831));
#11502=CARTESIAN_POINT('Ctrl Pts',(-11.2599817275491,8.78281431251802,43.9685442591831));
#11503=CARTESIAN_POINT('',(-11.8064025401559,9.03239207321443,43.4685442591831));
#11504=CARTESIAN_POINT('',(-11.8064025401559,9.03239207321443,43.9685442591831));
#11505=CARTESIAN_POINT('Ctrl Pts',(-11.8064025401559,9.03239207321443,43.4685442591831));
#11506=CARTESIAN_POINT('Ctrl Pts',(-11.4741114139047,8.91324596458711,43.4685442591831));
#11507=CARTESIAN_POINT('Ctrl Pts',(-11.2599817275491,8.78281431251802,43.4685442591831));
#11508=CARTESIAN_POINT('Ctrl Pts',(-12.2039088963952,9.21315627151765,43.9685442591831));
#11509=CARTESIAN_POINT('Ctrl Pts',(-12.2039088963952,9.21315627151765,43.4685442591831));
#11510=CARTESIAN_POINT('Ctrl Pts',(-12.0488599299875,9.12646668010987,43.9685442591831));
#11511=CARTESIAN_POINT('Ctrl Pts',(-12.0488599299875,9.12646668010987,43.4685442591831));
#11512=CARTESIAN_POINT('Ctrl Pts',(-11.8064025401559,9.03239207321443,43.9685442591831));
#11513=CARTESIAN_POINT('Ctrl Pts',(-11.8064025401559,9.03239207321443,43.4685442591831));
#11514=CARTESIAN_POINT('',(-12.2039088963952,9.21315627151765,43.9685442591831));
#11515=CARTESIAN_POINT('Ctrl Pts',(-12.2039088963952,9.21315627151765,43.9685442591831));
#11516=CARTESIAN_POINT('Ctrl Pts',(-12.0488599299875,9.12646668010987,43.9685442591831));
#11517=CARTESIAN_POINT('Ctrl Pts',(-11.8064025401559,9.03239207321443,43.9685442591831));
#11518=CARTESIAN_POINT('',(-12.2039088963952,9.21315627151765,43.4685442591831));
#11519=CARTESIAN_POINT('',(-12.2039088963952,9.21315627151765,43.9685442591831));
#11520=CARTESIAN_POINT('Ctrl Pts',(-12.2039088963952,9.21315627151765,43.4685442591831));
#11521=CARTESIAN_POINT('Ctrl Pts',(-12.0488599299875,9.12646668010987,43.4685442591831));
#11522=CARTESIAN_POINT('Ctrl Pts',(-11.8064025401559,9.03239207321443,43.4685442591831));
#11523=CARTESIAN_POINT('Ctrl Pts',(-12.4239847421136,9.40388100200929,43.9685442591831));
#11524=CARTESIAN_POINT('Ctrl Pts',(-12.4239847421136,9.40388100200929,43.4685442591831));
#11525=CARTESIAN_POINT('Ctrl Pts',(-12.358957862803,9.29984586292543,43.9685442591831));
#11526=CARTESIAN_POINT('Ctrl Pts',(-12.358957862803,9.29984586292543,43.4685442591831));
#11527=CARTESIAN_POINT('Ctrl Pts',(-12.2039088963952,9.21315627151765,43.9685442591831));
#11528=CARTESIAN_POINT('Ctrl Pts',(-12.2039088963952,9.21315627151765,43.4685442591831));
#11529=CARTESIAN_POINT('',(-12.4239847421136,9.40388100200929,43.9685442591831));
#11530=CARTESIAN_POINT('Ctrl Pts',(-12.4239847421136,9.40388100200929,43.9685442591831));
#11531=CARTESIAN_POINT('Ctrl Pts',(-12.358957862803,9.29984586292543,43.9685442591831));
#11532=CARTESIAN_POINT('Ctrl Pts',(-12.2039088963952,9.21315627151765,43.9685442591831));
#11533=CARTESIAN_POINT('',(-12.4239847421136,9.40388100200929,43.4685442591831));
#11534=CARTESIAN_POINT('',(-12.4239847421136,9.40388100200929,43.9685442591831));
#11535=CARTESIAN_POINT('Ctrl Pts',(-12.4239847421136,9.40388100200929,43.4685442591831));
#11536=CARTESIAN_POINT('Ctrl Pts',(-12.358957862803,9.29984586292543,43.4685442591831));
#11537=CARTESIAN_POINT('Ctrl Pts',(-12.2039088963952,9.21315627151765,43.4685442591831));
#11538=CARTESIAN_POINT('Ctrl Pts',(-12.489011323401,9.66872172409333,43.9685442591831));
#11539=CARTESIAN_POINT('Ctrl Pts',(-12.489011323401,9.66872172409333,43.4685442591831));
#11540=CARTESIAN_POINT('Ctrl Pts',(-12.489011323401,9.5079155450467,43.9685442591831));
#11541=CARTESIAN_POINT('Ctrl Pts',(-12.489011323401,9.5079155450467,43.4685442591831));
#11542=CARTESIAN_POINT('Ctrl Pts',(-12.4239847421136,9.40388100200929,43.9685442591831));
#11543=CARTESIAN_POINT('Ctrl Pts',(-12.4239847421136,9.40388100200929,43.4685442591831));
#11544=CARTESIAN_POINT('',(-12.489011323401,9.66872172409333,43.9685442591831));
#11545=CARTESIAN_POINT('Ctrl Pts',(-12.489011323401,9.66872172409333,43.9685442591831));
#11546=CARTESIAN_POINT('Ctrl Pts',(-12.489011323401,9.5079155450467,43.9685442591831));
#11547=CARTESIAN_POINT('Ctrl Pts',(-12.4239847421136,9.40388100200929,43.9685442591831));
#11548=CARTESIAN_POINT('',(-12.489011323401,9.66872172409333,43.4685442591831));
#11549=CARTESIAN_POINT('',(-12.489011323401,9.66872172409333,43.9685442591831));
#11550=CARTESIAN_POINT('Ctrl Pts',(-12.489011323401,9.66872172409333,43.4685442591831));
#11551=CARTESIAN_POINT('Ctrl Pts',(-12.489011323401,9.5079155450467,43.4685442591831));
#11552=CARTESIAN_POINT('Ctrl Pts',(-12.4239847421136,9.40388100200929,43.4685442591831));
#11553=CARTESIAN_POINT('Ctrl Pts',(-12.3423323392358,9.99192314201631,43.9685442591831));
#11554=CARTESIAN_POINT('Ctrl Pts',(-12.3423323392358,9.99192314201631,43.4685442591831));
#11555=CARTESIAN_POINT('Ctrl Pts',(-12.489011323401,9.86898975425996,43.9685442591831));
#11556=CARTESIAN_POINT('Ctrl Pts',(-12.489011323401,9.86898975425996,43.4685442591831));
#11557=CARTESIAN_POINT('Ctrl Pts',(-12.489011323401,9.66872172409333,43.9685442591831));
#11558=CARTESIAN_POINT('Ctrl Pts',(-12.489011323401,9.66872172409333,43.4685442591831));
#11559=CARTESIAN_POINT('',(-12.3423323392358,9.99192314201631,43.9685442591831));
#11560=CARTESIAN_POINT('Ctrl Pts',(-12.3423323392358,9.99192314201631,43.9685442591831));
#11561=CARTESIAN_POINT('Ctrl Pts',(-12.489011323401,9.86898975425996,43.9685442591831));
#11562=CARTESIAN_POINT('Ctrl Pts',(-12.489011323401,9.66872172409333,43.9685442591831));
#11563=CARTESIAN_POINT('',(-12.3423323392358,9.99192314201631,43.4685442591831));
#11564=CARTESIAN_POINT('',(-12.3423323392358,9.99192314201631,43.9685442591831));
#11565=CARTESIAN_POINT('Ctrl Pts',(-12.3423323392358,9.99192314201631,43.4685442591831));
#11566=CARTESIAN_POINT('Ctrl Pts',(-12.489011323401,9.86898975425996,43.4685442591831));
#11567=CARTESIAN_POINT('Ctrl Pts',(-12.489011323401,9.66872172409333,43.4685442591831));
#11568=CARTESIAN_POINT('Ctrl Pts',(-11.8954775094476,10.1148562317494,43.9685442591831));
#11569=CARTESIAN_POINT('Ctrl Pts',(-11.8954775094476,10.1148562317494,43.4685442591831));
#11570=CARTESIAN_POINT('Ctrl Pts',(-12.1956530570474,10.1148562317494,43.9685442591831));
#11571=CARTESIAN_POINT('Ctrl Pts',(-12.1956530570474,10.1148562317494,43.4685442591831));
#11572=CARTESIAN_POINT('Ctrl Pts',(-12.3423323392358,9.99192314201631,43.9685442591831));
#11573=CARTESIAN_POINT('Ctrl Pts',(-12.3423323392358,9.99192314201631,43.4685442591831));
#11574=CARTESIAN_POINT('',(-11.8954775094476,10.1148562317494,43.9685442591831));
#11575=CARTESIAN_POINT('Ctrl Pts',(-11.8954775094476,10.1148562317494,43.9685442591831));
#11576=CARTESIAN_POINT('Ctrl Pts',(-12.1956530570474,10.1148562317494,43.9685442591831));
#11577=CARTESIAN_POINT('Ctrl Pts',(-12.3423323392358,9.99192314201631,43.9685442591831));
#11578=CARTESIAN_POINT('',(-11.8954775094476,10.1148562317494,43.4685442591831));
#11579=CARTESIAN_POINT('',(-11.8954775094476,10.1148562317494,43.9685442591831));
#11580=CARTESIAN_POINT('Ctrl Pts',(-11.8954775094476,10.1148562317494,43.4685442591831));
#11581=CARTESIAN_POINT('Ctrl Pts',(-12.1956530570474,10.1148562317494,43.4685442591831));
#11582=CARTESIAN_POINT('Ctrl Pts',(-12.3423323392358,9.99192314201631,43.4685442591831));
#11583=CARTESIAN_POINT('Ctrl Pts',(-11.4763078450647,10.063046980441,43.9685442591831));
#11584=CARTESIAN_POINT('Ctrl Pts',(-11.4763078450647,10.063046980441,43.4685442591831));
#11585=CARTESIAN_POINT('Ctrl Pts',(-11.6809693335977,10.1148562317494,43.9685442591831));
#11586=CARTESIAN_POINT('Ctrl Pts',(-11.6809693335977,10.1148562317494,43.4685442591831));
#11587=CARTESIAN_POINT('Ctrl Pts',(-11.8954775094476,10.1148562317494,43.9685442591831));
#11588=CARTESIAN_POINT('Ctrl Pts',(-11.8954775094476,10.1148562317494,43.4685442591831));
#11589=CARTESIAN_POINT('',(-11.4763078450647,10.063046980441,43.9685442591831));
#11590=CARTESIAN_POINT('Ctrl Pts',(-11.4763078450647,10.063046980441,43.9685442591831));
#11591=CARTESIAN_POINT('Ctrl Pts',(-11.6809693335977,10.1148562317494,43.9685442591831));
#11592=CARTESIAN_POINT('Ctrl Pts',(-11.8954775094476,10.1148562317494,43.9685442591831));
#11593=CARTESIAN_POINT('',(-11.4763078450647,10.063046980441,43.4685442591831));
#11594=CARTESIAN_POINT('',(-11.4763078450647,10.063046980441,43.9685442591831));
#11595=CARTESIAN_POINT('Ctrl Pts',(-11.4763078450647,10.063046980441,43.4685442591831));
#11596=CARTESIAN_POINT('Ctrl Pts',(-11.6809693335977,10.1148562317494,43.4685442591831));
#11597=CARTESIAN_POINT('Ctrl Pts',(-11.8954775094476,10.1148562317494,43.4685442591831));
#11598=CARTESIAN_POINT('Ctrl Pts',(-11.0544869660821,9.93412988239564,43.9685442591831));
#11599=CARTESIAN_POINT('Ctrl Pts',(-11.0544869660821,9.93412988239564,43.4685442591831));
#11600=CARTESIAN_POINT('Ctrl Pts',(-11.2716463565316,10.0112374311093,43.9685442591831));
#11601=CARTESIAN_POINT('Ctrl Pts',(-11.2716463565316,10.0112374311093,43.4685442591831));
#11602=CARTESIAN_POINT('Ctrl Pts',(-11.4763078450647,10.063046980441,43.9685442591831));
#11603=CARTESIAN_POINT('Ctrl Pts',(-11.4763078450647,10.063046980441,43.4685442591831));
#11604=CARTESIAN_POINT('',(-11.0544869660821,9.93412988239564,43.9685442591831));
#11605=CARTESIAN_POINT('Ctrl Pts',(-11.0544869660821,9.93412988239564,43.9685442591831));
#11606=CARTESIAN_POINT('Ctrl Pts',(-11.2716463565316,10.0112374311093,43.9685442591831));
#11607=CARTESIAN_POINT('Ctrl Pts',(-11.4763078450647,10.063046980441,43.9685442591831));
#11608=CARTESIAN_POINT('',(-11.0544869660821,9.93412988239564,43.4685442591831));
#11609=CARTESIAN_POINT('',(-11.0544869660821,9.93412988239564,43.9685442591831));
#11610=CARTESIAN_POINT('Ctrl Pts',(-11.0544869660821,9.93412988239564,43.4685442591831));
#11611=CARTESIAN_POINT('Ctrl Pts',(-11.2716463565316,10.0112374311093,43.4685442591831));
#11612=CARTESIAN_POINT('Ctrl Pts',(-11.4763078450647,10.063046980441,43.4685442591831));
#11613=CARTESIAN_POINT('Origin',(-10.9006497621026,10.3704180007581,43.9685442591831));
#11614=CARTESIAN_POINT('',(-10.9006497621026,10.3704180007581,43.9685442591831));
#11615=CARTESIAN_POINT('',(-7.29085175565326,20.6079414291752,43.9685442591831));
#11616=CARTESIAN_POINT('',(-10.9006497621026,10.3704180007581,43.4685442591831));
#11617=CARTESIAN_POINT('',(-10.9006497621026,10.3704180007581,43.9685442591831));
#11618=CARTESIAN_POINT('',(-10.9006497621026,10.3704180007581,43.4685442591831));
#11619=CARTESIAN_POINT('Ctrl Pts',(-11.3617441415277,10.5289511566762,43.9685442591831));
#11620=CARTESIAN_POINT('Ctrl Pts',(-11.3617441415277,10.5289511566762,43.4685442591831));
#11621=CARTESIAN_POINT('Ctrl Pts',(-11.1226567983117,10.4752482658032,43.9685442591831));
#11622=CARTESIAN_POINT('Ctrl Pts',(-11.1226567983117,10.4752482658032,43.4685442591831));
#11623=CARTESIAN_POINT('Ctrl Pts',(-10.9006497621026,10.3704180007581,43.9685442591831));
#11624=CARTESIAN_POINT('Ctrl Pts',(-10.9006497621026,10.3704180007581,43.4685442591831));
#11625=CARTESIAN_POINT('',(-11.3617441415277,10.5289511566762,43.9685442591831));
#11626=CARTESIAN_POINT('Ctrl Pts',(-11.3617441415277,10.5289511566762,43.9685442591831));
#11627=CARTESIAN_POINT('Ctrl Pts',(-11.1226567983117,10.4752482658032,43.9685442591831));
#11628=CARTESIAN_POINT('Ctrl Pts',(-10.9006497621026,10.3704180007581,43.9685442591831));
#11629=CARTESIAN_POINT('',(-11.3617441415277,10.5289511566762,43.4685442591831));
#11630=CARTESIAN_POINT('',(-11.3617441415277,10.5289511566762,43.9685442591831));
#11631=CARTESIAN_POINT('Ctrl Pts',(-11.3617441415277,10.5289511566762,43.4685442591831));
#11632=CARTESIAN_POINT('Ctrl Pts',(-11.1226567983117,10.4752482658032,43.4685442591831));
#11633=CARTESIAN_POINT('Ctrl Pts',(-10.9006497621026,10.3704180007581,43.4685442591831));
#11634=CARTESIAN_POINT('Ctrl Pts',(-11.8859342097726,10.5826540475491,43.9685442591831));
#11635=CARTESIAN_POINT('Ctrl Pts',(-11.8859342097726,10.5826540475491,43.4685442591831));
#11636=CARTESIAN_POINT('Ctrl Pts',(-11.6008320807901,10.5826540475491,43.9685442591831));
#11637=CARTESIAN_POINT('Ctrl Pts',(-11.6008320807901,10.5826540475491,43.4685442591831));
#11638=CARTESIAN_POINT('Ctrl Pts',(-11.3617441415277,10.5289511566762,43.9685442591831));
#11639=CARTESIAN_POINT('Ctrl Pts',(-11.3617441415277,10.5289511566762,43.4685442591831));
#11640=CARTESIAN_POINT('',(-11.8859342097726,10.5826540475491,43.9685442591831));
#11641=CARTESIAN_POINT('Ctrl Pts',(-11.8859342097726,10.5826540475491,43.9685442591831));
#11642=CARTESIAN_POINT('Ctrl Pts',(-11.6008320807901,10.5826540475491,43.9685442591831));
#11643=CARTESIAN_POINT('Ctrl Pts',(-11.3617441415277,10.5289511566762,43.9685442591831));
#11644=CARTESIAN_POINT('',(-11.8859342097726,10.5826540475491,43.4685442591831));
#11645=CARTESIAN_POINT('',(-11.8859342097726,10.5826540475491,43.9685442591831));
#11646=CARTESIAN_POINT('Ctrl Pts',(-11.8859342097726,10.5826540475491,43.4685442591831));
#11647=CARTESIAN_POINT('Ctrl Pts',(-11.6008320807901,10.5826540475491,43.4685442591831));
#11648=CARTESIAN_POINT('Ctrl Pts',(-11.3617441415277,10.5289511566762,43.4685442591831));
#11649=CARTESIAN_POINT('Ctrl Pts',(-12.4717414736238,10.4728244429234,43.9685442591831));
#11650=CARTESIAN_POINT('Ctrl Pts',(-12.4717414736238,10.4728244429234,43.4685442591831));
#11651=CARTESIAN_POINT('Ctrl Pts',(-12.214664554545,10.5826540475491,43.9685442591831));
#11652=CARTESIAN_POINT('Ctrl Pts',(-12.214664554545,10.5826540475491,43.4685442591831));
#11653=CARTESIAN_POINT('Ctrl Pts',(-11.8859342097726,10.5826540475491,43.9685442591831));
#11654=CARTESIAN_POINT('Ctrl Pts',(-11.8859342097726,10.5826540475491,43.4685442591831));
#11655=CARTESIAN_POINT('',(-12.4717414736238,10.4728244429234,43.9685442591831));
#11656=CARTESIAN_POINT('Ctrl Pts',(-12.4717414736238,10.4728244429234,43.9685442591831));
#11657=CARTESIAN_POINT('Ctrl Pts',(-12.214664554545,10.5826540475491,43.9685442591831));
#11658=CARTESIAN_POINT('Ctrl Pts',(-11.8859342097726,10.5826540475491,43.9685442591831));
#11659=CARTESIAN_POINT('',(-12.4717414736238,10.4728244429234,43.4685442591831));
#11660=CARTESIAN_POINT('',(-12.4717414736238,10.4728244429234,43.9685442591831));
#11661=CARTESIAN_POINT('Ctrl Pts',(-12.4717414736238,10.4728244429234,43.4685442591831));
#11662=CARTESIAN_POINT('Ctrl Pts',(-12.214664554545,10.5826540475491,43.4685442591831));
#11663=CARTESIAN_POINT('Ctrl Pts',(-11.8859342097726,10.5826540475491,43.4685442591831));
#11664=CARTESIAN_POINT('Ctrl Pts',(-12.873755133101,10.1605679278974,43.9685442591831));
#11665=CARTESIAN_POINT('Ctrl Pts',(-12.873755133101,10.1605679278974,43.4685442591831));
#11666=CARTESIAN_POINT('Ctrl Pts',(-12.7288183927026,10.362995136321,43.9685442591831));
#11667=CARTESIAN_POINT('Ctrl Pts',(-12.7288183927026,10.362995136321,43.4685442591831));
#11668=CARTESIAN_POINT('Ctrl Pts',(-12.4717414736238,10.4728244429234,43.9685442591831));
#11669=CARTESIAN_POINT('Ctrl Pts',(-12.4717414736238,10.4728244429234,43.4685442591831));
#11670=CARTESIAN_POINT('',(-12.873755133101,10.1605679278974,43.9685442591831));
#11671=CARTESIAN_POINT('Ctrl Pts',(-12.873755133101,10.1605679278974,43.9685442591831));
#11672=CARTESIAN_POINT('Ctrl Pts',(-12.7288183927026,10.362995136321,43.9685442591831));
#11673=CARTESIAN_POINT('Ctrl Pts',(-12.4717414736238,10.4728244429234,43.9685442591831));
#11674=CARTESIAN_POINT('',(-12.873755133101,10.1605679278974,43.4685442591831));
#11675=CARTESIAN_POINT('',(-12.873755133101,10.1605679278974,43.9685442591831));
#11676=CARTESIAN_POINT('Ctrl Pts',(-12.873755133101,10.1605679278974,43.4685442591831));
#11677=CARTESIAN_POINT('Ctrl Pts',(-12.7288183927026,10.362995136321,43.4685442591831));
#11678=CARTESIAN_POINT('Ctrl Pts',(-12.4717414736238,10.4728244429234,43.4685442591831));
#11679=CARTESIAN_POINT('Ctrl Pts',(-13.0186921715226,9.6734930759076,43.9685442591831));
#11680=CARTESIAN_POINT('Ctrl Pts',(-13.0186921715226,9.6734930759076,43.4685442591831));
#11681=CARTESIAN_POINT('Ctrl Pts',(-13.0186921715226,9.95814101749696,43.9685442591831));
#11682=CARTESIAN_POINT('Ctrl Pts',(-13.0186921715226,9.95814101749696,43.4685442591831));
#11683=CARTESIAN_POINT('Ctrl Pts',(-12.873755133101,10.1605679278974,43.9685442591831));
#11684=CARTESIAN_POINT('Ctrl Pts',(-12.873755133101,10.1605679278974,43.4685442591831));
#11685=CARTESIAN_POINT('',(-13.0186921715226,9.6734930759076,43.9685442591831));
#11686=CARTESIAN_POINT('Ctrl Pts',(-13.0186921715226,9.6734930759076,43.9685442591831));
#11687=CARTESIAN_POINT('Ctrl Pts',(-13.0186921715226,9.95814101749696,43.9685442591831));
#11688=CARTESIAN_POINT('Ctrl Pts',(-12.873755133101,10.1605679278974,43.9685442591831));
#11689=CARTESIAN_POINT('',(-13.0186921715226,9.6734930759076,43.4685442591831));
#11690=CARTESIAN_POINT('',(-13.0186921715226,9.6734930759076,43.9685442591831));
#11691=CARTESIAN_POINT('Ctrl Pts',(-13.0186921715226,9.6734930759076,43.4685442591831));
#11692=CARTESIAN_POINT('Ctrl Pts',(-13.0186921715226,9.95814101749696,43.4685442591831));
#11693=CARTESIAN_POINT('Ctrl Pts',(-12.873755133101,10.1605679278974,43.4685442591831));
#11694=CARTESIAN_POINT('Ctrl Pts',(-12.7866110562768,9.01921229416169,43.9685442591831));
#11695=CARTESIAN_POINT('Ctrl Pts',(-12.7866110562768,9.01921229416169,43.4685442591831));
#11696=CARTESIAN_POINT('Ctrl Pts',(-13.0186921715226,9.25879197174348,43.9685442591831));
#11697=CARTESIAN_POINT('Ctrl Pts',(-13.0186921715226,9.25879197174348,43.4685442591831));
#11698=CARTESIAN_POINT('Ctrl Pts',(-13.0186921715226,9.6734930759076,43.9685442591831));
#11699=CARTESIAN_POINT('Ctrl Pts',(-13.0186921715226,9.6734930759076,43.4685442591831));
#11700=CARTESIAN_POINT('',(-12.7866110562768,9.01921229416169,43.9685442591831));
#11701=CARTESIAN_POINT('Ctrl Pts',(-12.7866110562768,9.01921229416169,43.9685442591831));
#11702=CARTESIAN_POINT('Ctrl Pts',(-13.0186921715226,9.25879197174348,43.9685442591831));
#11703=CARTESIAN_POINT('Ctrl Pts',(-13.0186921715226,9.6734930759076,43.9685442591831));
#11704=CARTESIAN_POINT('',(-12.7866110562768,9.01921229416169,43.4685442591831));
#11705=CARTESIAN_POINT('',(-12.7866110562768,9.01921229416169,43.9685442591831));
#11706=CARTESIAN_POINT('Ctrl Pts',(-12.7866110562768,9.01921229416169,43.4685442591831));
#11707=CARTESIAN_POINT('Ctrl Pts',(-13.0186921715226,9.25879197174348,43.4685442591831));
#11708=CARTESIAN_POINT('Ctrl Pts',(-13.0186921715226,9.6734930759076,43.4685442591831));
#11709=CARTESIAN_POINT('Ctrl Pts',(-12.111879324862,8.61913042122163,43.9685442591831));
#11710=CARTESIAN_POINT('Ctrl Pts',(-12.111879324862,8.61913042122163,43.4685442591831));
#11711=CARTESIAN_POINT('Ctrl Pts',(-12.5545302390542,8.77963261657991,43.9685442591831));
#11712=CARTESIAN_POINT('Ctrl Pts',(-12.5545302390542,8.77963261657991,43.4685442591831));
#11713=CARTESIAN_POINT('Ctrl Pts',(-12.7866110562768,9.01921229416169,43.9685442591831));
#11714=CARTESIAN_POINT('Ctrl Pts',(-12.7866110562768,9.01921229416169,43.4685442591831));
#11715=CARTESIAN_POINT('',(-12.111879324862,8.61913042122163,43.9685442591831));
#11716=CARTESIAN_POINT('Ctrl Pts',(-12.111879324862,8.61913042122163,43.9685442591831));
#11717=CARTESIAN_POINT('Ctrl Pts',(-12.5545302390542,8.77963261657991,43.9685442591831));
#11718=CARTESIAN_POINT('Ctrl Pts',(-12.7866110562768,9.01921229416169,43.9685442591831));
#11719=CARTESIAN_POINT('',(-12.111879324862,8.61913042122163,43.4685442591831));
#11720=CARTESIAN_POINT('',(-12.111879324862,8.61913042122163,43.9685442591831));
#11721=CARTESIAN_POINT('Ctrl Pts',(-12.111879324862,8.61913042122163,43.4685442591831));
#11722=CARTESIAN_POINT('Ctrl Pts',(-12.5545302390542,8.77963261657991,43.4685442591831));
#11723=CARTESIAN_POINT('Ctrl Pts',(-12.7866110562768,9.01921229416169,43.4685442591831));
#11724=CARTESIAN_POINT('Ctrl Pts',(-11.6394612550226,8.41757433468141,43.9685442591831));
#11725=CARTESIAN_POINT('Ctrl Pts',(-11.6394612550226,8.41757433468141,43.4685442591831));
#11726=CARTESIAN_POINT('Ctrl Pts',(-11.8049630879846,8.51051287704744,43.9685442591831));
#11727=CARTESIAN_POINT('Ctrl Pts',(-11.8049630879846,8.51051287704744,43.4685442591831));
#11728=CARTESIAN_POINT('Ctrl Pts',(-12.111879324862,8.61913042122163,43.9685442591831));
#11729=CARTESIAN_POINT('Ctrl Pts',(-12.111879324862,8.61913042122163,43.4685442591831));
#11730=CARTESIAN_POINT('',(-11.6394612550226,8.41757433468141,43.9685442591831));
#11731=CARTESIAN_POINT('Ctrl Pts',(-11.6394612550226,8.41757433468141,43.9685442591831));
#11732=CARTESIAN_POINT('Ctrl Pts',(-11.8049630879846,8.51051287704744,43.9685442591831));
#11733=CARTESIAN_POINT('Ctrl Pts',(-12.111879324862,8.61913042122163,43.9685442591831));
#11734=CARTESIAN_POINT('',(-11.6394612550226,8.41757433468141,43.4685442591831));
#11735=CARTESIAN_POINT('',(-11.6394612550226,8.41757433468141,43.9685442591831));
#11736=CARTESIAN_POINT('Ctrl Pts',(-11.6394612550226,8.41757433468141,43.4685442591831));
#11737=CARTESIAN_POINT('Ctrl Pts',(-11.8049630879846,8.51051287704744,43.4685442591831));
#11738=CARTESIAN_POINT('Ctrl Pts',(-12.111879324862,8.61913042122163,43.4685442591831));
#11739=CARTESIAN_POINT('Ctrl Pts',(-11.4093497752633,8.22124438339509,43.9685442591831));
#11740=CARTESIAN_POINT('Ctrl Pts',(-11.4093497752633,8.22124438339509,43.4685442591831));
#11741=CARTESIAN_POINT('Ctrl Pts',(-11.473960018107,8.32463579231538,43.9685442591831));
#11742=CARTESIAN_POINT('Ctrl Pts',(-11.473960018107,8.32463579231538,43.4685442591831));
#11743=CARTESIAN_POINT('Ctrl Pts',(-11.6394612550226,8.41757433468141,43.9685442591831));
#11744=CARTESIAN_POINT('Ctrl Pts',(-11.6394612550226,8.41757433468141,43.4685442591831));
#11745=CARTESIAN_POINT('',(-11.4093497752633,8.22124438339509,43.9685442591831));
#11746=CARTESIAN_POINT('Ctrl Pts',(-11.4093497752633,8.22124438339509,43.9685442591831));
#11747=CARTESIAN_POINT('Ctrl Pts',(-11.473960018107,8.32463579231538,43.9685442591831));
#11748=CARTESIAN_POINT('Ctrl Pts',(-11.6394612550226,8.41757433468141,43.9685442591831));
#11749=CARTESIAN_POINT('',(-11.4093497752633,8.22124438339509,43.4685442591831));
#11750=CARTESIAN_POINT('',(-11.4093497752633,8.22124438339509,43.9685442591831));
#11751=CARTESIAN_POINT('Ctrl Pts',(-11.4093497752633,8.22124438339509,43.4685442591831));
#11752=CARTESIAN_POINT('Ctrl Pts',(-11.473960018107,8.32463579231538,43.4685442591831));
#11753=CARTESIAN_POINT('Ctrl Pts',(-11.6394612550226,8.41757433468141,43.4685442591831));
#11754=CARTESIAN_POINT('Ctrl Pts',(-11.3447395324197,7.96621339374818,43.9685442591831));
#11755=CARTESIAN_POINT('Ctrl Pts',(-11.3447395324197,7.96621339374818,43.4685442591831));
#11756=CARTESIAN_POINT('Ctrl Pts',(-11.3447395324197,8.11785357052125,43.9685442591831));
#11757=CARTESIAN_POINT('Ctrl Pts',(-11.3447395324197,8.11785357052125,43.4685442591831));
#11758=CARTESIAN_POINT('Ctrl Pts',(-11.4093497752633,8.22124438339509,43.9685442591831));
#11759=CARTESIAN_POINT('Ctrl Pts',(-11.4093497752633,8.22124438339509,43.4685442591831));
#11760=CARTESIAN_POINT('',(-11.3447395324197,7.96621339374818,43.9685442591831));
#11761=CARTESIAN_POINT('Ctrl Pts',(-11.3447395324197,7.96621339374818,43.9685442591831));
#11762=CARTESIAN_POINT('Ctrl Pts',(-11.3447395324197,8.11785357052125,43.9685442591831));
#11763=CARTESIAN_POINT('Ctrl Pts',(-11.4093497752633,8.22124438339509,43.9685442591831));
#11764=CARTESIAN_POINT('',(-11.3447395324197,7.96621339374818,43.4685442591831));
#11765=CARTESIAN_POINT('',(-11.3447395324197,7.96621339374818,43.9685442591831));
#11766=CARTESIAN_POINT('Ctrl Pts',(-11.3447395324197,7.96621339374818,43.4685442591831));
#11767=CARTESIAN_POINT('Ctrl Pts',(-11.3447395324197,8.11785357052125,43.4685442591831));
#11768=CARTESIAN_POINT('Ctrl Pts',(-11.4093497752633,8.22124438339509,43.4685442591831));
#11769=CARTESIAN_POINT('Ctrl Pts',(-11.5216032027688,7.59839789921083,43.9685442591831));
#11770=CARTESIAN_POINT('Ctrl Pts',(-11.5216032027688,7.59839789921083,43.4685442591831));
#11771=CARTESIAN_POINT('Ctrl Pts',(-11.3447395324197,7.73382918888368,43.9685442591831));
#11772=CARTESIAN_POINT('Ctrl Pts',(-11.3447395324197,7.73382918888368,43.4685442591831));
#11773=CARTESIAN_POINT('Ctrl Pts',(-11.3447395324197,7.96621339374818,43.9685442591831));
#11774=CARTESIAN_POINT('Ctrl Pts',(-11.3447395324197,7.96621339374818,43.4685442591831));
#11775=CARTESIAN_POINT('',(-11.5216032027688,7.59839789921083,43.9685442591831));
#11776=CARTESIAN_POINT('Ctrl Pts',(-11.5216032027688,7.59839789921083,43.9685442591831));
#11777=CARTESIAN_POINT('Ctrl Pts',(-11.3447395324197,7.73382918888368,43.9685442591831));
#11778=CARTESIAN_POINT('Ctrl Pts',(-11.3447395324197,7.96621339374818,43.9685442591831));
#11779=CARTESIAN_POINT('',(-11.5216032027688,7.59839789921083,43.4685442591831));
#11780=CARTESIAN_POINT('',(-11.5216032027688,7.59839789921083,43.9685442591831));
#11781=CARTESIAN_POINT('Ctrl Pts',(-11.5216032027688,7.59839789921083,43.4685442591831));
#11782=CARTESIAN_POINT('Ctrl Pts',(-11.3447395324197,7.73382918888368,43.4685442591831));
#11783=CARTESIAN_POINT('Ctrl Pts',(-11.3447395324197,7.96621339374818,43.4685442591831));
#11784=CARTESIAN_POINT('Ctrl Pts',(-12.0618883132425,7.46296720558442,43.9685442591831));
#11785=CARTESIAN_POINT('Ctrl Pts',(-12.0618883132425,7.46296720558442,43.4685442591831));
#11786=CARTESIAN_POINT('Ctrl Pts',(-11.6984662770715,7.46296720558442,43.9685442591831));
#11787=CARTESIAN_POINT('Ctrl Pts',(-11.6984662770715,7.46296720558442,43.4685442591831));
#11788=CARTESIAN_POINT('Ctrl Pts',(-11.5216032027688,7.59839789921083,43.9685442591831));
#11789=CARTESIAN_POINT('Ctrl Pts',(-11.5216032027688,7.59839789921083,43.4685442591831));
#11790=CARTESIAN_POINT('',(-12.0618883132425,7.46296720558442,43.9685442591831));
#11791=CARTESIAN_POINT('Ctrl Pts',(-12.0618883132425,7.46296720558442,43.9685442591831));
#11792=CARTESIAN_POINT('Ctrl Pts',(-11.6984662770715,7.46296720558442,43.9685442591831));
#11793=CARTESIAN_POINT('Ctrl Pts',(-11.5216032027688,7.59839789921083,43.9685442591831));
#11794=CARTESIAN_POINT('',(-12.0618883132425,7.46296720558442,43.4685442591831));
#11795=CARTESIAN_POINT('',(-12.0618883132425,7.46296720558442,43.9685442591831));
#11796=CARTESIAN_POINT('Ctrl Pts',(-12.0618883132425,7.46296720558442,43.4685442591831));
#11797=CARTESIAN_POINT('Ctrl Pts',(-11.6984662770715,7.46296720558442,43.4685442591831));
#11798=CARTESIAN_POINT('Ctrl Pts',(-11.5216032027688,7.59839789921083,43.4685442591831));
#11799=CARTESIAN_POINT('Ctrl Pts',(-12.5774050116029,7.52375202232637,43.9685442591831));
#11800=CARTESIAN_POINT('Ctrl Pts',(-12.5774050116029,7.52375202232637,43.4685442591831));
#11801=CARTESIAN_POINT('Ctrl Pts',(-12.3273727654901,7.46296720558442,43.9685442591831));
#11802=CARTESIAN_POINT('Ctrl Pts',(-12.3273727654901,7.46296720558442,43.4685442591831));
#11803=CARTESIAN_POINT('Ctrl Pts',(-12.0618883132425,7.46296720558442,43.9685442591831));
#11804=CARTESIAN_POINT('Ctrl Pts',(-12.0618883132425,7.46296720558442,43.4685442591831));
#11805=CARTESIAN_POINT('',(-12.5774050116029,7.52375202232637,43.9685442591831));
#11806=CARTESIAN_POINT('Ctrl Pts',(-12.5774050116029,7.52375202232637,43.9685442591831));
#11807=CARTESIAN_POINT('Ctrl Pts',(-12.3273727654901,7.46296720558442,43.9685442591831));
#11808=CARTESIAN_POINT('Ctrl Pts',(-12.0618883132425,7.46296720558442,43.9685442591831));
#11809=CARTESIAN_POINT('',(-12.5774050116029,7.52375202232637,43.4685442591831));
#11810=CARTESIAN_POINT('',(-12.5774050116029,7.52375202232637,43.9685442591831));
#11811=CARTESIAN_POINT('Ctrl Pts',(-12.5774050116029,7.52375202232637,43.4685442591831));
#11812=CARTESIAN_POINT('Ctrl Pts',(-12.3273727654901,7.46296720558442,43.4685442591831));
#11813=CARTESIAN_POINT('Ctrl Pts',(-12.0618883132425,7.46296720558442,43.4685442591831));
#11814=CARTESIAN_POINT('Ctrl Pts',(-13.0614880084482,7.66755299621858,43.9685442591831));
#11815=CARTESIAN_POINT('Ctrl Pts',(-13.0614880084482,7.66755299621858,43.4685442591831));
#11816=CARTESIAN_POINT('Ctrl Pts',(-12.827437555739,7.58453683906831,43.9685442591831));
#11817=CARTESIAN_POINT('Ctrl Pts',(-12.827437555739,7.58453683906831,43.4685442591831));
#11818=CARTESIAN_POINT('Ctrl Pts',(-12.5774050116029,7.52375202232637,43.9685442591831));
#11819=CARTESIAN_POINT('Ctrl Pts',(-12.5774050116029,7.52375202232637,43.4685442591831));
#11820=CARTESIAN_POINT('',(-13.0614880084482,7.66755299621858,43.9685442591831));
#11821=CARTESIAN_POINT('Ctrl Pts',(-13.0614880084482,7.66755299621858,43.9685442591831));
#11822=CARTESIAN_POINT('Ctrl Pts',(-12.827437555739,7.58453683906831,43.9685442591831));
#11823=CARTESIAN_POINT('Ctrl Pts',(-12.5774050116029,7.52375202232637,43.9685442591831));
#11824=CARTESIAN_POINT('',(-13.0614880084482,7.66755299621858,43.4685442591831));
#11825=CARTESIAN_POINT('',(-13.0614880084482,7.66755299621858,43.9685442591831));
#11826=CARTESIAN_POINT('Ctrl Pts',(-13.0614880084482,7.66755299621858,43.4685442591831));
#11827=CARTESIAN_POINT('Ctrl Pts',(-12.827437555739,7.58453683906831,43.4685442591831));
#11828=CARTESIAN_POINT('Ctrl Pts',(-12.5774050116029,7.52375202232637,43.4685442591831));
#11829=CARTESIAN_POINT('Origin',(-13.0614880084482,7.1790011411313,43.9685442591831));
#11830=CARTESIAN_POINT('',(-13.0614880084482,7.1790011411313,43.9685442591831));
#11831=CARTESIAN_POINT('',(-13.0614880084482,18.3632547294501,43.9685442591831));
#11832=CARTESIAN_POINT('',(-13.0614880084482,7.1790011411313,43.4685442591831));
#11833=CARTESIAN_POINT('',(-13.0614880084482,7.1790011411313,43.9685442591831));
#11834=CARTESIAN_POINT('',(-13.0614880084482,7.1790011411313,43.4685442591831));
#11835=CARTESIAN_POINT('Ctrl Pts',(-12.6197842120614,7.0430775170926,43.9685442591831));
#11836=CARTESIAN_POINT('Ctrl Pts',(-12.6197842120614,7.0430775170926,43.4685442591831));
#11837=CARTESIAN_POINT('Ctrl Pts',(-12.8642493843522,7.086213994563,43.9685442591831));
#11838=CARTESIAN_POINT('Ctrl Pts',(-12.8642493843522,7.086213994563,43.4685442591831));
#11839=CARTESIAN_POINT('Ctrl Pts',(-13.0614880084482,7.1790011411313,43.9685442591831));
#11840=CARTESIAN_POINT('Ctrl Pts',(-13.0614880084482,7.1790011411313,43.4685442591831));
#11841=CARTESIAN_POINT('',(-12.6197842120614,7.0430775170926,43.9685442591831));
#11842=CARTESIAN_POINT('Ctrl Pts',(-12.6197842120614,7.0430775170926,43.9685442591831));
#11843=CARTESIAN_POINT('Ctrl Pts',(-12.8642493843522,7.086213994563,43.9685442591831));
#11844=CARTESIAN_POINT('Ctrl Pts',(-13.0614880084482,7.1790011411313,43.9685442591831));
#11845=CARTESIAN_POINT('',(-12.6197842120614,7.0430775170926,43.4685442591831));
#11846=CARTESIAN_POINT('',(-12.6197842120614,7.0430775170926,43.9685442591831));
#11847=CARTESIAN_POINT('Ctrl Pts',(-12.6197842120614,7.0430775170926,43.4685442591831));
#11848=CARTESIAN_POINT('Ctrl Pts',(-12.8642493843522,7.086213994563,43.4685442591831));
#11849=CARTESIAN_POINT('Ctrl Pts',(-13.0614880084482,7.1790011411313,43.4685442591831));
#11850=CARTESIAN_POINT('Ctrl Pts',(-12.08089981074,6.9999410396222,43.9685442591831));
#11851=CARTESIAN_POINT('Ctrl Pts',(-12.08089981074,6.9999410396222,43.4685442591831));
#11852=CARTESIAN_POINT('Ctrl Pts',(-12.3753187417474,6.9999410396222,43.9685442591831));
#11853=CARTESIAN_POINT('Ctrl Pts',(-12.3753187417474,6.9999410396222,43.4685442591831));
#11854=CARTESIAN_POINT('Ctrl Pts',(-12.6197842120614,7.0430775170926,43.9685442591831));
#11855=CARTESIAN_POINT('Ctrl Pts',(-12.6197842120614,7.0430775170926,43.4685442591831));
#11856=CARTESIAN_POINT('',(-12.08089981074,6.9999410396222,43.9685442591831));
#11857=CARTESIAN_POINT('Ctrl Pts',(-12.08089981074,6.9999410396222,43.9685442591831));
#11858=CARTESIAN_POINT('Ctrl Pts',(-12.3753187417474,6.9999410396222,43.9685442591831));
#11859=CARTESIAN_POINT('Ctrl Pts',(-12.6197842120614,7.0430775170926,43.9685442591831));
#11860=CARTESIAN_POINT('',(-12.08089981074,6.9999410396222,43.4685442591831));
#11861=CARTESIAN_POINT('',(-12.08089981074,6.9999410396222,43.9685442591831));
#11862=CARTESIAN_POINT('Ctrl Pts',(-12.08089981074,6.9999410396222,43.4685442591831));
#11863=CARTESIAN_POINT('Ctrl Pts',(-12.3753187417474,6.9999410396222,43.4685442591831));
#11864=CARTESIAN_POINT('Ctrl Pts',(-12.6197842120614,7.0430775170926,43.4685442591831));
#11865=CARTESIAN_POINT('Ctrl Pts',(-11.1641648768869,7.26447837406434,43.9685442591831));
#11866=CARTESIAN_POINT('Ctrl Pts',(-11.1641648768869,7.26447837406434,43.4685442591831));
#11867=CARTESIAN_POINT('Ctrl Pts',(-11.5085748195138,6.9999410396222,43.9685442591831));
#11868=CARTESIAN_POINT('Ctrl Pts',(-11.5085748195138,6.9999410396222,43.4685442591831));
#11869=CARTESIAN_POINT('Ctrl Pts',(-12.08089981074,6.9999410396222,43.9685442591831));
#11870=CARTESIAN_POINT('Ctrl Pts',(-12.08089981074,6.9999410396222,43.4685442591831));
#11871=CARTESIAN_POINT('',(-11.1641648768869,7.26447837406434,43.9685442591831));
#11872=CARTESIAN_POINT('Ctrl Pts',(-11.1641648768869,7.26447837406434,43.9685442591831));
#11873=CARTESIAN_POINT('Ctrl Pts',(-11.5085748195138,6.9999410396222,43.9685442591831));
#11874=CARTESIAN_POINT('Ctrl Pts',(-12.08089981074,6.9999410396222,43.9685442591831));
#11875=CARTESIAN_POINT('',(-11.1641648768869,7.26447837406434,43.4685442591831));
#11876=CARTESIAN_POINT('',(-11.1641648768869,7.26447837406434,43.9685442591831));
#11877=CARTESIAN_POINT('Ctrl Pts',(-11.1641648768869,7.26447837406434,43.4685442591831));
#11878=CARTESIAN_POINT('Ctrl Pts',(-11.5085748195138,6.9999410396222,43.4685442591831));
#11879=CARTESIAN_POINT('Ctrl Pts',(-12.08089981074,6.9999410396222,43.4685442591831));
#11880=CARTESIAN_POINT('Ctrl Pts',(-10.8197549342599,8.00431268268861,43.9685442591831));
#11881=CARTESIAN_POINT('Ctrl Pts',(-10.8197549342599,8.00431268268861,43.4685442591831));
#11882=CARTESIAN_POINT('Ctrl Pts',(-10.8197549342599,7.52901630455293,43.9685442591831));
#11883=CARTESIAN_POINT('Ctrl Pts',(-10.8197549342599,7.52901630455293,43.4685442591831));
#11884=CARTESIAN_POINT('Ctrl Pts',(-11.1641648768869,7.26447837406434,43.9685442591831));
#11885=CARTESIAN_POINT('Ctrl Pts',(-11.1641648768869,7.26447837406434,43.4685442591831));
#11886=CARTESIAN_POINT('',(-10.8197549342599,8.00431268268861,43.9685442591831));
#11887=CARTESIAN_POINT('Ctrl Pts',(-10.8197549342599,8.00431268268861,43.9685442591831));
#11888=CARTESIAN_POINT('Ctrl Pts',(-10.8197549342599,7.52901630455293,43.9685442591831));
#11889=CARTESIAN_POINT('Ctrl Pts',(-11.1641648768869,7.26447837406434,43.9685442591831));
#11890=CARTESIAN_POINT('',(-10.8197549342599,8.00431268268861,43.4685442591831));
#11891=CARTESIAN_POINT('',(-10.8197549342599,8.00431268268861,43.9685442591831));
#11892=CARTESIAN_POINT('Ctrl Pts',(-10.8197549342599,8.00431268268861,43.4685442591831));
#11893=CARTESIAN_POINT('Ctrl Pts',(-10.8197549342599,7.52901630455293,43.4685442591831));
#11894=CARTESIAN_POINT('Ctrl Pts',(-11.1641648768869,7.26447837406434,43.4685442591831));
#11895=CARTESIAN_POINT('Ctrl Pts',(-10.9328034877267,8.46654312664308,43.9685442591831));
#11896=CARTESIAN_POINT('Ctrl Pts',(-10.9328034877267,8.46654312664308,43.4685442591831));
#11897=CARTESIAN_POINT('Ctrl Pts',(-10.8197549342599,8.28070418888368,43.9685442591831));
#11898=CARTESIAN_POINT('Ctrl Pts',(-10.8197549342599,8.28070418888368,43.4685442591831));
#11899=CARTESIAN_POINT('Ctrl Pts',(-10.8197549342599,8.00431268268861,43.9685442591831));
#11900=CARTESIAN_POINT('Ctrl Pts',(-10.8197549342599,8.00431268268861,43.4685442591831));
#11901=CARTESIAN_POINT('Ctrl Pts',(-10.9328034877267,8.46654312664308,43.9685442591831));
#11902=CARTESIAN_POINT('Ctrl Pts',(-10.8197549342599,8.28070418888368,43.9685442591831));
#11903=CARTESIAN_POINT('Ctrl Pts',(-10.8197549342599,8.00431268268861,43.9685442591831));
#11904=CARTESIAN_POINT('Ctrl Pts',(-10.9328034877267,8.46654312664308,43.4685442591831));
#11905=CARTESIAN_POINT('Ctrl Pts',(-10.8197549342599,8.28070418888368,43.4685442591831));
#11906=CARTESIAN_POINT('Ctrl Pts',(-10.8197549342599,8.00431268268861,43.4685442591831));
#11907=CARTESIAN_POINT('Origin',(-9.62564382548001,8.79129754358567,43.4685442591831));
#11908=CARTESIAN_POINT('Origin',(28.2914878015019,10.584467441515,43.9685442591831));
#11909=CARTESIAN_POINT('',(28.2914878015019,10.584467441515,43.9685442591831));
#11910=CARTESIAN_POINT('',(28.9191932563282,10.584467441515,43.9685442591831));
#11911=CARTESIAN_POINT('',(14.1457439007509,10.584467441515,43.9685442591831));
#11912=CARTESIAN_POINT('',(28.2914878015019,10.584467441515,43.4685442591831));
#11913=CARTESIAN_POINT('',(28.2914878015019,10.584467441515,43.9685442591831));
#11914=CARTESIAN_POINT('',(28.9191932563282,10.584467441515,43.4685442591831));
#11915=CARTESIAN_POINT('',(28.2914878015019,10.584467441515,43.4685442591831));
#11916=CARTESIAN_POINT('',(28.9191932563282,10.584467441515,43.9685442591831));
#11917=CARTESIAN_POINT('Origin',(28.2914878015019,9.178217441515,43.9685442591831));
#11918=CARTESIAN_POINT('',(28.2914878015019,9.178217441515,43.9685442591831));
#11919=CARTESIAN_POINT('',(28.2914878015019,19.362862879642,43.9685442591831));
#11920=CARTESIAN_POINT('',(28.2914878015019,9.178217441515,43.4685442591831));
#11921=CARTESIAN_POINT('',(28.2914878015019,9.178217441515,43.9685442591831));
#11922=CARTESIAN_POINT('',(28.2914878015019,9.178217441515,43.4685442591831));
#11923=CARTESIAN_POINT('Origin',(26.9395578984715,9.178217441515,43.9685442591831));
#11924=CARTESIAN_POINT('',(26.9395578984715,9.178217441515,43.9685442591831));
#11925=CARTESIAN_POINT('',(13.4697789492357,9.178217441515,43.9685442591831));
#11926=CARTESIAN_POINT('',(26.9395578984715,9.178217441515,43.4685442591831));
#11927=CARTESIAN_POINT('',(26.9395578984715,9.178217441515,43.9685442591831));
#11928=CARTESIAN_POINT('',(26.9395578984715,9.178217441515,43.4685442591831));
#11929=CARTESIAN_POINT('Origin',(26.9395578984715,8.5643623179951,43.9685442591831));
#11930=CARTESIAN_POINT('',(26.9395578984715,8.5643623179951,43.9685442591831));
#11931=CARTESIAN_POINT('',(26.9395578984715,19.055935317882,43.9685442591831));
#11932=CARTESIAN_POINT('',(26.9395578984715,8.5643623179951,43.4685442591831));
#11933=CARTESIAN_POINT('',(26.9395578984715,8.5643623179951,43.9685442591831));
#11934=CARTESIAN_POINT('',(26.9395578984715,8.5643623179951,43.4685442591831));
#11935=CARTESIAN_POINT('Origin',(28.2914878015019,8.5643623179951,43.9685442591831));
#11936=CARTESIAN_POINT('',(28.2914878015019,8.5643623179951,43.9685442591831));
#11937=CARTESIAN_POINT('',(14.1457439007509,8.56436231799511,43.9685442591831));
#11938=CARTESIAN_POINT('',(28.2914878015019,8.5643623179951,43.4685442591831));
#11939=CARTESIAN_POINT('',(28.2914878015019,8.5643623179951,43.9685442591831));
#11940=CARTESIAN_POINT('',(28.2914878015019,8.5643623179951,43.4685442591831));
#11941=CARTESIAN_POINT('Origin',(28.2914878015019,7.16482141681102,43.9685442591831));
#11942=CARTESIAN_POINT('',(28.2914878015019,7.16482141681102,43.9685442591831));
#11943=CARTESIAN_POINT('',(28.2914878015019,18.35616486729,43.9685442591831));
#11944=CARTESIAN_POINT('',(28.2914878015019,7.16482141681102,43.4685442591831));
#11945=CARTESIAN_POINT('',(28.2914878015019,7.16482141681102,43.9685442591831));
#11946=CARTESIAN_POINT('',(28.2914878015019,7.16482141681102,43.4685442591831));
#11947=CARTESIAN_POINT('Origin',(28.9191932563282,7.16482141681102,43.9685442591831));
#11948=CARTESIAN_POINT('',(28.9191932563282,7.16482141681102,43.9685442591831));
#11949=CARTESIAN_POINT('',(14.4595966281641,7.16482141681102,43.9685442591831));
#11950=CARTESIAN_POINT('',(28.9191932563282,7.16482141681102,43.4685442591831));
#11951=CARTESIAN_POINT('',(28.9191932563282,7.16482141681102,43.9685442591831));
#11952=CARTESIAN_POINT('',(28.9191932563282,7.16482141681102,43.4685442591831));
#11953=CARTESIAN_POINT('Origin',(28.9191932563282,8.5643623179951,43.9685442591831));
#11954=CARTESIAN_POINT('',(28.9191932563282,8.5643623179951,43.9685442591831));
#11955=CARTESIAN_POINT('',(28.9191932563282,19.055935317882,43.9685442591831));
#11956=CARTESIAN_POINT('',(28.9191932563282,8.5643623179951,43.4685442591831));
#11957=CARTESIAN_POINT('',(28.9191932563282,8.5643623179951,43.9685442591831));
#11958=CARTESIAN_POINT('',(28.9191932563282,8.5643623179951,43.4685442591831));
#11959=CARTESIAN_POINT('Origin',(30.2711237554051,8.5643623179951,43.9685442591831));
#11960=CARTESIAN_POINT('',(30.2711237554051,8.5643623179951,43.9685442591831));
#11961=CARTESIAN_POINT('',(15.1355618777025,8.56436231799511,43.9685442591831));
#11962=CARTESIAN_POINT('',(30.2711237554051,8.5643623179951,43.4685442591831));
#11963=CARTESIAN_POINT('',(30.2711237554051,8.5643623179951,43.9685442591831));
#11964=CARTESIAN_POINT('',(30.2711237554051,8.5643623179951,43.4685442591831));
#11965=CARTESIAN_POINT('Origin',(30.2711237554051,9.178217441515,43.9685442591831));
#11966=CARTESIAN_POINT('',(30.2711237554051,9.178217441515,43.9685442591831));
#11967=CARTESIAN_POINT('',(30.2711237554051,19.362862879642,43.9685442591831));
#11968=CARTESIAN_POINT('',(30.2711237554051,9.178217441515,43.4685442591831));
#11969=CARTESIAN_POINT('',(30.2711237554051,9.178217441515,43.9685442591831));
#11970=CARTESIAN_POINT('',(30.2711237554051,9.178217441515,43.4685442591831));
#11971=CARTESIAN_POINT('Origin',(28.9191932563282,9.178217441515,43.9685442591831));
#11972=CARTESIAN_POINT('',(28.9191932563282,9.178217441515,43.9685442591831));
#11973=CARTESIAN_POINT('',(14.4595966281641,9.178217441515,43.9685442591831));
#11974=CARTESIAN_POINT('',(28.9191932563282,9.178217441515,43.4685442591831));
#11975=CARTESIAN_POINT('',(28.9191932563282,9.178217441515,43.9685442591831));
#11976=CARTESIAN_POINT('',(28.9191932563282,9.178217441515,43.4685442591831));
#11977=CARTESIAN_POINT('Origin',(28.9191932563282,10.584467441515,43.9685442591831));
#11978=CARTESIAN_POINT('',(28.9191932563282,20.065987879642,43.9685442591831));
#11979=CARTESIAN_POINT('',(28.9191932563282,10.584467441515,43.4685442591831));
#11980=CARTESIAN_POINT('Origin',(28.6053408269383,8.87464442916301,43.4685442591831));
#11981=CARTESIAN_POINT('Origin',(2.66453525910042E-14,29.547508317769,43.9685442591831));
#11982=CARTESIAN_POINT('Origin',(2.66453525910042E-14,29.547508317769,43.9685442591831));
#11983=CARTESIAN_POINT('Origin',(2.66453525910042E-14,29.547508317769,43.9685442591831));
#11984=CARTESIAN_POINT('Origin',(2.66453525910042E-14,29.547508317769,43.9685442591831));
#11985=CARTESIAN_POINT('Origin',(2.66453525910042E-14,63.547508317769,66.6813571802851));
#11986=CARTESIAN_POINT('',(-50.,63.547508317769,71.6813571802851));
#11987=CARTESIAN_POINT('Origin',(-50.,63.547508317769,66.6813571802851));
#11988=CARTESIAN_POINT('',(50.,63.547508317769,71.6813571802851));
#11989=CARTESIAN_POINT('',(2.66453525910042E-14,63.547508317769,71.6813571802851));
#11990=CARTESIAN_POINT('Origin',(50.,63.547508317769,66.6813571802851));
#11991=CARTESIAN_POINT('Origin',(50.,51.547508317769,66.6813571802851));
#11992=CARTESIAN_POINT('Origin',(50.,63.547508317769,66.6813571802851));
#11993=CARTESIAN_POINT('',(50.,48.4342596637171,71.6813571802851));
#11994=CARTESIAN_POINT('',(50.,51.547508317769,71.6813571802851));
#11995=CARTESIAN_POINT('Origin',(50.,48.4342596637171,66.6813571802851));
#11996=CARTESIAN_POINT('Origin',(50.,63.547508317769,66.6813571802851));
#11997=CARTESIAN_POINT('Origin',(50.,63.547508317769,66.6813571802851));
#11998=CARTESIAN_POINT('Origin',(2.66453525910042E-14,48.4342596637171,
66.6813571802851));
#11999=CARTESIAN_POINT('',(2.66453525910042E-14,44.1041326447949,69.1813571802851));
#12000=CARTESIAN_POINT('Origin',(50.,48.4342596637171,66.6813571802851));
#12001=CARTESIAN_POINT('',(-50.,48.4342596637171,71.6813571802851));
#12002=CARTESIAN_POINT('',(2.66453525910042E-14,48.4342596637171,71.6813571802851));
#12003=CARTESIAN_POINT('Origin',(-50.,48.4342596637171,66.6813571802851));
#12004=CARTESIAN_POINT('',(2.66453525910042E-14,44.1041326447949,69.1813571802851));
#12005=CARTESIAN_POINT('Origin',(50.,48.4342596637171,66.6813571802851));
#12006=CARTESIAN_POINT('Origin',(-50.,51.547508317769,66.6813571802851));
#12007=CARTESIAN_POINT('Origin',(-50.,48.4342596637171,66.6813571802851));
#12008=CARTESIAN_POINT('',(-50.,51.547508317769,71.6813571802851));
#12009=CARTESIAN_POINT('Origin',(-50.,63.547508317769,66.6813571802851));
#12010=CARTESIAN_POINT('Origin',(-50.,48.4342596637171,66.6813571802851));
#12011=CARTESIAN_POINT('Origin',(-50.,63.547508317769,66.6813571802851));
#12012=CARTESIAN_POINT('Origin',(29.5,44.8390146687151,69.9542101832839));
#12013=CARTESIAN_POINT('',(30.,44.622508317769,70.0792101832839));
#12014=CARTESIAN_POINT('',(29.,45.0555210196612,69.8292101832839));
#12015=CARTESIAN_POINT('Origin',(2.66453525910042E-14,68.547508317769,71.6813571802851));
#12016=CARTESIAN_POINT('Origin',(-50.3750675680611,34.547508317769,38.9685442591831));
#12017=CARTESIAN_POINT('',(-50.3750675680611,34.547508317769,43.9685442591831));
#12018=CARTESIAN_POINT('Origin',(2.66453525910042E-14,45.547508317769,71.6813571802851));
#12019=CARTESIAN_POINT('',(2.66453525910042E-14,29.547508317769,43.9685442591831));
#12020=CARTESIAN_POINT('Origin',(50.,63.547508317769,39.5781539500096));
#12021=CARTESIAN_POINT('Origin',(2.66453525910042E-14,34.547508317769,40.8685442591831));
#12022=CARTESIAN_POINT('',(-47.5635082595657,66.047508317769,40.8685442591831));
#12023=CARTESIAN_POINT('',(2.66453525910042E-14,66.047508317769,40.8685442591831));
#12024=CARTESIAN_POINT('',(-52.5,59.9017570439573,40.8685442591831));
#12025=CARTESIAN_POINT('Origin',(-49.5,62.5475083550219,40.8685442591831));
#12026=CARTESIAN_POINT('',(-52.5,39.1932596660864,40.8685442591831));
#12027=CARTESIAN_POINT('',(-52.5,34.547508317769,40.8685442591831));
#12028=CARTESIAN_POINT('',(-52.5,33.9017570439573,40.8685442591831));
#12029=CARTESIAN_POINT('Origin',(-49.5,36.5475083550219,40.8685442591831));
#12030=CARTESIAN_POINT('',(-52.5,3.04750831776895,40.8685442591831));
#12031=CARTESIAN_POINT('',(-52.5,34.547508317769,40.8685442591831));
#12032=CARTESIAN_POINT('',(52.5,3.04750831776895,40.8685442591831));
#12033=CARTESIAN_POINT('',(2.66453525910042E-14,3.04750831776895,40.8685442591831));
#12034=CARTESIAN_POINT('',(52.5,33.9017570439573,40.8685442591831));
#12035=CARTESIAN_POINT('',(52.5,34.547508317769,40.8685442591831));
#12036=CARTESIAN_POINT('',(52.5,39.1932596660864,40.8685442591831));
#12037=CARTESIAN_POINT('Origin',(49.5,36.5475083550219,40.8685442591831));
#12038=CARTESIAN_POINT('',(52.5,59.9017570439573,40.8685442591831));
#12039=CARTESIAN_POINT('',(52.5,34.547508317769,40.8685442591831));
#12040=CARTESIAN_POINT('',(47.5635082595658,66.047508317769,40.8685442591831));
#12041=CARTESIAN_POINT('Origin',(49.5,62.5475083550219,40.8685442591831));
#12042=CARTESIAN_POINT('',(7.50000011175874,66.047508317769,40.8685442591831));
#12043=CARTESIAN_POINT('',(2.66453525910042E-14,66.047508317769,40.8685442591831));
#12044=CARTESIAN_POINT('',(7.50000011175874,51.547508317769,40.8685442591831));
#12045=CARTESIAN_POINT('',(51.6,62.5475083550219,40.8685442591831));
#12046=CARTESIAN_POINT('Origin',(49.5,62.5475083550219,40.8685442591831));
#12047=CARTESIAN_POINT('',(-47.4,62.5475083550219,40.8685442591831));
#12048=CARTESIAN_POINT('Origin',(-49.5,62.5475083550219,40.8685442591831));
#12049=CARTESIAN_POINT('',(51.6,36.5475083550219,40.8685442591831));
#12050=CARTESIAN_POINT('Origin',(49.5,36.5475083550219,40.8685442591831));
#12051=CARTESIAN_POINT('',(-47.4,36.5475083550219,40.8685442591831));
#12052=CARTESIAN_POINT('Origin',(-49.5,36.5475083550219,40.8685442591831));
#12053=CARTESIAN_POINT('',(-51.4364917404342,66.047508317769,40.8685442591831));
#12054=CARTESIAN_POINT('',(-52.5,65.1932596660864,40.8685442591831));
#12055=CARTESIAN_POINT('Origin',(-49.5,62.5475083550219,40.8685442591831));
#12056=CARTESIAN_POINT('',(-52.5,66.047508317769,40.8685442591831));
#12057=CARTESIAN_POINT('',(2.66453525910042E-14,66.047508317769,40.8685442591831));
#12058=CARTESIAN_POINT('',(-52.5,34.547508317769,40.8685442591831));
#12059=CARTESIAN_POINT('',(52.5,65.1932596660864,40.8685442591831));
#12060=CARTESIAN_POINT('',(51.4364917404343,66.047508317769,40.8685442591831));
#12061=CARTESIAN_POINT('Origin',(49.5,62.5475083550219,40.8685442591831));
#12062=CARTESIAN_POINT('',(52.5,66.047508317769,40.8685442591831));
#12063=CARTESIAN_POINT('',(52.5,34.547508317769,40.8685442591831));
#12064=CARTESIAN_POINT('',(2.66453525910042E-14,66.047508317769,40.8685442591831));
#12065=CARTESIAN_POINT('Origin',(-5.5000001043081,68.547508317769,44.3685445125028));
#12066=CARTESIAN_POINT('',(-5.5000001043081,66.047508317769,45.8685445125028));
#12067=CARTESIAN_POINT('',(-5.5000001043081,68.547508317769,45.8685445125028));
#12068=CARTESIAN_POINT('Origin',(-5.5000001043081,66.047508317769,44.3685445125028));
#12069=CARTESIAN_POINT('Origin',(7.50000011175874,68.547508317769,45.8685445125028));
#12070=CARTESIAN_POINT('',(6.00000011175874,66.047508317769,45.8685445125028));
#12071=CARTESIAN_POINT('',(6.00000011175874,68.547508317769,45.8685445125028));
#12072=CARTESIAN_POINT('',(3.75000005587938,66.047508317769,45.8685445125028));
#12073=CARTESIAN_POINT('Origin',(6.00000011175874,68.547508317769,44.3685445125028));
#12074=CARTESIAN_POINT('',(7.50000011175874,66.047508317769,44.3685445125028));
#12075=CARTESIAN_POINT('',(7.50000011175874,68.547508317769,44.3685445125028));
#12076=CARTESIAN_POINT('Origin',(6.00000011175874,66.047508317769,44.3685445125028));
#12077=CARTESIAN_POINT('Origin',(7.50000011175874,68.547508317769,37.8685443932935));
#12078=CARTESIAN_POINT('',(7.50000011175874,66.047508317769,33.3749507867893));
#12079=CARTESIAN_POINT('Origin',(2.66453525910042E-14,66.047508317769,28.8813571802851));
#12080=CARTESIAN_POINT('',(47.5635082595657,66.047508317769,69.1813571802851));
#12081=CARTESIAN_POINT('',(47.5635082595658,66.047508317769,40.8685442591831));
#12082=CARTESIAN_POINT('',(-47.5635082595657,66.047508317769,69.1813571802851));
#12083=CARTESIAN_POINT('',(2.66453525910042E-14,66.047508317769,69.1813571802851));
#12084=CARTESIAN_POINT('',(-47.5635082595657,66.047508317769,40.8685442591831));
#12085=CARTESIAN_POINT('Origin',(29.,43.6975083177689,68.4770631862827));
#12086=CARTESIAN_POINT('',(29.,45.86257182723,67.2270631862827));
#12087=CARTESIAN_POINT('',(29.,43.6975083177689,68.4770631862827));
#12088=CARTESIAN_POINT('',(29.,37.56257182723,52.8510414834611));
#12089=CARTESIAN_POINT('',(29.,46.78757182723,68.8292101832839));
#12090=CARTESIAN_POINT('',(29.,35.397508317769,54.1010414834611));
#12091=CARTESIAN_POINT('Origin',(-29.,43.6975083177689,68.4770631862827));
#12092=CARTESIAN_POINT('',(-29.,45.86257182723,67.2270631862827));
#12093=CARTESIAN_POINT('',(-29.,43.6975083177689,68.4770631862827));
#12094=CARTESIAN_POINT('',(-14.5,45.86257182723,67.2270631862827));
#12095=CARTESIAN_POINT('Origin',(33.35,46.1233413426887,70.0787292361222));
#12096=CARTESIAN_POINT('',(33.35,36.26257182723,50.5993754336215));
#12097=CARTESIAN_POINT('',(33.35,46.990883990743,69.1813571802851));
#12098=CARTESIAN_POINT('',(33.35,47.4375718272301,69.9550432082037));
#12099=CARTESIAN_POINT('',(33.35,35.2233413426887,51.1993754336215));
#12100=CARTESIAN_POINT('',(33.35,35.2233413426887,51.1993754336215));
#12101=CARTESIAN_POINT('',(33.35,46.1233413426887,70.0787292361222));
#12102=CARTESIAN_POINT('',(33.35,46.1233413426887,70.0787292361222));
#12103=CARTESIAN_POINT('',(33.35,47.6776353366911,69.1813571802851));
#12104=CARTESIAN_POINT('',(33.35,46.1233413426887,70.0787292361222));
#12105=CARTESIAN_POINT('',(33.35,57.3354248302288,69.1813571802851));
#12106=CARTESIAN_POINT('Origin',(29.85,46.1233413426887,70.0787292361222));
#12107=CARTESIAN_POINT('',(29.85,47.6776353366911,69.1813571802851));
#12108=CARTESIAN_POINT('',(14.925,47.6776353366911,69.1813571802851));
#12109=CARTESIAN_POINT('',(29.85,46.1233413426887,70.0787292361222));
#12110=CARTESIAN_POINT('',(29.85,46.1233413426887,70.0787292361222));
#12111=CARTESIAN_POINT('',(29.85,46.2099438830672,70.0287292361222));
#12112=CARTESIAN_POINT('',(29.85,46.1233413426887,70.0787292361222));
#12113=CARTESIAN_POINT('',(29.85,47.16257182723,69.4787292361222));
#12114=CARTESIAN_POINT('',(29.85,46.6429565849594,69.7787292361222));
#12115=CARTESIAN_POINT('',(29.85,46.1233413426887,70.0787292361222));
#12116=CARTESIAN_POINT('Origin',(29.85,35.2233413426887,51.1993754336215));
#12117=CARTESIAN_POINT('',(29.85,46.990883990743,69.1813571802851));
#12118=CARTESIAN_POINT('',(29.85,51.8854248302288,69.1813571802851));
#12119=CARTESIAN_POINT('',(29.85,47.23757182723,69.6086330466899));
#12120=CARTESIAN_POINT('Origin',(29.85,35.2233413426887,51.1993754336215));
#12121=CARTESIAN_POINT('',(29.85,35.3099438830672,51.1493754336215));
#12122=CARTESIAN_POINT('',(29.85,46.2849438830672,70.15863304669));
#12123=CARTESIAN_POINT('',(29.85,35.2233413426887,51.1993754336215));
#12124=CARTESIAN_POINT('',(29.85,35.2233413426887,51.1993754336215));
#12125=CARTESIAN_POINT('',(29.85,35.2233413426887,51.1993754336215));
#12126=CARTESIAN_POINT('Origin',(33.35,35.2233413426887,51.1993754336215));
#12127=CARTESIAN_POINT('',(29.85,36.26257182723,50.5993754336215));
#12128=CARTESIAN_POINT('',(16.675,36.26257182723,50.5993754336215));
#12129=CARTESIAN_POINT('',(29.85,35.7429565849594,50.8993754336215));
#12130=CARTESIAN_POINT('',(33.35,35.2233413426887,51.1993754336215));
#12131=CARTESIAN_POINT('Origin',(31.6,40.6733413426887,60.6390523348719));
#12132=CARTESIAN_POINT('Origin',(2.66453525910042E-14,68.547508317769,69.1813571802851));
#12133=CARTESIAN_POINT('',(-40.85,46.990883990743,69.1813571802851));
#12134=CARTESIAN_POINT('',(2.66453525910042E-14,46.990883990743,69.1813571802851));
#12135=CARTESIAN_POINT('',(-52.5,46.990883990743,69.1813571802851));
#12136=CARTESIAN_POINT('',(2.66453525910042E-14,46.990883990743,69.1813571802851));
#12137=CARTESIAN_POINT('',(-52.5,59.9017570439573,69.1813571802851));
#12138=CARTESIAN_POINT('',(-52.5,51.547508317769,69.1813571802851));
#12139=CARTESIAN_POINT('Origin',(-49.5,62.5475083550219,69.1813571802851));
#12140=CARTESIAN_POINT('',(52.5,59.9017570439573,69.1813571802851));
#12141=CARTESIAN_POINT('Origin',(49.5,62.5475083550219,69.1813571802851));
#12142=CARTESIAN_POINT('',(52.5,46.990883990743,69.1813571802851));
#12143=CARTESIAN_POINT('',(52.5,51.547508317769,69.1813571802851));
#12144=CARTESIAN_POINT('',(2.66453525910042E-14,46.990883990743,69.1813571802851));
#12145=CARTESIAN_POINT('Origin',(29.85,36.18757182723,50.4694716230538));
#12146=CARTESIAN_POINT('',(29.85,46.2849438830672,70.1586330466899));
#12147=CARTESIAN_POINT('',(29.85,46.2849438830672,70.15863304669));
#12148=CARTESIAN_POINT('',(29.85,47.23757182723,69.6086330466899));
#12149=CARTESIAN_POINT('',(29.85,47.23757182723,69.6086330466899));
#12150=CARTESIAN_POINT('',(29.85,47.23757182723,69.6086330466899));
#12151=CARTESIAN_POINT('Origin',(-5.49999999999997,41.71257182723,60.0390523348719));
#12152=CARTESIAN_POINT('',(-40.85,47.23757182723,69.6086330466899));
#12153=CARTESIAN_POINT('',(-40.85,47.23757182723,69.6086330466899));
#12154=CARTESIAN_POINT('',(-40.85,36.18757182723,50.4694716230538));
#12155=CARTESIAN_POINT('Origin',(29.5,46.31257182723,68.0064860496887));
#12156=CARTESIAN_POINT('',(29.5,46.31257182723,68.0064860496887));
#12157=CARTESIAN_POINT('',(29.5,37.11257182723,52.071618620055));
#12158=CARTESIAN_POINT('',(29.5,47.01257182723,69.2189216149869));
#12159=CARTESIAN_POINT('',(29.5,45.3599438830672,68.5564860496887));
#12160=CARTESIAN_POINT('',(29.5,46.31257182723,68.0064860496887));
#12161=CARTESIAN_POINT('',(29.5,36.1599438830672,52.621618620055));
#12162=CARTESIAN_POINT('',(29.5,45.3599438830672,68.5564860496887));
#12163=CARTESIAN_POINT('',(29.5,37.11257182723,52.071618620055));
#12164=CARTESIAN_POINT('Origin',(-33.5,46.31257182723,68.0064860496887));
#12165=CARTESIAN_POINT('',(-33.5,46.31257182723,68.0064860496887));
#12166=CARTESIAN_POINT('',(-16.75,46.31257182723,68.0064860496887));
#12167=CARTESIAN_POINT('',(-33.5,45.3599438830672,68.5564860496887));
#12168=CARTESIAN_POINT('',(-33.5,46.31257182723,68.0064860496887));
#12169=CARTESIAN_POINT('',(-33.5,45.3599438830672,68.5564860496887));
#12170=CARTESIAN_POINT('Origin',(-33.5,37.11257182723,52.071618620055));
#12171=CARTESIAN_POINT('',(-33.5,37.11257182723,52.071618620055));
#12172=CARTESIAN_POINT('',(-33.5,42.41257182723,61.2514879001701));
#12173=CARTESIAN_POINT('',(-33.5,36.1599438830672,52.621618620055));
#12174=CARTESIAN_POINT('',(-33.5,37.11257182723,52.071618620055));
#12175=CARTESIAN_POINT('',(-33.5,36.1599438830672,52.621618620055));
#12176=CARTESIAN_POINT('Origin',(29.5,37.11257182723,52.071618620055));
#12177=CARTESIAN_POINT('',(14.75,37.11257182723,52.071618620055));
#12178=CARTESIAN_POINT('',(29.5,36.1599438830672,52.621618620055));
#12179=CARTESIAN_POINT('Origin',(-40.85,36.18757182723,50.4694716230538));
#12180=CARTESIAN_POINT('',(-40.85,36.18757182723,50.4694716230538));
#12181=CARTESIAN_POINT('',(29.85,36.18757182723,50.4694716230538));
#12182=CARTESIAN_POINT('',(-20.425,36.18757182723,50.4694716230538));
#12183=CARTESIAN_POINT('',(-40.85,35.2349438830672,51.0194716230538));
#12184=CARTESIAN_POINT('',(-40.85,36.18757182723,50.4694716230538));
#12185=CARTESIAN_POINT('',(29.85,35.2349438830672,51.0194716230538));
#12186=CARTESIAN_POINT('',(29.85,35.2349438830672,51.0194716230538));
#12187=CARTESIAN_POINT('',(29.85,36.18757182723,50.4694716230538));
#12188=CARTESIAN_POINT('Origin',(-40.85,47.2375718272301,69.6086330466899));
#12189=CARTESIAN_POINT('',(-40.85,47.4750718272301,70.0199951134876));
#12190=CARTESIAN_POINT('',(-40.85,46.2849438830672,70.1586330466899));
#12191=CARTESIAN_POINT('',(-40.85,47.23757182723,69.6086330466899));
#12192=CARTESIAN_POINT('',(-40.85,35.2349438830672,51.0194716230538));
#12193=CARTESIAN_POINT('Origin',(29.85,47.23757182723,69.6086330466899));
#12194=CARTESIAN_POINT('',(-40.85,46.2849438830672,70.15863304669));
#12195=CARTESIAN_POINT('Origin',(29.85,36.18757182723,50.4694716230538));
#12196=CARTESIAN_POINT('',(29.85,41.95007182723,60.4504144016695));
#12197=CARTESIAN_POINT('',(29.85,46.2849438830672,70.15863304669));
#12198=CARTESIAN_POINT('Origin',(-5.49999999999997,40.7599438830672,60.5890523348719));
#12199=CARTESIAN_POINT('Origin',(2.66453525910042E-14,47.7125718272301,
70.4313571802851));
#12200=CARTESIAN_POINT('',(-29.,37.56257182723,52.8510414834611));
#12201=CARTESIAN_POINT('',(-29.,42.63757182723,61.6411993318731));
#12202=CARTESIAN_POINT('',(14.5,37.5625718272301,52.8510414834611));
#12203=CARTESIAN_POINT('Origin',(-29.,35.397508317769,54.1010414834611));
#12204=CARTESIAN_POINT('',(-29.,35.397508317769,54.1010414834611));
#12205=CARTESIAN_POINT('Origin',(29.,35.397508317769,54.1010414834611));
#12206=CARTESIAN_POINT('Origin',(-16.525,11.5475083177689,43.9685442591831));
#12207=CARTESIAN_POINT('',(-16.525,25.5475083177689,42.4685442591831));
#12208=CARTESIAN_POINT('',(-16.525,11.5475083177689,42.4685442591831));
#12209=CARTESIAN_POINT('',(-16.525,20.5475083177689,42.4685442591831));
#12210=CARTESIAN_POINT('',(-16.525,25.5475083177689,43.9685442591831));
#12211=CARTESIAN_POINT('',(-16.525,25.5475083177689,43.9685442591831));
#12212=CARTESIAN_POINT('',(-16.525,11.5475083177689,43.9685442591831));
#12213=CARTESIAN_POINT('',(-16.525,20.5475083177689,43.9685442591831));
#12214=CARTESIAN_POINT('',(-16.525,11.5475083177689,43.9685442591831));
#12215=CARTESIAN_POINT('Origin',(-2.52499999999997,11.5475083177689,43.9685442591831));
#12216=CARTESIAN_POINT('',(-2.52499999999997,11.5475083177689,42.4685442591831));
#12217=CARTESIAN_POINT('',(-1.26249999999997,11.5475083177689,42.4685442591831));
#12218=CARTESIAN_POINT('',(-2.52499999999997,11.5475083177689,43.9685442591831));
#12219=CARTESIAN_POINT('',(-1.26249999999997,11.5475083177689,43.9685442591831));
#12220=CARTESIAN_POINT('',(-2.52499999999997,11.5475083177689,43.9685442591831));
#12221=CARTESIAN_POINT('Origin',(-2.52499999999997,25.5475083177689,43.9685442591831));
#12222=CARTESIAN_POINT('',(-2.52499999999997,25.5475083177689,42.4685442591831));
#12223=CARTESIAN_POINT('',(-2.52499999999997,27.547508317769,42.4685442591831));
#12224=CARTESIAN_POINT('',(-2.52499999999997,25.5475083177689,43.9685442591831));
#12225=CARTESIAN_POINT('',(-2.52499999999997,27.547508317769,43.9685442591831));
#12226=CARTESIAN_POINT('',(-2.52499999999997,25.5475083177689,43.9685442591831));
#12227=CARTESIAN_POINT('Origin',(-16.525,25.5475083177689,43.9685442591831));
#12228=CARTESIAN_POINT('',(-8.26249999999997,25.5475083177689,42.4685442591831));
#12229=CARTESIAN_POINT('',(-8.26249999999997,25.5475083177689,43.9685442591831));
#12230=CARTESIAN_POINT('Origin',(2.52500000000003,11.5475083177689,43.9685442591831));
#12231=CARTESIAN_POINT('',(2.52500000000003,25.5475083177689,42.4685442591831));
#12232=CARTESIAN_POINT('',(2.52500000000003,11.5475083177689,42.4685442591831));
#12233=CARTESIAN_POINT('',(2.52500000000003,20.5475083177689,42.4685442591831));
#12234=CARTESIAN_POINT('',(2.52500000000003,25.5475083177689,43.9685442591831));
#12235=CARTESIAN_POINT('',(2.52500000000003,25.5475083177689,43.9685442591831));
#12236=CARTESIAN_POINT('',(2.52500000000003,11.5475083177689,43.9685442591831));
#12237=CARTESIAN_POINT('',(2.52500000000003,20.5475083177689,43.9685442591831));
#12238=CARTESIAN_POINT('',(2.52500000000003,11.5475083177689,43.9685442591831));
#12239=CARTESIAN_POINT('Origin',(16.525,11.5475083177689,43.9685442591831));
#12240=CARTESIAN_POINT('',(16.525,11.5475083177689,42.4685442591831));
#12241=CARTESIAN_POINT('',(8.26250000000003,11.5475083177689,42.4685442591831));
#12242=CARTESIAN_POINT('',(16.525,11.5475083177689,43.9685442591831));
#12243=CARTESIAN_POINT('',(8.26250000000003,11.5475083177689,43.9685442591831));
#12244=CARTESIAN_POINT('',(16.525,11.5475083177689,43.9685442591831));
#12245=CARTESIAN_POINT('Origin',(16.525,25.5475083177689,43.9685442591831));
#12246=CARTESIAN_POINT('',(16.525,25.5475083177689,42.4685442591831));
#12247=CARTESIAN_POINT('',(16.525,27.547508317769,42.4685442591831));
#12248=CARTESIAN_POINT('',(16.525,25.5475083177689,43.9685442591831));
#12249=CARTESIAN_POINT('',(16.525,27.547508317769,43.9685442591831));
#12250=CARTESIAN_POINT('',(16.525,25.5475083177689,43.9685442591831));
#12251=CARTESIAN_POINT('Origin',(2.52500000000003,25.5475083177689,43.9685442591831));
#12252=CARTESIAN_POINT('',(1.26250000000003,25.5475083177689,42.4685442591831));
#12253=CARTESIAN_POINT('',(1.26250000000003,25.5475083177689,43.9685442591831));
#12254=CARTESIAN_POINT('Origin',(-35.575,11.5475083177689,43.9685442591831));
#12255=CARTESIAN_POINT('',(-35.575,25.5475083177689,42.4685442591831));
#12256=CARTESIAN_POINT('',(-35.575,11.5475083177689,42.4685442591831));
#12257=CARTESIAN_POINT('',(-35.575,20.5475083177689,42.4685442591831));
#12258=CARTESIAN_POINT('',(-35.575,25.5475083177689,43.9685442591831));
#12259=CARTESIAN_POINT('',(-35.575,25.5475083177689,43.9685442591831));
#12260=CARTESIAN_POINT('',(-35.575,11.5475083177689,43.9685442591831));
#12261=CARTESIAN_POINT('',(-35.575,20.5475083177689,43.9685442591831));
#12262=CARTESIAN_POINT('',(-35.575,11.5475083177689,43.9685442591831));
#12263=CARTESIAN_POINT('Origin',(-21.575,11.5475083177689,43.9685442591831));
#12264=CARTESIAN_POINT('',(-21.575,11.5475083177689,42.4685442591831));
#12265=CARTESIAN_POINT('',(-10.7875,11.5475083177689,42.4685442591831));
#12266=CARTESIAN_POINT('',(-21.575,11.5475083177689,43.9685442591831));
#12267=CARTESIAN_POINT('',(-10.7875,11.5475083177689,43.9685442591831));
#12268=CARTESIAN_POINT('',(-21.575,11.5475083177689,43.9685442591831));
#12269=CARTESIAN_POINT('Origin',(-21.575,25.5475083177689,43.9685442591831));
#12270=CARTESIAN_POINT('',(-21.575,25.5475083177689,42.4685442591831));
#12271=CARTESIAN_POINT('',(-21.575,27.547508317769,42.4685442591831));
#12272=CARTESIAN_POINT('',(-21.575,25.5475083177689,43.9685442591831));
#12273=CARTESIAN_POINT('',(-21.575,27.547508317769,43.9685442591831));
#12274=CARTESIAN_POINT('',(-21.575,25.5475083177689,43.9685442591831));
#12275=CARTESIAN_POINT('Origin',(-35.575,25.5475083177689,43.9685442591831));
#12276=CARTESIAN_POINT('',(-17.7875,25.5475083177689,42.4685442591831));
#12277=CARTESIAN_POINT('',(-17.7875,25.5475083177689,43.9685442591831));
#12278=CARTESIAN_POINT('Origin',(21.575,11.5475083177689,43.9685442591831));
#12279=CARTESIAN_POINT('',(21.575,25.5475083177689,42.4685442591831));
#12280=CARTESIAN_POINT('',(21.575,11.5475083177689,42.4685442591831));
#12281=CARTESIAN_POINT('',(21.575,20.5475083177689,42.4685442591831));
#12282=CARTESIAN_POINT('',(21.575,25.5475083177689,43.9685442591831));
#12283=CARTESIAN_POINT('',(21.575,25.5475083177689,43.9685442591831));
#12284=CARTESIAN_POINT('',(21.575,11.5475083177689,43.9685442591831));
#12285=CARTESIAN_POINT('',(21.575,20.5475083177689,43.9685442591831));
#12286=CARTESIAN_POINT('',(21.575,11.5475083177689,43.9685442591831));
#12287=CARTESIAN_POINT('Origin',(35.575,11.5475083177689,43.9685442591831));
#12288=CARTESIAN_POINT('',(35.575,11.5475083177689,42.4685442591831));
#12289=CARTESIAN_POINT('',(17.7875,11.5475083177689,42.4685442591831));
#12290=CARTESIAN_POINT('',(35.575,11.5475083177689,43.9685442591831));
#12291=CARTESIAN_POINT('',(17.7875,11.5475083177689,43.9685442591831));
#12292=CARTESIAN_POINT('',(35.575,11.5475083177689,43.9685442591831));
#12293=CARTESIAN_POINT('Origin',(35.575,25.5475083177689,43.9685442591831));
#12294=CARTESIAN_POINT('',(35.575,25.5475083177689,42.4685442591831));
#12295=CARTESIAN_POINT('',(35.575,27.547508317769,42.4685442591831));
#12296=CARTESIAN_POINT('',(35.575,25.5475083177689,43.9685442591831));
#12297=CARTESIAN_POINT('',(35.575,27.547508317769,43.9685442591831));
#12298=CARTESIAN_POINT('',(35.575,25.5475083177689,43.9685442591831));
#12299=CARTESIAN_POINT('Origin',(21.575,25.5475083177689,43.9685442591831));
#12300=CARTESIAN_POINT('',(10.7875,25.5475083177689,42.4685442591831));
#12301=CARTESIAN_POINT('',(10.7875,25.5475083177689,43.9685442591831));
#12302=CARTESIAN_POINT('Origin',(49.5,62.5475083550219,45.8685442591831));
#12303=CARTESIAN_POINT('',(51.6,62.5475083550219,45.8685442591831));
#12304=CARTESIAN_POINT('Origin',(49.5,62.5475083550219,45.8685442591831));
#12305=CARTESIAN_POINT('',(51.2,62.5475083550219,45.8685442591831));
#12306=CARTESIAN_POINT('Origin',(49.5,62.5475083550219,45.8685442591831));
#12307=CARTESIAN_POINT('Origin',(49.5,62.5475083550219,43.3685442591831));
#12308=CARTESIAN_POINT('',(51.6,62.5475083550219,43.3685442591831));
#12309=CARTESIAN_POINT('Origin',(49.5,62.5475083550219,44.8685442591831));
#12310=CARTESIAN_POINT('',(51.2,62.5475083550219,48.8685442591831));
#12311=CARTESIAN_POINT('',(51.2,62.5475083550219,44.8685442591831));
#12312=CARTESIAN_POINT('Origin',(49.5,62.5475083550219,48.8685442591831));
#12313=CARTESIAN_POINT('Origin',(49.5,62.5475083550219,48.8685442591831));
#12314=CARTESIAN_POINT('Origin',(-49.5,62.5475083550219,45.8685442591831));
#12315=CARTESIAN_POINT('',(-47.4,62.5475083550219,45.8685442591831));
#12316=CARTESIAN_POINT('Origin',(-49.5,62.5475083550219,45.8685442591831));
#12317=CARTESIAN_POINT('',(-47.8,62.5475083550219,45.8685442591831));
#12318=CARTESIAN_POINT('Origin',(-49.5,62.5475083550219,45.8685442591831));
#12319=CARTESIAN_POINT('Origin',(-49.5,62.5475083550219,43.3685442591831));
#12320=CARTESIAN_POINT('',(-47.4,62.5475083550219,43.3685442591831));
#12321=CARTESIAN_POINT('Origin',(-49.5,62.5475083550219,44.8685442591831));
#12322=CARTESIAN_POINT('',(-47.8,62.5475083550219,48.8685442591831));
#12323=CARTESIAN_POINT('',(-47.8,62.5475083550219,44.8685442591831));
#12324=CARTESIAN_POINT('Origin',(-49.5,62.5475083550219,48.8685442591831));
#12325=CARTESIAN_POINT('Origin',(-49.5,62.5475083550219,48.8685442591831));
#12326=CARTESIAN_POINT('Origin',(49.5,36.5475083550219,45.8685442591831));
#12327=CARTESIAN_POINT('',(51.6,36.5475083550219,45.8685442591831));
#12328=CARTESIAN_POINT('Origin',(49.5,36.5475083550219,45.8685442591831));
#12329=CARTESIAN_POINT('',(51.2,36.5475083550219,45.8685442591831));
#12330=CARTESIAN_POINT('Origin',(49.5,36.5475083550219,45.8685442591831));
#12331=CARTESIAN_POINT('Origin',(49.5,36.5475083550219,43.3685442591831));
#12332=CARTESIAN_POINT('',(51.6,36.5475083550219,43.3685442591831));
#12333=CARTESIAN_POINT('Origin',(49.5,36.5475083550219,44.8685442591831));
#12334=CARTESIAN_POINT('',(51.2,36.5475083550219,48.8685442591831));
#12335=CARTESIAN_POINT('',(51.2,36.5475083550219,44.8685442591831));
#12336=CARTESIAN_POINT('Origin',(49.5,36.5475083550219,48.8685442591831));
#12337=CARTESIAN_POINT('Origin',(49.5,36.5475083550219,48.8685442591831));
#12338=CARTESIAN_POINT('Origin',(-49.5,36.5475083550219,45.8685442591831));
#12339=CARTESIAN_POINT('',(-47.4,36.5475083550219,45.8685442591831));
#12340=CARTESIAN_POINT('Origin',(-49.5,36.5475083550219,45.8685442591831));
#12341=CARTESIAN_POINT('',(-47.8,36.5475083550219,45.8685442591831));
#12342=CARTESIAN_POINT('Origin',(-49.5,36.5475083550219,45.8685442591831));
#12343=CARTESIAN_POINT('Origin',(-49.5,36.5475083550219,43.3685442591831));
#12344=CARTESIAN_POINT('',(-47.4,36.5475083550219,43.3685442591831));
#12345=CARTESIAN_POINT('Origin',(-49.5,36.5475083550219,44.8685442591831));
#12346=CARTESIAN_POINT('',(-47.8,36.5475083550219,48.8685442591831));
#12347=CARTESIAN_POINT('',(-47.8,36.5475083550219,44.8685442591831));
#12348=CARTESIAN_POINT('Origin',(-49.5,36.5475083550219,48.8685442591831));
#12349=CARTESIAN_POINT('Origin',(-49.5,36.5475083550219,48.8685442591831));
#12350=CARTESIAN_POINT('Origin',(-49.5,36.5475083550219,40.8685442591831));
#12351=CARTESIAN_POINT('',(-52.5,39.1932596660864,55.675475671645));
#12352=CARTESIAN_POINT('',(-52.5,39.1932596660864,40.8685442591831));
#12353=CARTESIAN_POINT('',(-52.5,33.9017570439573,46.5103242817334));
#12354=CARTESIAN_POINT('Origin',(-49.5,36.5475083550219,51.0928999766892));
#12355=CARTESIAN_POINT('',(-52.5,33.9017570439573,40.8685442591831));
#12356=CARTESIAN_POINT('Origin',(-52.5,34.547508317769,50.2749507197341));
#12357=CARTESIAN_POINT('',(-52.5,30.990883990743,41.4685442591831));
#12358=CARTESIAN_POINT('',(-52.5,41.7029488775869,60.0223848971713));
#12359=CARTESIAN_POINT('',(-52.5,30.990883990743,42.4685442591831));
#12360=CARTESIAN_POINT('',(-52.5,30.990883990743,41.4685442591831));
#12361=CARTESIAN_POINT('',(-52.5,3.04750831776895,42.4685442591831));
#12362=CARTESIAN_POINT('',(-52.5,32.047508317769,42.4685442591831));
#12363=CARTESIAN_POINT('',(-52.5,3.04750831776895,41.4685442591831));
#12364=CARTESIAN_POINT('Origin',(49.5,36.5475083550219,40.8685442591831));
#12365=CARTESIAN_POINT('',(52.5,39.1932596660864,55.675475671645));
#12366=CARTESIAN_POINT('',(52.5,39.1932596660864,40.8685442591831));
#12367=CARTESIAN_POINT('',(52.5,33.9017570439573,46.5103242817333));
#12368=CARTESIAN_POINT('',(52.5,33.9017570439573,40.8685442591831));
#12369=CARTESIAN_POINT('Origin',(49.5,36.5475083550219,51.0928999766892));
#12370=CARTESIAN_POINT('Origin',(2.66453525910042E-14,47.7125718272301,
70.4313571802851));
#12371=CARTESIAN_POINT('',(52.5,41.7029488775869,60.0223848971713));
#12372=CARTESIAN_POINT('',(52.5,30.990883990743,41.4685442591831));
#12373=CARTESIAN_POINT('',(52.5,41.7029488775869,60.0223848971713));
#12374=CARTESIAN_POINT('',(2.66453525910042E-14,30.990883990743,41.4685442591831));
#12375=CARTESIAN_POINT('',(-52.5,41.7029488775869,60.0223848971713));
#12376=CARTESIAN_POINT('Origin',(52.5,34.547508317769,50.2749507197341));
#12377=CARTESIAN_POINT('',(52.5,3.04750831776895,42.4685442591831));
#12378=CARTESIAN_POINT('',(52.5,3.04750831776895,47.1217474894586));
#12379=CARTESIAN_POINT('',(52.5,30.990883990743,42.4685442591831));
#12380=CARTESIAN_POINT('',(52.5,32.047508317769,42.4685442591831));
#12381=CARTESIAN_POINT('',(52.5,30.990883990743,41.4685442591831));
#12382=CARTESIAN_POINT('Origin',(49.5,62.5475083550219,40.8685442591831));
#12383=CARTESIAN_POINT('',(51.4364917404343,66.047508317769,69.1813571802851));
#12384=CARTESIAN_POINT('',(51.4364917404343,66.047508317769,40.8685442591831));
#12385=CARTESIAN_POINT('',(52.5,65.1932596660864,69.1813571802851));
#12386=CARTESIAN_POINT('Origin',(49.5,62.5475083550219,69.1813571802851));
#12387=CARTESIAN_POINT('',(52.5,65.1932596660864,40.8685442591831));
#12388=CARTESIAN_POINT('Origin',(49.5,62.5475083550219,40.8685442591831));
#12389=CARTESIAN_POINT('',(52.5,59.9017570439573,40.8685442591831));
#12390=CARTESIAN_POINT('Origin',(2.66453525910042E-14,66.047508317769,28.8813571802851));
#12391=CARTESIAN_POINT('',(52.5,66.047508317769,69.1813571802851));
#12392=CARTESIAN_POINT('',(52.5,66.047508317769,39.5781539500096));
#12393=CARTESIAN_POINT('',(2.66453525910042E-14,66.047508317769,69.1813571802851));
#12394=CARTESIAN_POINT('Origin',(2.66453525910042E-14,68.547508317769,69.1813571802851));
#12395=CARTESIAN_POINT('',(52.5,51.547508317769,69.1813571802851));
#12396=CARTESIAN_POINT('Origin',(52.5,34.547508317769,50.2749507197341));
#12397=CARTESIAN_POINT('Origin',(-49.5,62.5475083550219,40.8685442591831));
#12398=CARTESIAN_POINT('',(-52.5,59.9017570439573,40.8685442591831));
#12399=CARTESIAN_POINT('Origin',(-49.5,62.5475083550219,40.8685442591831));
#12400=CARTESIAN_POINT('',(-52.5,65.1932596660864,69.1813571802851));
#12401=CARTESIAN_POINT('',(-52.5,65.1932596660864,40.8685442591831));
#12402=CARTESIAN_POINT('',(-51.4364917404343,66.047508317769,69.1813571802851));
#12403=CARTESIAN_POINT('Origin',(-49.5,62.5475083550219,69.1813571802851));
#12404=CARTESIAN_POINT('',(-51.4364917404342,66.047508317769,40.8685442591831));
#12405=CARTESIAN_POINT('Origin',(-52.5,34.547508317769,50.2749507197341));
#12406=CARTESIAN_POINT('Origin',(52.5,34.547508317769,50.2749507197341));
#12407=CARTESIAN_POINT('Origin',(2.66453525910042E-14,3.04750831776895,
43.9685442591831));
#12408=CARTESIAN_POINT('',(2.66453525910042E-14,3.04750831776895,42.4685442591831));
#12409=CARTESIAN_POINT('Origin',(52.5,30.990883990743,41.4685442591831));
#12410=CARTESIAN_POINT('',(2.66453525910042E-14,30.990883990743,42.4685442591831));
#12411=CARTESIAN_POINT('Origin',(2.66453525910042E-14,29.547508317769,42.4685442591831));
#12412=CARTESIAN_POINT('Origin',(-52.5,34.547508317769,50.2749507197341));
#12413=CARTESIAN_POINT('',(-52.5,66.047508317769,69.1813571802851));
#12414=CARTESIAN_POINT('',(-52.5,66.047508317769,39.5781539500096));
#12415=CARTESIAN_POINT('',(-52.5,51.547508317769,69.1813571802851));
#12416=CARTESIAN_POINT('Origin',(2.66453525910042E-14,68.547508317769,69.1813571802851));
#12417=CARTESIAN_POINT('',(2.66453525910042E-14,66.047508317769,69.1813571802851));
#12418=CARTESIAN_POINT('Origin',(2.66453525910042E-14,66.047508317769,28.8813571802851));
#12419=CARTESIAN_POINT('Origin',(2.66453525910042E-14,29.547508317769,43.9685442591831));
#12420=UNCERTAINTY_MEASURE_WITH_UNIT(LENGTH_MEASURE(0.01),#12424,
'DISTANCE_ACCURACY_VALUE',
'Maximum model space distance between geometric entities at asserted c
onnectivities');
#12421=UNCERTAINTY_MEASURE_WITH_UNIT(LENGTH_MEASURE(0.01),#12424,
'DISTANCE_ACCURACY_VALUE',
'Maximum model space distance between geometric entities at asserted c
onnectivities');
#12422=(
GEOMETRIC_REPRESENTATION_CONTEXT(3)
GLOBAL_UNCERTAINTY_ASSIGNED_CONTEXT((#12420))
GLOBAL_UNIT_ASSIGNED_CONTEXT((#12424,#12426,#12427))
REPRESENTATION_CONTEXT('','3D')
);
#12423=(
GEOMETRIC_REPRESENTATION_CONTEXT(3)
GLOBAL_UNCERTAINTY_ASSIGNED_CONTEXT((#12421))
GLOBAL_UNIT_ASSIGNED_CONTEXT((#12424,#12426,#12427))
REPRESENTATION_CONTEXT('','3D')
);
#12424=(
LENGTH_UNIT()
NAMED_UNIT(*)
SI_UNIT(.MILLI.,.METRE.)
);
#12425=(
LENGTH_UNIT()
NAMED_UNIT(*)
SI_UNIT($,.METRE.)
);
#12426=(
NAMED_UNIT(*)
PLANE_ANGLE_UNIT()
SI_UNIT($,.RADIAN.)
);
#12427=(
NAMED_UNIT(*)
SI_UNIT($,.STERADIAN.)
SOLID_ANGLE_UNIT()
);
#12428=SHAPE_DEFINITION_REPRESENTATION(#12429,#12430);
#12429=PRODUCT_DEFINITION_SHAPE('',$,#12432);
#12430=SHAPE_REPRESENTATION('',(#7282),#12422);
#12431=PRODUCT_DEFINITION_CONTEXT('part definition',#12436,'design');
#12432=PRODUCT_DEFINITION('Untitled','Untitled v9',#12433,#12431);
#12433=PRODUCT_DEFINITION_FORMATION('',$,#12438);
#12434=PRODUCT_RELATED_PRODUCT_CATEGORY('Untitled v9','Untitled v9',(#12438));
#12435=APPLICATION_PROTOCOL_DEFINITION('international standard',
'automotive_design',2009,#12436);
#12436=APPLICATION_CONTEXT(
'Core Data for Automotive Mechanical Design Process');
#12437=PRODUCT_CONTEXT('part definition',#12436,'mechanical');
#12438=PRODUCT('Untitled','Untitled v9',$,(#12437));
#12439=PRESENTATION_STYLE_ASSIGNMENT((#12444));
#12440=PRESENTATION_STYLE_ASSIGNMENT((#12445));
#12441=PRESENTATION_STYLE_ASSIGNMENT((#12446));
#12442=PRESENTATION_STYLE_ASSIGNMENT((#12447));
#12443=PRESENTATION_STYLE_ASSIGNMENT((#12448));
#12444=SURFACE_STYLE_USAGE(.BOTH.,#12449);
#12445=SURFACE_STYLE_USAGE(.BOTH.,#12450);
#12446=SURFACE_STYLE_USAGE(.BOTH.,#12451);
#12447=SURFACE_STYLE_USAGE(.BOTH.,#12452);
#12448=SURFACE_STYLE_USAGE(.BOTH.,#12453);
#12449=SURFACE_SIDE_STYLE('',(#12454));
#12450=SURFACE_SIDE_STYLE('',(#12455));
#12451=SURFACE_SIDE_STYLE('',(#12456));
#12452=SURFACE_SIDE_STYLE('',(#12457));
#12453=SURFACE_SIDE_STYLE('',(#12458));
#12454=SURFACE_STYLE_FILL_AREA(#12459);
#12455=SURFACE_STYLE_FILL_AREA(#12460);
#12456=SURFACE_STYLE_FILL_AREA(#12461);
#12457=SURFACE_STYLE_FILL_AREA(#12462);
#12458=SURFACE_STYLE_FILL_AREA(#12463);
#12459=FILL_AREA_STYLE('Steel - Satin',(#12464));
#12460=FILL_AREA_STYLE('PEEK',(#12465));
#12461=FILL_AREA_STYLE('PEEK (1)',(#12466));
#12462=FILL_AREA_STYLE('Steel - Satin (1)',(#12467));
#12463=FILL_AREA_STYLE('PEEK (2)',(#12468));
#12464=FILL_AREA_STYLE_COLOUR('Steel - Satin',#12469);
#12465=FILL_AREA_STYLE_COLOUR('PEEK',#12470);
#12466=FILL_AREA_STYLE_COLOUR('PEEK (1)',#12471);
#12467=FILL_AREA_STYLE_COLOUR('Steel - Satin (1)',#12472);
#12468=FILL_AREA_STYLE_COLOUR('PEEK (2)',#12473);
#12469=COLOUR_RGB('Steel - Satin',0.627450980392157,0.627450980392157,0.627450980392157);
#12470=COLOUR_RGB('PEEK',0.917647058823529,0.87843137254902,0.784313725490196);
#12471=COLOUR_RGB('PEEK (1)',0.6,0.509803921568627,0.368627450980392);
#12472=COLOUR_RGB('Steel - Satin (1)',0.,0.,0.);
#12473=COLOUR_RGB('PEEK (2)',0.850980392156863,0.376470588235294,0.168627450980392);
ENDSEC;
END-ISO-10303-21;
